t,frame,x,y,yaw,gt_x,gt_y,gt_yaw
0.320,odom,2.5000,2.5000,0.0000,2.5000,2.5000,0.0000
0.400,odom,2.5000,2.5000,0.0000,2.5000,2.5000,0.0000
0.500,map,2.5000,2.5000,0.0076,2.5000,2.5000,0.0077
0.600,map,2.5000,2.5000,0.0303,2.5000,2.5000,0.0303
0.700,map,2.5000,2.5000,0.0683,2.5000,2.5000,0.0679
0.800,map,2.5000,2.5000,0.1209,2.5000,2.5000,0.1206
0.900,map,2.5000,2.5000,0.1893,2.5000,2.5000,0.1883
1.000,map,2.5000,2.5000,0.2731,2.5000,2.5000,0.2709
1.100,map,2.5000,2.5000,0.3641,2.5000,2.5000,0.3609
1.200,map,2.5000,2.5000,0.4547,2.5000,2.5000,0.4509
1.300,map,2.5000,2.5000,0.5434,2.5000,2.5000,0.5409
1.400,map,2.5000,2.5000,0.6324,2.5000,2.5000,0.6309
1.500,map,2.5000,2.5000,0.7224,2.5000,2.5000,0.7209
1.600,map,2.5000,2.5000,0.8135,2.5000,2.5000,0.8109
1.700,map,2.5000,2.5000,0.9051,2.5000,2.5000,0.9009
1.800,map,2.5000,2.5000,0.9950,2.5000,2.5000,0.9909
1.900,map,2.5012,2.5021,1.0842,2.5012,2.5021,1.0809
2.000,map,2.5043,2.5088,1.1713,2.5044,2.5089,1.1672
2.110,map,2.5091,2.5218,1.2534,2.5093,2.5219,1.2483
2.210,map,2.5140,2.5386,1.3159,2.5143,2.5386,1.3101
2.310,map,2.5191,2.5604,1.3662,2.5195,2.5605,1.3607
2.410,map,2.5241,2.5874,1.4081,2.5246,2.5874,1.4030
2.510,map,2.5287,2.6194,1.4435,2.5294,2.6195,1.4385
2.610,map,2.5329,2.6568,1.4736,2.5338,2.6567,1.4684
2.710,map,2.5365,2.6993,1.4985,2.5375,2.6990,1.4935
2.810,map,2.5392,2.7436,1.5193,2.5405,2.7434,1.5147
2.910,map,2.5411,2.7879,1.5373,2.5426,2.7880,1.5327
3.010,map,2.5422,2.8326,1.5524,2.5439,2.8328,1.5479
3.110,map,2.5534,2.8764,1.5621,2.5447,2.8776,1.5608
3.210,map,2.5547,2.9211,1.5730,2.5449,2.9225,1.5721
3.310,map,2.5543,2.9658,1.5832,2.5446,2.9674,1.5821
3.410,map,2.5536,3.0105,1.5916,2.5439,3.0123,1.5904
3.510,map,2.5525,3.0554,1.5989,2.5428,3.0573,1.5975
3.610,map,2.5511,3.1004,1.6049,2.5415,3.1022,1.6034
3.710,map,2.5494,3.1452,1.6099,2.5399,3.1471,1.6084
3.810,map,2.5476,3.1905,1.6141,2.5381,3.1921,1.6127
3.910,map,2.5455,3.2356,1.6177,2.5361,3.2370,1.6163
4.010,map,2.5433,3.2805,1.6208,2.5340,3.2820,1.6193
4.110,map,2.5411,3.3251,1.6230,2.5318,3.3269,1.6219
4.210,map,2.5387,3.3699,1.6254,2.5294,3.3718,1.6241
4.310,map,2.5362,3.4150,1.6273,2.5270,3.4168,1.6259
4.410,map,2.5336,3.4600,1.6287,2.5245,3.4617,1.6275
4.510,map,2.5309,3.5051,1.6301,2.5219,3.5066,1.6288
4.610,map,2.5282,3.5502,1.6312,2.5193,3.5515,1.6299
4.710,map,2.5255,3.5950,1.6320,2.5166,3.5965,1.6309
4.810,map,2.5227,3.6398,1.6327,2.5139,3.6414,1.6317
4.910,map,2.5200,3.6841,1.6339,2.5111,3.6863,1.6324
5.010,map,2.5171,3.7290,1.6346,2.5083,3.7312,1.6329
5.110,map,2.5142,3.7736,1.6351,2.5055,3.7761,1.6333
5.210,map,2.5113,3.8186,1.6353,2.5027,3.8210,1.6337
5.310,map,2.5084,3.8637,1.6356,2.4999,3.8659,1.6340
5.410,map,2.5055,3.9089,1.6360,2.4970,3.9109,1.6342
5.510,map,2.5025,3.9540,1.6363,2.4942,3.9558,1.6344
5.610,map,2.4996,3.9990,1.6362,2.4913,4.0007,1.6346
5.710,map,2.4966,4.0438,1.6361,2.4884,4.0456,1.6348
5.810,map,2.4937,4.0889,1.6359,2.4855,4.0905,1.6349
5.910,map,2.4907,4.1342,1.6365,2.4827,4.1354,1.6352
6.010,map,2.4878,4.1790,1.6365,2.4798,4.1803,1.6353
6.110,map,2.4848,4.2242,1.6365,2.4769,4.2252,1.6354
6.210,map,2.4818,4.2693,1.6364,2.4739,4.2701,1.6355
6.310,map,2.4789,4.3142,1.6362,2.4710,4.3150,1.6357
6.410,map,2.4760,4.3588,1.6364,2.4681,4.3599,1.6358
6.510,map,2.4730,4.4038,1.6361,2.4652,4.4048,1.6360
6.610,map,2.4700,4.4489,1.6364,2.4622,4.4497,1.6361
6.710,map,2.4671,4.4937,1.6366,2.4593,4.4946,1.6363
6.810,map,2.4642,4.5381,1.6365,2.4564,4.5395,1.6364
6.910,map,2.4613,4.5825,1.6370,2.4534,4.5844,1.6366
7.010,map,2.4583,4.6272,1.6372,2.4504,4.6293,1.6367
7.110,map,2.4553,4.6724,1.6370,2.4475,4.6743,1.6367
7.210,map,2.4523,4.7171,1.6371,2.4445,4.7192,1.6368
7.310,map,2.4493,4.7623,1.6371,2.4415,4.7641,1.6368
7.410,map,2.4463,4.8074,1.6370,2.4386,4.8090,1.6368
7.510,map,2.4434,4.8521,1.6369,2.4356,4.8539,1.6369
7.610,map,2.4404,4.8970,1.6369,2.4326,4.8988,1.6369
7.710,map,2.4374,4.9418,1.6369,2.4297,4.9437,1.6370
7.810,map,2.4345,4.9866,1.6371,2.4267,4.9886,1.6371
7.910,map,2.4315,5.0310,1.6373,2.4237,5.0335,1.6372
8.010,map,2.4286,5.0753,1.6370,2.4207,5.0784,1.6372
8.110,map,2.4256,5.1203,1.6369,2.4177,5.1233,1.6372
8.210,map,2.4226,5.1654,1.6368,2.4147,5.1682,1.6373
8.310,map,2.4178,5.2117,1.6373,2.4117,5.2131,1.6374
8.410,map,2.4066,5.2650,1.6376,2.4088,5.2580,1.6374
8.510,map,2.4037,5.3096,1.6373,2.4058,5.3029,1.6372
8.610,map,2.4007,5.3542,1.6371,2.4028,5.3478,1.6370
8.710,map,2.3977,5.3989,1.6368,2.3998,5.3927,1.6368
8.810,map,2.3947,5.4442,1.6369,2.3968,5.4376,1.6366
8.910,map,2.3918,5.4890,1.6368,2.3939,5.4825,1.6365
9.010,map,2.3888,5.5345,1.6365,2.3909,5.5274,1.6364
9.110,map,2.3858,5.5796,1.6365,2.3880,5.5723,1.6363
9.210,map,2.3829,5.6243,1.6365,2.3850,5.6172,1.6362
9.310,map,2.3799,5.6694,1.6363,2.3821,5.6621,1.6361
9.410,map,2.3770,5.7142,1.6360,2.3792,5.7070,1.6360
9.510,map,2.3740,5.7593,1.6361,2.3762,5.7519,1.6359
9.610,map,2.3711,5.8044,1.6362,2.3733,5.7968,1.6359
9.710,map,2.3772,5.8402,1.6362,2.3704,5.8417,1.6359
9.810,map,2.3752,5.8841,1.6367,2.3675,5.8866,1.6359
9.910,map,2.3722,5.9288,1.6372,2.3645,5.9315,1.6361
10.010,map,2.3692,5.9735,1.6369,2.3616,5.9764,1.6362
10.110,map,2.3662,6.0189,1.6369,2.3586,6.0213,1.6362
10.210,map,2.3633,6.0636,1.6371,2.3557,6.0662,1.6363
10.310,map,2.3603,6.1088,1.6370,2.3528,6.1111,1.6364
10.410,map,2.3573,6.1539,1.6369,2.3498,6.1560,1.6365
10.510,map,2.3540,6.2031,1.6370,2.3465,6.2054,1.6366
10.610,map,2.3514,6.2438,1.6369,2.3439,6.2458,1.6367
10.710,map,2.3484,6.2887,1.6370,2.3409,6.2907,1.6368
10.810,map,2.3454,6.3335,1.6373,2.3379,6.3356,1.6369
10.910,map,2.3424,6.3783,1.6372,2.3350,6.3805,1.6370
11.010,map,2.3394,6.4231,1.6372,2.3320,6.4254,1.6370
11.110,map,2.3365,6.4680,1.6367,2.3290,6.4703,1.6371
11.210,map,2.3335,6.5132,1.6365,2.3260,6.5152,1.6372
11.310,map,2.3305,6.5583,1.6367,2.3230,6.5601,1.6373
11.410,map,2.3276,6.6027,1.6369,2.3200,6.6050,1.6375
11.510,map,2.3246,6.6475,1.6372,2.3170,6.6499,1.6376
11.610,map,2.3216,6.6920,1.6376,2.3140,6.6948,1.6376
11.710,map,2.3186,6.7365,1.6380,2.3110,6.7397,1.6377
11.810,map,2.3156,6.7816,1.6376,2.3080,6.7846,1.6376
11.910,map,2.3126,6.8271,1.6375,2.3050,6.8295,1.6376
12.010,map,2.3096,6.8719,1.6380,2.3020,6.8744,1.6376
12.110,map,2.3066,6.9167,1.6379,2.2990,6.9193,1.6376
12.210,map,2.3035,6.9619,1.6377,2.2960,6.9642,1.6375
12.310,map,2.3005,7.0120,1.6379,2.2930,7.0091,1.6375
12.410,map,2.2975,7.0613,1.6383,2.2900,7.0540,1.6374
12.510,map,2.2945,7.1063,1.6382,2.2870,7.0989,1.6374
12.610,map,2.2915,7.1494,1.6404,2.2841,7.1425,1.6392
12.710,map,2.2882,7.1935,1.6550,2.2808,7.1864,1.6543
12.810,map,2.2839,7.2374,1.6829,2.2766,7.2303,1.6824
12.910,map,2.2783,7.2813,1.7108,2.2710,7.2742,1.7102
13.010,map,2.2716,7.3254,1.7349,2.2643,7.3181,1.7345
13.110,map,2.2638,7.3694,1.7556,2.2566,7.3619,1.7559
13.210,map,2.2552,7.4128,1.7744,2.2479,7.4057,1.7746
13.310,map,2.2458,7.4567,1.7906,2.2385,7.4495,1.7911
13.410,map,2.2357,7.5004,1.8048,2.2284,7.4931,1.8056
13.510,map,2.2250,7.5440,1.8178,2.2177,7.5366,1.8184
13.610,map,2.2139,7.5871,1.8291,2.2064,7.5801,1.8297
13.710,map,2.2021,7.6309,1.8391,2.1947,7.6234,1.8396
13.810,map,2.1899,7.6742,1.8478,2.1826,7.6667,1.8484
13.910,map,2.1774,7.7175,1.8554,2.1701,7.7098,1.8563
14.010,map,2.1654,7.7585,1.8550,2.1581,7.7506,1.8562
14.110,map,2.1552,7.7943,1.8397,2.1477,7.7866,1.8410
14.210,map,2.1471,7.8254,1.8119,2.1395,7.8181,1.8130
14.310,map,2.1408,7.8526,1.7844,2.1332,7.8451,1.7857
14.410,map,2.1362,7.8749,1.7614,2.1286,7.8673,1.7626
14.510,map,2.1320,7.8978,1.7420,2.1244,7.8904,1.7430
14.610,map,2.1279,7.9227,1.7253,2.1203,7.9153,1.7265
14.710,map,2.1240,7.9490,1.7115,2.1163,7.9420,1.7125
14.810,map,2.1203,7.9763,1.6997,2.1126,7.9693,1.7005
14.910,map,2.1168,8.0050,1.6893,2.1090,7.9979,1.6904
15.010,map,2.1134,8.0348,1.6808,2.1055,8.0280,1.6818
15.110,map,2.1100,8.0658,1.6734,2.1021,8.0591,1.6746
15.210,map,2.1069,8.0975,1.6672,2.0989,8.0908,1.6684
15.310,map,2.1039,8.1293,1.6620,2.0959,8.1226,1.6632
15.410,map,2.0993,8.1611,1.6610,2.0930,8.1548,1.6587
15.510,map,2.0965,8.1928,1.6562,2.0902,8.1868,1.6544
15.610,map,2.0938,8.2249,1.6523,2.0876,8.2190,1.6507
15.710,map,2.0910,8.2586,1.6564,2.0849,8.2528,1.6547
15.810,map,2.0879,8.2931,1.6663,2.0818,8.2871,1.6647
15.910,map,2.0844,8.3278,1.6752,2.0784,8.3215,1.6736
16.010,map,2.0807,8.3618,1.6829,2.0748,8.3554,1.6813
16.110,map,2.0767,8.3960,1.6900,2.0709,8.3896,1.6880
16.210,map,2.0725,8.4300,1.6960,2.0668,8.4235,1.6938
16.310,map,2.0681,8.4644,1.7012,2.0624,8.4581,1.6989
16.410,map,2.0636,8.4983,1.7056,2.0580,8.4920,1.7032
16.510,map,2.0591,8.5312,1.7093,2.0535,8.5248,1.7069
16.610,map,2.0543,8.5650,1.7125,2.0488,8.5586,1.7102
16.710,map,2.0493,8.5995,1.7155,2.0439,8.5935,1.7131
16.810,map,2.0442,8.6344,1.7178,2.0389,8.6278,1.7156
16.910,map,2.0390,8.6691,1.7201,2.0338,8.6625,1.7179
17.010,map,2.0340,8.7129,1.7145,2.0288,8.6968,1.7123
17.110,map,2.0293,8.7469,1.6964,2.0243,8.7305,1.6940
17.210,map,2.0255,8.7798,1.6783,2.0205,8.7635,1.6759
17.310,map,2.0220,8.8146,1.6621,2.0171,8.7982,1.6603
17.410,map,2.0191,8.8487,1.6489,2.0143,8.8321,1.6471
17.510,map,2.0167,8.8832,1.6374,2.0119,8.8665,1.6358
17.610,map,2.0145,8.9185,1.6279,2.0098,8.9018,1.6262
17.710,map,2.0126,8.9530,1.6197,2.0080,8.9362,1.6180
17.810,map,2.0111,8.9878,1.6127,2.0065,8.9712,1.6111
17.900,map,2.0098,9.0198,1.6071,2.0053,9.0033,1.6057
18.000,map,2.0086,9.0553,1.6020,2.0041,9.0387,1.6006
18.100,map,2.0076,9.0905,1.5976,2.0032,9.0737,1.5962
18.200,map,2.0067,9.1258,1.5939,2.0024,9.1086,1.5924
18.300,map,2.0060,9.1610,1.5908,2.0017,9.1436,1.5892
18.400,map,2.0053,9.1972,1.5881,2.0010,9.1796,1.5864
18.500,map,2.0047,9.2331,1.5858,2.0005,9.2151,1.5841
18.600,map,2.0042,9.2595,1.5838,2.0001,9.2503,1.5820
18.700,map,2.0038,9.2937,1.5820,1.9997,9.2858,1.5803
18.800,map,2.0034,9.3283,1.5806,1.9994,9.3204,1.5788
18.900,map,2.0031,9.3625,1.5793,1.9992,9.3550,1.5775
19.000,map,2.0028,9.3969,1.5782,1.9990,9.3894,1.5763
19.100,map,2.0026,9.4307,1.5773,1.9988,9.4233,1.5754
19.200,map,2.0024,9.4664,1.5764,1.9987,9.4589,1.5746
19.300,map,2.0022,9.5029,1.5758,1.9985,9.4953,1.5739
19.400,map,2.0020,9.5397,1.5753,1.9984,9.5319,1.5732
19.500,map,2.0018,9.5785,1.5747,1.9983,9.5706,1.5727
19.600,map,2.0017,9.6169,1.5743,1.9983,9.6091,1.5722
19.700,map,2.0016,9.6554,1.5739,1.9982,9.6479,1.5718
19.800,map,2.0015,9.6942,1.5737,1.9982,9.6868,1.5715
19.900,map,2.0014,9.7328,1.5734,1.9982,9.7251,1.5711
20.000,map,2.0013,9.7718,1.5731,1.9982,9.7641,1.5708
20.100,map,2.0012,9.8121,1.5725,1.9982,9.8044,1.5706
20.200,map,2.0011,9.8520,1.5722,1.9982,9.8443,1.5704
20.300,map,2.0011,9.8921,1.5720,1.9982,9.8844,1.5703
20.400,map,2.0010,9.9334,1.5719,1.9982,9.9261,1.5702
20.500,map,2.0010,9.9772,1.5717,1.9983,9.9700,1.5702
20.600,map,2.0009,10.0221,1.5718,1.9983,10.0150,1.5701
20.700,map,2.0009,10.0673,1.5721,1.9983,10.0600,1.5701
20.800,map,2.0008,10.1122,1.5724,1.9984,10.1050,1.5700
20.900,map,2.0008,10.1575,1.5724,1.9984,10.1500,1.5698
21.000,map,2.0007,10.2025,1.5724,1.9984,10.1950,1.5697
21.100,map,2.0006,10.2473,1.5716,1.9985,10.2400,1.5695
21.200,map,2.0006,10.2922,1.5715,1.9986,10.2850,1.5694
21.300,map,2.0006,10.3375,1.5711,1.9986,10.3300,1.5694
21.400,map,2.0006,10.3815,1.5710,1.9987,10.3745,1.5694
21.500,map,2.0005,10.4341,1.5712,1.9987,10.4178,1.5695
21.600,map,2.0005,10.4773,1.5713,1.9988,10.4600,1.5695
21.700,map,2.0005,10.5183,1.5715,1.9988,10.5009,1.5695
21.800,map,2.0005,10.5580,1.5710,1.9989,10.5408,1.5695
21.900,map,2.0005,10.5971,1.5711,1.9990,10.5797,1.5695
22.000,map,2.0005,10.6350,1.5708,1.9990,10.6176,1.5695
22.100,map,2.0005,10.6718,1.5705,1.9990,10.6546,1.5696
22.200,map,2.0005,10.7077,1.5708,1.9991,10.6906,1.5697
22.300,map,2.0005,10.7423,1.5709,1.9991,10.7257,1.5698
22.400,map,2.0005,10.7764,1.5707,1.9992,10.7600,1.5699
22.500,map,2.0005,10.8096,1.5708,1.9992,10.7933,1.5700
22.600,map,2.0005,10.8421,1.5705,1.9992,10.8259,1.5701
22.700,map,2.0005,10.8737,1.5708,1.9992,10.8576,1.5703
22.800,map,2.0005,10.9049,1.5714,1.9992,10.8886,1.5704
22.900,map,2.0005,10.9350,1.5715,1.9993,10.9187,1.5704
23.000,map,2.0004,10.9646,1.5714,1.9993,10.9481,1.5705
23.100,map,2.0004,10.9932,1.5716,1.9993,10.9768,1.5705
23.200,map,2.0004,11.0213,1.5717,1.9993,11.0047,1.5705
23.300,map,2.0004,11.0488,1.5717,1.9993,11.0319,1.5706
23.400,map,2.0004,11.0753,1.5716,1.9993,11.0584,1.5705
23.500,map,2.0003,11.1013,1.5715,1.9993,11.0843,1.5706
23.600,map,2.0003,11.1264,1.5716,1.9993,11.1095,1.5706
23.700,map,2.0003,11.1511,1.5716,1.9993,11.1340,1.5706
23.800,map,2.0003,11.1753,1.5715,1.9993,11.1580,1.5706
23.900,map,2.0003,11.1986,1.5716,1.9993,11.1813,1.5706
24.000,map,2.0002,11.2194,1.5717,1.9993,11.2020,1.5706
24.100,map,2.0002,11.2350,1.5716,1.9993,11.2176,1.5706
24.200,map,2.0002,11.2456,1.5716,1.9993,11.2283,1.5706
24.300,map,2.0002,11.2512,1.5716,1.9993,11.2340,1.5706
24.400,map,2.0002,11.2522,1.5716,1.9993,11.2350,1.5706
24.500,map,2.0002,11.2522,1.5716,1.9993,11.2350,1.5706
24.600,map,2.0002,11.2522,1.5639,1.9993,11.2350,1.5629
24.700,map,2.0002,11.2522,1.5415,1.9993,11.2350,1.5403
24.800,map,2.0002,11.2522,1.5042,1.9993,11.2350,1.5026
24.900,map,2.0002,11.2522,1.4521,1.9993,11.2350,1.4500
25.000,map,2.0002,11.2522,1.3833,1.9993,11.2350,1.3823
25.100,map,2.0002,11.2522,1.3009,1.9993,11.2350,1.2997
25.200,map,2.0002,11.2522,1.2108,1.9993,11.2350,1.2097
25.300,map,2.0002,11.2522,1.1204,1.9993,11.2350,1.1197
25.400,map,2.0002,11.2522,1.0303,1.9993,11.2350,1.0297
25.500,map,2.0002,11.2522,0.9419,1.9993,11.2350,0.9397
25.600,map,2.0002,11.2522,0.8538,1.9993,11.2350,0.8497
25.700,map,2.0002,11.2522,0.7636,1.9993,11.2350,0.7597
25.800,map,2.0002,11.2522,0.6726,1.9993,11.2350,0.6697
25.900,map,2.0002,11.2522,0.5840,1.9993,11.2350,0.5797
26.000,map,2.0002,11.2522,0.4951,1.9993,11.2350,0.4897
26.100,map,2.0024,11.2533,0.4047,2.0016,11.2360,0.3997
26.200,map,2.0094,11.2559,0.3161,2.0086,11.2386,0.3118
26.300,map,2.0213,11.2592,0.2393,2.0206,11.2419,0.2359
26.400,map,2.0382,11.2627,0.1770,2.0376,11.2454,0.1726
26.500,map,2.0603,11.2660,0.1240,2.0599,11.2486,0.1197
26.600,map,2.0904,11.2690,0.0756,2.0872,11.2512,0.0754
26.700,map,2.1201,11.2707,0.0428,2.1193,11.2530,0.0380
26.800,map,2.1578,11.2717,0.0115,2.1567,11.2538,0.0067
26.900,map,2.2007,11.2716,-0.0145,2.1991,11.2535,-0.0197
27.000,map,2.2450,11.2705,-0.0373,2.2436,11.2521,-0.0421
27.100,map,2.2895,11.2684,-0.0563,2.2882,11.2498,-0.0610
27.200,map,2.3341,11.2655,-0.0724,2.3328,11.2467,-0.0772
27.300,map,2.3784,11.2513,-0.0891,2.3775,11.2430,-0.0907
27.400,map,2.4234,11.2459,-0.1007,2.4221,11.2386,-0.1016
27.500,map,2.4683,11.2411,-0.1098,2.4668,11.2339,-0.1106
27.600,map,2.5129,11.2360,-0.1179,2.5114,11.2287,-0.1185
27.700,map,2.5577,11.2305,-0.1245,2.5561,11.2233,-0.1249
27.800,map,2.6027,11.2248,-0.1297,2.6007,11.2176,-0.1301
27.900,map,2.6468,11.2189,-0.1343,2.6453,11.2116,-0.1346
28.000,map,2.6913,11.2128,-0.1376,2.6898,11.2055,-0.1383
28.100,map,2.7353,11.2067,-0.1410,2.7344,11.1992,-0.1415
28.200,map,2.7798,11.2003,-0.1440,2.7789,11.1928,-0.1442
28.300,map,2.8247,11.1937,-0.1460,2.8234,11.1863,-0.1465
28.400,map,2.8693,11.1871,-0.1480,2.8679,11.1797,-0.1484
28.500,map,2.9142,11.1894,-0.1499,2.9124,11.1730,-0.1501
28.600,map,2.9591,11.1836,-0.1514,2.9569,11.1662,-0.1516
28.700,map,3.0032,11.1768,-0.1526,3.0014,11.1594,-0.1530
28.800,map,3.0473,11.1700,-0.1539,3.0459,11.1525,-0.1541
28.900,map,3.0920,11.1631,-0.1548,3.0903,11.1456,-0.1551
29.000,map,3.1367,11.1561,-0.1556,3.1348,11.1386,-0.1560
29.100,map,3.1809,11.1491,-0.1565,3.1792,11.1316,-0.1567
29.200,map,3.2254,11.1421,-0.1572,3.2237,11.1246,-0.1573
29.300,map,3.2693,11.1351,-0.1581,3.2681,11.1175,-0.1578
29.400,map,3.3136,11.1280,-0.1583,3.3126,11.1104,-0.1582
29.500,map,3.3581,11.1209,-0.1586,3.3570,11.1033,-0.1585
29.600,map,3.4025,11.1138,-0.1584,3.4014,11.0962,-0.1588
29.700,map,3.4470,11.1067,-0.1589,3.4459,11.0891,-0.1591
29.800,map,3.4917,11.0995,-0.1593,3.4903,11.0820,-0.1593
29.900,map,3.5362,11.0924,-0.1600,3.5347,11.0748,-0.1595
30.000,map,3.5802,11.0852,-0.1604,3.5792,11.0677,-0.1596
30.100,map,3.6247,11.0780,-0.1603,3.6236,11.0605,-0.1596
30.200,map,3.6694,11.0708,-0.1605,3.6680,11.0534,-0.1596
30.300,map,3.7140,11.0636,-0.1602,3.7125,11.0462,-0.1596
30.400,map,3.7585,11.0564,-0.1604,3.7569,11.0391,-0.1596
30.500,map,3.8027,11.0493,-0.1601,3.8013,11.0319,-0.1596
30.600,map,3.8474,11.0421,-0.1595,3.8457,11.0248,-0.1591
30.700,map,3.8915,11.0350,-0.1585,3.8902,11.0177,-0.1579
30.800,map,3.9364,11.0278,-0.1579,3.9346,11.0106,-0.1569
30.900,map,3.9807,11.0208,-0.1572,3.9791,11.0036,-0.1559
31.000,map,4.0249,11.0138,-0.1563,4.0235,10.9966,-0.1551
31.100,map,4.0694,11.0068,-0.1555,4.0680,10.9897,-0.1543
31.200,map,4.1139,10.9998,-0.1546,4.1124,10.9828,-0.1537
31.300,map,4.1585,10.9929,-0.1542,4.1569,10.9759,-0.1532
31.400,map,4.2034,10.9859,-0.1536,4.2014,10.9691,-0.1528
31.500,map,4.2481,10.9790,-0.1534,4.2459,10.9622,-0.1525
31.600,map,4.2927,10.9721,-0.1532,4.2903,10.9554,-0.1522
31.700,map,4.3379,10.9652,-0.1525,4.3348,10.9486,-0.1519
31.800,map,4.3826,10.9583,-0.1523,4.3793,10.9418,-0.1517
31.900,map,4.4271,10.9515,-0.1525,4.4238,10.9350,-0.1516
32.000,map,4.4719,10.9446,-0.1527,4.4683,10.9282,-0.1515
32.100,map,4.5161,10.9378,-0.1527,4.5128,10.9214,-0.1513
32.200,map,4.5610,10.9309,-0.1529,4.5573,10.9146,-0.1512
32.300,map,4.6058,10.9240,-0.1525,4.6017,10.9078,-0.1510
32.400,map,4.6503,10.9171,-0.1525,4.6462,10.9011,-0.1508
32.500,map,4.6943,10.9104,-0.1526,4.6907,10.8943,-0.1507
32.600,map,4.7390,10.9035,-0.1526,4.7352,10.8876,-0.1505
32.700,map,4.7836,10.8966,-0.1529,4.7797,10.8808,-0.1503
32.800,map,4.8282,10.8898,-0.1522,4.8242,10.8741,-0.1501
32.900,map,4.8729,10.8829,-0.1517,4.8687,10.8674,-0.1499
33.000,map,4.9172,10.8762,-0.1515,4.9132,10.8606,-0.1499
33.100,map,4.9620,10.8693,-0.1516,4.9577,10.8539,-0.1498
33.200,map,5.0068,10.8625,-0.1514,5.0022,10.8472,-0.1498
33.300,map,5.0514,10.8557,-0.1515,5.0467,10.8405,-0.1498
33.400,map,5.0964,10.8503,-0.1488,5.0912,10.8338,-0.1498
33.500,map,5.1403,10.8440,-0.1481,5.1357,10.8271,-0.1501
33.600,map,5.1849,10.8374,-0.1487,5.1802,10.8203,-0.1507
33.700,map,5.2301,10.8306,-0.1491,5.2246,10.8135,-0.1512
33.800,map,5.2750,10.8238,-0.1494,5.2691,10.8068,-0.1516
33.900,map,5.3196,10.8171,-0.1497,5.3136,10.8000,-0.1520
34.000,map,5.3639,10.8104,-0.1498,5.3581,10.7931,-0.1524
34.100,map,5.4078,10.8038,-0.1504,5.4026,10.7863,-0.1527
34.200,map,5.4523,10.7970,-0.1507,5.4470,10.7794,-0.1530
34.300,map,5.4967,10.7903,-0.1509,5.4915,10.7726,-0.1532
34.400,map,5.5406,10.7836,-0.1516,5.5360,10.7657,-0.1534
34.500,map,5.5848,10.7769,-0.1515,5.5805,10.7588,-0.1535
34.600,map,5.6292,10.7701,-0.1516,5.6249,10.7519,-0.1536
34.700,map,5.6736,10.7570,-0.1510,5.6694,10.7451,-0.1537
34.800,map,5.7176,10.7466,-0.1511,5.7139,10.7382,-0.1537
34.900,map,5.7620,10.7399,-0.1508,5.7583,10.7313,-0.1534
35.000,map,5.8063,10.7331,-0.1511,5.8028,10.7244,-0.1532
35.100,map,5.8509,10.7263,-0.1510,5.8473,10.7175,-0.1530
35.200,map,5.8955,10.7196,-0.1511,5.8918,10.7107,-0.1528
35.300,map,5.9401,10.7128,-0.1509,5.9362,10.7039,-0.1525
35.400,map,5.9844,10.7060,-0.1511,5.9807,10.6970,-0.1523
35.500,map,6.0288,10.6993,-0.1510,6.0252,10.6902,-0.1520
35.600,map,6.0732,10.6925,-0.1506,6.0697,10.6834,-0.1518
35.700,map,6.1173,10.6859,-0.1500,6.1142,10.6766,-0.1516
35.800,map,6.1620,10.6791,-0.1504,6.1586,10.6698,-0.1515
35.900,map,6.2066,10.6723,-0.1503,6.2031,10.6630,-0.1513
36.000,map,6.2506,10.6657,-0.1502,6.2476,10.6562,-0.1512
36.100,map,6.2950,10.6590,-0.1501,6.2921,10.6495,-0.1510
36.200,map,6.3394,10.6522,-0.1502,6.3366,10.6427,-0.1509
36.300,map,6.3834,10.6456,-0.1497,6.3811,10.6359,-0.1508
36.400,map,6.4285,10.6388,-0.1496,6.4256,10.6292,-0.1507
36.500,map,6.4732,10.6321,-0.1495,6.4701,10.6224,-0.1506
36.600,map,6.5178,10.6254,-0.1490,6.5145,10.6157,-0.1506
36.700,map,6.5624,10.6187,-0.1491,6.5590,10.6089,-0.1506
36.800,map,6.6062,10.6121,-0.1492,6.6035,10.6022,-0.1506
36.900,map,6.6507,10.6054,-0.1494,6.6480,10.5954,-0.1506
37.000,map,6.6950,10.5987,-0.1496,6.6925,10.5887,-0.1506
37.100,map,6.7392,10.5920,-0.1496,6.7370,10.5819,-0.1506
37.200,map,6.7842,10.5853,-0.1499,6.7815,10.5752,-0.1505
37.300,map,6.8287,10.5785,-0.1499,6.8260,10.5684,-0.1505
37.400,map,6.8829,10.5719,-0.1499,6.8705,10.5617,-0.1504
37.500,map,6.9270,10.5652,-0.1499,6.9150,10.5549,-0.1503
37.600,map,6.9715,10.5585,-0.1497,6.9595,10.5482,-0.1503
37.700,map,7.0164,10.5517,-0.1497,7.0040,10.5414,-0.1503
37.800,map,7.0605,10.5451,-0.1499,7.0484,10.5347,-0.1503
37.900,map,7.1049,10.5384,-0.1498,7.0929,10.5280,-0.1503
38.000,map,7.1498,10.5316,-0.1496,7.1374,10.5212,-0.1503
38.100,map,7.1936,10.5250,-0.1502,7.1819,10.5145,-0.1503
38.200,map,7.2379,10.5183,-0.1502,7.2264,10.5078,-0.1503
38.300,map,7.2830,10.5115,-0.1498,7.2709,10.5010,-0.1502
38.400,map,7.3273,10.5048,-0.1499,7.3154,10.4943,-0.1502
38.500,map,7.3713,10.4981,-0.1499,7.3599,10.4876,-0.1502
38.600,map,7.4161,10.4914,-0.1498,7.4044,10.4808,-0.1501
38.700,map,7.4604,10.4847,-0.1493,7.4489,10.4741,-0.1501
38.800,map,7.5056,10.4779,-0.1495,7.4934,10.4674,-0.1502
38.900,map,7.5501,10.4712,-0.1496,7.5379,10.4606,-0.1502
39.000,map,7.5949,10.4644,-0.1499,7.5824,10.4539,-0.1503
39.100,map,7.6399,10.4576,-0.1500,7.6269,10.4472,-0.1503
39.200,map,7.6842,10.4509,-0.1499,7.6714,10.4404,-0.1502
39.300,map,7.7279,10.4444,-0.1497,7.7158,10.4337,-0.1502
39.400,map,7.7725,10.4376,-0.1496,7.7603,10.4270,-0.1502
39.500,map,7.8167,10.4309,-0.1500,7.8048,10.4202,-0.1502
39.600,map,7.8613,10.4242,-0.1501,7.8493,10.4135,-0.1502
39.700,map,7.9055,10.4175,-0.1499,7.8938,10.4068,-0.1502
39.800,map,7.9499,10.4108,-0.1492,7.9383,10.4000,-0.1495
39.900,map,7.9947,10.4041,-0.1484,7.9828,10.3933,-0.1489
40.000,map,8.0395,10.3974,-0.1478,8.0273,10.3867,-0.1483
40.100,map,8.0839,10.3908,-0.1474,8.0718,10.3800,-0.1478
40.200,map,8.1286,10.3842,-0.1469,8.1163,10.3734,-0.1474
40.300,map,8.1731,10.3776,-0.1466,8.1608,10.3668,-0.1470
40.400,map,8.2177,10.3711,-0.1462,8.2054,10.3602,-0.1467
40.500,map,8.2624,10.3645,-0.1458,8.2499,10.3537,-0.1465
40.600,map,8.3067,10.3580,-0.1455,8.2944,10.3471,-0.1462
40.700,map,8.3509,10.3515,-0.1456,8.3389,10.3406,-0.1461
40.800,map,8.3948,10.3451,-0.1449,8.3834,10.3340,-0.1459
40.900,map,8.4396,10.3386,-0.1447,8.4280,10.3275,-0.1458
41.000,map,8.4841,10.3321,-0.1445,8.4725,10.3209,-0.1457
41.100,map,8.5284,10.3256,-0.1446,8.5170,10.3144,-0.1456
41.200,map,8.5729,10.3192,-0.1445,8.5615,10.3079,-0.1456
41.300,map,8.6174,10.3127,-0.1447,8.6061,10.3013,-0.1455
41.400,map,8.6621,10.3061,-0.1466,8.6506,10.2948,-0.1472
41.500,map,8.7065,10.2995,-0.1516,8.6950,10.2881,-0.1524
41.600,map,8.7504,10.2926,-0.1568,8.7395,10.2812,-0.1573
41.700,map,8.7944,10.2855,-0.1662,8.7838,10.2739,-0.1668
41.800,map,8.8385,10.2779,-0.1746,8.8281,10.2663,-0.1752
41.900,map,8.8827,10.2699,-0.1835,8.8722,10.2583,-0.1844
42.000,map,8.9265,10.2615,-0.1977,8.9162,10.2498,-0.1989
42.100,map,8.9704,10.2523,-0.2148,8.9599,10.2406,-0.2159
42.200,map,9.0140,10.2424,-0.2343,9.0031,10.2307,-0.2357
42.300,map,9.0561,10.2319,-0.2546,9.0456,10.2200,-0.2561
42.400,map,9.0983,10.2204,-0.2758,9.0876,10.2085,-0.2774
42.500,map,9.1396,10.2082,-0.2990,9.1292,10.1962,-0.3003
42.600,map,9.1818,10.1947,-0.3217,9.1714,10.1826,-0.3228
42.700,map,9.2227,10.1805,-0.3441,9.2125,10.1683,-0.3454
42.800,map,9.2630,10.1655,-0.3678,9.2528,10.1533,-0.3687
42.900,map,9.3031,10.1496,-0.3919,9.2932,10.1371,-0.3923
43.000,map,9.3394,10.1339,-0.4285,9.3293,10.1215,-0.4290
43.110,map,9.3729,10.1175,-0.4803,9.3630,10.1050,-0.4807
43.210,map,9.4014,10.1018,-0.5231,9.3917,10.0893,-0.5230
43.310,map,9.4321,10.0834,-0.5590,9.4220,10.0710,-0.5590
43.410,map,9.4637,10.0629,-0.5899,9.4538,10.0505,-0.5899
43.510,map,9.4949,10.0414,-0.6164,9.4854,10.0287,-0.6165
43.610,map,9.5263,10.0186,-0.6396,9.5169,10.0057,-0.6397
43.710,map,9.5578,9.9947,-0.6594,9.5483,9.9819,-0.6597
43.810,map,9.5884,9.9705,-0.6767,9.5790,9.9576,-0.6772
43.910,map,9.6193,9.9453,-0.6922,9.6100,9.9323,-0.6925
44.010,map,9.6529,9.9193,-0.7056,9.6408,9.9065,-0.7057
44.110,map,9.6895,9.8940,-0.7174,9.6703,9.8810,-0.7174
44.210,map,9.7195,9.8676,-0.7279,9.7000,9.8548,-0.7283
44.310,map,9.7492,9.8409,-0.7376,9.7294,9.8283,-0.7380
44.410,map,9.7778,9.8146,-0.7460,9.7582,9.8019,-0.7465
44.510,map,9.8057,9.7887,-0.7534,9.7858,9.7761,-0.7541
44.610,map,9.8325,9.7634,-0.7598,9.8128,9.7506,-0.7607
44.710,map,9.8591,9.7379,-0.7658,9.8392,9.7254,-0.7666
44.810,map,9.8787,9.7137,-0.7710,9.8642,9.7012,-0.7717
44.910,map,9.8979,9.6904,-0.7819,9.8879,9.6779,-0.7824
45.010,map,9.9213,9.6669,-0.7930,9.9114,9.6542,-0.7937
45.110,map,9.9449,9.6427,-0.8027,9.9349,9.6301,-0.8036
45.210,map,9.9686,9.6179,-0.8116,9.9585,9.6054,-0.8123
45.310,map,9.9911,9.5941,-0.8195,9.9807,9.5817,-0.8201
45.410,map,10.0128,9.5707,-0.8265,10.0024,9.5584,-0.8268
45.510,map,10.0343,9.5471,-0.8325,10.0240,9.5348,-0.8327
45.610,map,10.0552,9.5240,-0.8376,10.0448,9.5118,-0.8379
45.710,map,10.0742,9.5028,-0.8422,10.0637,9.4907,-0.8425
45.810,map,10.0926,9.4822,-0.8463,10.0822,9.4698,-0.8466
45.910,map,10.1114,9.4609,-0.8501,10.1010,9.4485,-0.8502
46.010,map,10.1285,9.4413,-0.8534,10.1184,9.4286,-0.8534
46.110,map,10.1461,9.4210,-0.8560,10.1360,9.4083,-0.8561
46.210,map,10.1640,9.4004,-0.8585,10.1539,9.3878,-0.8586
46.310,map,10.1821,9.3793,-0.8605,10.1719,9.3668,-0.8608
46.410,map,10.1999,9.3586,-0.8625,10.1896,9.3462,-0.8628
46.510,map,10.2171,9.3386,-0.8641,10.2066,9.3263,-0.8646
46.610,map,10.2335,9.3193,-0.8659,10.2231,9.3069,-0.8662
46.710,map,10.2494,9.3005,-0.8673,10.2391,9.2880,-0.8677
46.810,map,10.2651,9.2820,-0.8687,10.2548,9.2695,-0.8690
46.910,map,10.2805,9.2638,-0.8698,10.2704,9.2511,-0.8702
47.010,map,10.2954,9.2461,-0.8712,10.2854,9.2332,-0.8713
47.110,map,10.3099,9.2289,-0.8723,10.2999,9.2160,-0.8722
47.210,map,10.3234,9.2128,-0.8728,10.3136,9.1997,-0.8728
47.310,map,10.3343,9.1999,-0.8728,10.3244,9.1868,-0.8728
47.410,map,10.3419,9.1907,-0.8728,10.3320,9.1777,-0.8728
47.510,map,10.3463,9.1854,-0.8728,10.3364,9.1724,-0.8728
47.610,map,10.3476,9.1840,-0.8728,10.3377,9.1710,-0.8728
47.710,map,10.3476,9.1840,-0.8728,10.3377,9.1710,-0.8728
47.810,map,10.3492,9.1821,-0.8652,10.3392,9.1691,-0.8651
47.910,map,10.3541,9.1765,-0.8429,10.3441,9.1635,-0.8425
48.010,map,10.3625,9.1673,-0.8157,10.3526,9.1543,-0.8152
48.110,map,10.3747,9.1546,-0.7922,10.3647,9.1418,-0.7919
48.210,map,10.3907,9.1388,-0.7727,10.3806,9.1260,-0.7721
48.310,map,10.4105,9.1198,-0.7563,10.4005,9.1070,-0.7555
48.410,map,10.4341,9.0978,-0.7424,10.4242,9.0849,-0.7414
48.510,map,10.4616,9.0729,-0.7304,10.4520,9.0598,-0.7295
48.610,map,10.4935,9.0447,-0.7203,10.4838,9.0317,-0.7194
48.710,map,10.5272,9.0154,-0.7117,10.5177,9.0022,-0.7107
48.810,map,10.5613,8.9862,-0.7044,10.5519,8.9730,-0.7035
48.910,map,10.5957,8.9572,-0.6979,10.5863,8.9440,-0.6974
49.010,map,10.6303,8.9283,-0.6927,10.6208,8.9152,-0.6922
49.110,map,10.6649,8.8997,-0.6883,10.6555,8.8866,-0.6878
49.210,map,10.6994,8.8714,-0.6851,10.6903,8.8581,-0.6841
49.310,map,10.7344,8.8429,-0.6819,10.7253,8.8297,-0.6809
49.410,map,10.7693,8.8147,-0.6791,10.7603,8.8015,-0.6782
49.510,map,10.8043,8.7865,-0.6771,10.7953,8.7733,-0.6759
49.610,map,10.8394,8.7584,-0.6750,10.8305,8.7452,-0.6739
49.710,map,10.8748,8.7300,-0.6739,10.8657,8.7171,-0.6722
49.810,map,10.9098,8.7021,-0.6725,10.9009,8.6891,-0.6707
49.910,map,10.9451,8.6740,-0.6713,10.9362,8.6612,-0.6694
50.010,map,10.9802,8.6462,-0.6701,10.9715,8.6333,-0.6683
50.110,map,11.0158,8.6181,-0.6693,11.0068,8.6054,-0.6673
50.210,map,11.0509,8.5903,-0.6687,11.0421,8.5776,-0.6665
50.310,map,11.0861,8.5624,-0.6681,11.0775,8.5498,-0.6657
50.410,map,11.1221,8.5351,-0.6660,11.1129,8.5220,-0.6651
50.510,map,11.1584,8.5079,-0.6635,11.1483,8.4942,-0.6646
50.610,map,11.1936,8.4803,-0.6632,11.1838,8.4665,-0.6646
50.710,map,11.2292,8.4526,-0.6628,11.2192,8.4387,-0.6648
50.810,map,11.2643,8.4251,-0.6629,11.2546,8.4110,-0.6650
50.910,map,11.2995,8.3977,-0.6631,11.2900,8.3832,-0.6652
51.010,map,11.3350,8.3699,-0.6637,11.3254,8.3554,-0.6654
51.110,map,11.3702,8.3424,-0.6637,11.3608,8.3276,-0.6655
51.210,map,11.4056,8.3147,-0.6636,11.3962,8.2998,-0.6656
51.310,map,11.4411,8.2869,-0.6639,11.4316,8.2721,-0.6657
51.410,map,11.4767,8.2591,-0.6639,11.4670,8.2443,-0.6658
51.510,map,11.5123,8.2312,-0.6642,11.5024,8.2165,-0.6659
51.610,map,11.5475,8.2037,-0.6643,11.5378,8.1887,-0.6659
51.710,map,11.5827,8.1733,-0.6642,11.5732,8.1609,-0.6659
51.810,map,11.6182,8.1383,-0.6644,11.6085,8.1331,-0.6659
51.910,map,11.6536,8.1106,-0.6643,11.6439,8.1053,-0.6657
52.010,map,11.6891,8.0828,-0.6642,11.6793,8.0775,-0.6654
52.110,map,11.7246,8.0550,-0.6639,11.7147,8.0497,-0.6651
52.210,map,11.7599,8.0274,-0.6638,11.7501,8.0219,-0.6649
52.310,map,11.7956,7.9995,-0.6636,11.7856,7.9942,-0.6647
52.410,map,11.8308,7.9719,-0.6635,11.8210,7.9664,-0.6645
52.510,map,11.8660,7.9444,-0.6634,11.8564,7.9387,-0.6644
52.610,map,11.9015,7.9167,-0.6632,11.8918,7.9109,-0.6642
52.710,map,11.9370,7.8890,-0.6633,11.9273,7.8832,-0.6641
52.810,map,11.9722,7.8614,-0.6631,11.9627,7.8555,-0.6639
52.910,map,12.0078,7.8336,-0.6632,11.9982,7.8277,-0.6638
53.010,map,12.0446,7.8056,-0.6629,12.0336,7.8000,-0.6637
53.110,map,12.0890,7.7781,-0.6629,12.0690,7.7723,-0.6636
53.210,map,12.1245,7.7503,-0.6633,12.1045,7.7446,-0.6637
53.310,map,12.1596,7.7229,-0.6636,12.1399,7.7168,-0.6639
53.410,map,12.1953,7.6950,-0.6637,12.1754,7.6891,-0.6639
53.510,map,12.2306,7.6673,-0.6638,12.2108,7.6614,-0.6640
53.610,map,12.2661,7.6396,-0.6638,12.2463,7.6337,-0.6640
53.710,map,12.3018,7.6117,-0.6639,12.2817,7.6059,-0.6641
53.810,map,12.3370,7.5841,-0.6641,12.3171,7.5782,-0.6641
53.910,map,12.3727,7.5562,-0.6637,12.3526,7.5505,-0.6641
54.010,map,12.4085,7.5282,-0.6639,12.3880,7.5227,-0.6641
54.110,map,12.4438,7.5005,-0.6644,12.4234,7.4950,-0.6642
54.210,map,12.4794,7.4727,-0.6644,12.4589,7.4672,-0.6642
54.310,map,12.5149,7.4448,-0.6644,12.4943,7.4395,-0.6641
54.410,map,12.5505,7.4170,-0.6643,12.5297,7.4118,-0.6641
54.510,map,12.5761,7.3991,-0.6646,12.5652,7.3840,-0.6640
54.610,map,12.6119,7.3711,-0.6646,12.6006,7.3563,-0.6640
54.710,map,12.6471,7.3435,-0.6649,12.6361,7.3286,-0.6641
54.810,map,12.6821,7.3161,-0.6648,12.6715,7.3008,-0.6640
54.910,map,12.7173,7.2885,-0.6648,12.7069,7.2731,-0.6640
55.010,map,12.7525,7.2608,-0.6645,12.7424,7.2454,-0.6640
55.110,map,12.7878,7.2333,-0.6642,12.7778,7.2176,-0.6640
55.210,map,12.8233,7.2055,-0.6639,12.8133,7.1899,-0.6640
55.310,map,12.8585,7.1779,-0.6641,12.8487,7.1622,-0.6641
55.410,map,12.8939,7.1502,-0.6642,12.8841,7.1344,-0.6642
55.510,map,12.9293,7.1225,-0.6641,12.9196,7.1067,-0.6643
55.610,map,12.9646,7.0949,-0.6641,12.9550,7.0789,-0.6643
55.710,map,13.0066,7.0670,-0.6640,12.9904,7.0512,-0.6644
55.810,map,13.0454,7.0395,-0.6642,13.0258,7.0235,-0.6646
55.910,map,13.0808,7.0118,-0.6646,13.0613,6.9957,-0.6651
56.010,map,13.1163,6.9840,-0.6645,13.0967,6.9679,-0.6655
56.110,map,13.1517,6.9562,-0.6648,13.1321,6.9401,-0.6659
56.210,map,13.1871,6.9284,-0.6654,13.1674,6.9123,-0.6662
56.310,map,13.2224,6.9007,-0.6656,13.2028,6.8845,-0.6666
56.410,map,13.2579,6.8728,-0.6655,13.2382,6.8567,-0.6668
56.510,map,13.2934,6.8450,-0.6654,13.2735,6.8288,-0.6671
56.610,map,13.3289,6.8171,-0.6658,13.3089,6.8010,-0.6674
56.710,map,13.3646,6.7890,-0.6661,13.3442,6.7731,-0.6677
56.810,map,13.4001,6.7611,-0.6660,13.3796,6.7453,-0.6679
56.910,map,13.4355,6.7333,-0.6661,13.4149,6.7174,-0.6681
57.010,map,13.4706,6.7012,-0.6661,13.4502,6.6895,-0.6683
57.110,map,13.5060,6.6679,-0.6662,13.4855,6.6616,-0.6684
57.210,map,13.5415,6.6400,-0.6658,13.5208,6.6337,-0.6681
57.310,map,13.5771,6.6121,-0.6655,13.5562,6.6059,-0.6677
57.410,map,13.6123,6.5845,-0.6652,13.5915,6.5780,-0.6674
57.510,map,13.6479,6.5565,-0.6652,13.6269,6.5502,-0.6671
57.610,map,13.6828,6.5291,-0.6649,13.6622,6.5223,-0.6668
57.710,map,13.7183,6.5014,-0.6648,13.6976,6.4945,-0.6666
57.810,map,13.7540,6.4734,-0.6646,13.7329,6.4667,-0.6663
57.910,map,13.7891,6.4459,-0.6644,13.7683,6.4389,-0.6661
58.010,map,13.8248,6.4179,-0.6644,13.8037,6.4111,-0.6659
58.110,map,13.8603,6.3901,-0.6641,13.8391,6.3833,-0.6657
58.210,map,13.8958,6.3623,-0.6639,13.8745,6.3555,-0.6656
58.310,map,13.9311,6.3347,-0.6638,13.9099,6.3277,-0.6654
58.410,map,13.9664,6.3071,-0.6634,13.9453,6.2999,-0.6653
58.510,map,14.0013,6.2798,-0.6634,13.9807,6.2721,-0.6652
58.610,map,14.0367,6.2522,-0.6637,14.0161,6.2444,-0.6651
58.710,map,14.0720,6.2246,-0.6639,14.0515,6.2166,-0.6650
58.810,map,14.1069,6.1972,-0.6638,14.0867,6.1890,-0.6649
58.910,map,14.1412,6.1704,-0.6640,14.1211,6.1620,-0.6648
59.010,map,14.1750,6.1439,-0.6640,14.1547,6.1357,-0.6646
59.110,map,14.2076,6.1184,-0.6640,14.1874,6.1101,-0.6644
59.210,map,14.2393,6.0936,-0.6642,14.2193,6.0851,-0.6642
59.310,map,14.2703,6.0693,-0.6641,14.2504,6.0608,-0.6640
59.410,map,14.3003,6.0459,-0.6641,14.2807,6.0371,-0.6638
59.510,map,14.3300,6.0227,-0.6637,14.3103,6.0139,-0.6635
59.610,map,14.3587,6.0002,-0.6634,14.3391,5.9914,-0.6633
59.710,map,14.3868,5.9782,-0.6632,14.3672,5.9695,-0.6632
59.810,map,14.4144,5.9567,-0.6633,14.3945,5.9481,-0.6630
59.910,map,14.4411,5.9358,-0.6633,14.4212,5.9272,-0.6629
60.010,map,14.4672,5.9154,-0.6633,14.4473,5.9069,-0.6627
60.110,map,14.4925,5.8956,-0.6631,14.4726,5.8871,-0.6626
60.210,map,14.5172,5.8764,-0.6629,14.4974,5.8678,-0.6624
60.310,map,14.5413,5.8575,-0.6628,14.5215,5.8490,-0.6623
60.410,map,14.5650,5.8391,-0.6626,14.5450,5.8307,-0.6622
60.510,map,14.5881,5.8210,-0.6625,14.5679,5.8128,-0.6621
60.610,map,14.6107,5.8034,-0.6624,14.5903,5.7954,-0.6621
60.710,map,14.6326,5.7863,-0.6623,14.6120,5.7785,-0.6620
60.810,map,14.6539,5.7697,-0.6622,14.6332,5.7619,-0.6619
60.910,map,14.6746,5.7536,-0.6620,14.6539,5.7458,-0.6619
61.010,map,14.6947,5.7379,-0.6619,14.6740,5.7301,-0.6619
61.110,map,14.7145,5.7225,-0.6617,14.6937,5.7148,-0.6619
61.210,map,14.7336,5.7076,-0.6617,14.7128,5.6999,-0.6619
61.310,map,14.7522,5.6931,-0.6618,14.7315,5.6853,-0.6620
61.410,map,14.7705,5.6789,-0.6620,14.7497,5.6712,-0.6620
61.510,map,14.7879,5.6653,-0.6620,14.7670,5.6577,-0.6620
61.610,map,14.8018,5.6545,-0.6619,14.7809,5.6468,-0.6620
61.710,map,14.8118,5.6467,-0.6618,14.7909,5.6391,-0.6620
61.810,map,14.8178,5.6420,-0.6618,14.7969,5.6344,-0.6620
61.910,map,14.8198,5.6404,-0.6618,14.7989,5.6328,-0.6620
62.010,map,14.8198,5.6404,-0.6618,14.7989,5.6328,-0.6620
62.110,map,14.8198,5.6404,-0.6543,14.7989,5.6328,-0.6544
62.210,map,14.8198,5.6404,-0.6316,14.7989,5.6328,-0.6317
62.310,map,14.8198,5.6404,-0.5938,14.7989,5.6328,-0.5941
62.410,map,14.8198,5.6404,-0.5407,14.7989,5.6328,-0.5414
62.510,map,14.8198,5.6404,-0.4725,14.7989,5.6328,-0.4738
62.610,map,14.8198,5.6404,-0.3890,14.7989,5.6328,-0.3911
62.710,map,14.8198,5.6404,-0.2982,14.7989,5.6328,-0.3011
62.810,map,14.8198,5.6404,-0.2066,14.7989,5.6328,-0.2111
62.910,map,14.8198,5.6404,-0.1175,14.7989,5.6328,-0.1211
63.010,map,14.8198,5.6404,-0.0274,14.7989,5.6328,-0.0311
63.110,map,14.8198,5.6404,0.0629,14.7989,5.6328,0.0589
63.210,map,14.8198,5.6404,0.1521,14.7989,5.6328,0.1489
63.310,map,14.8198,5.6404,0.2429,14.7989,5.6328,0.2389
63.410,map,14.8222,5.6412,0.3324,14.8013,5.6335,0.3289
63.510,map,14.8291,5.6439,0.4201,14.8082,5.6363,0.4170
63.610,map,14.8402,5.6495,0.4958,14.8194,5.6418,0.4933
63.710,map,14.8552,5.6583,0.5607,14.8344,5.6506,0.5573
63.810,map,14.8739,5.6708,0.6142,14.8531,5.6630,0.6109
63.910,map,14.8958,5.6870,0.6592,14.8752,5.6793,0.6559
64.010,map,14.9212,5.7075,0.6972,14.9006,5.6996,0.6938
64.110,map,14.9496,5.7321,0.7288,14.9289,5.7240,0.7259
64.210,map,14.9805,5.7605,0.7558,14.9602,5.7526,0.7531
64.310,map,15.0127,5.7916,0.7794,14.9923,5.7834,0.7763
64.410,map,15.0440,5.8231,0.7993,15.0238,5.8149,0.7961
64.510,map,15.0750,5.8555,0.8166,15.0548,5.8472,0.8129
64.610,map,15.1064,5.8871,0.8280,15.0854,5.8799,0.8272
64.710,map,15.1366,5.9202,0.8402,15.1155,5.9131,0.8397
64.810,map,15.1663,5.9537,0.8511,15.1453,5.9467,0.8507
64.910,map,15.1955,5.9873,0.8605,15.1747,5.9806,0.8600
65.010,map,15.2248,6.0217,0.8682,15.2039,6.0148,0.8681
65.110,map,15.2540,6.0564,0.8750,15.2329,6.0492,0.8749
65.210,map,15.2823,6.0905,0.8810,15.2616,6.0838,0.8808
65.310,map,15.3110,6.1255,0.8861,15.2901,6.1185,0.8859
65.410,map,15.3393,6.1603,0.8902,15.3185,6.1534,0.8901
65.510,map,15.3674,6.1951,0.8939,15.3467,6.1885,0.8938
65.610,map,15.3958,6.2306,0.8971,15.3749,6.2236,0.8970
65.710,map,15.4236,6.2656,0.8998,15.4029,6.2588,0.8997
65.810,map,15.4516,6.3009,0.9022,15.4308,6.2940,0.9020
65.910,map,15.4792,6.3360,0.9042,15.4587,6.3294,0.9040
66.010,map,15.5072,6.3716,0.9063,15.4865,6.3648,0.9057
66.110,map,15.5347,6.4067,0.9078,15.5142,6.4002,0.9072
66.210,map,15.5625,6.4423,0.9089,15.5419,6.4357,0.9083
66.310,map,15.5902,6.4780,0.9097,15.5696,6.4711,0.9094
66.410,map,15.6175,6.5131,0.9106,15.5972,6.5067,0.9102
66.510,map,15.6449,6.5484,0.9114,15.6248,6.5422,0.9110
66.610,map,15.6725,6.5841,0.9122,15.6524,6.5778,0.9117
66.710,map,15.7001,6.6197,0.9127,15.6799,6.6134,0.9123
66.810,map,15.7274,6.6551,0.9136,15.7074,6.6490,0.9127
66.910,map,15.7549,6.6907,0.9141,15.7350,6.6846,0.9131
67.010,map,15.7914,6.7264,0.9144,15.7625,6.7202,0.9134
67.110,map,15.8200,6.7623,0.9147,15.7900,6.7558,0.9140
67.210,map,15.8474,6.7979,0.9152,15.8174,6.7915,0.9147
67.310,map,15.8747,6.8334,0.9159,15.8449,6.8271,0.9155
67.410,map,15.9017,6.8686,0.9163,15.8723,6.8628,0.9161
67.510,map,15.9289,6.9041,0.9169,15.8997,6.8985,0.9167
67.610,map,15.9563,6.9398,0.9175,15.9270,6.9342,0.9171
67.710,map,15.9835,6.9753,0.9184,15.9544,6.9700,0.9176
67.810,map,16.0108,7.0111,0.9182,15.9817,7.0057,0.9179
67.910,map,16.0381,7.0468,0.9185,16.0091,7.0415,0.9182
68.010,map,16.0656,7.0828,0.9192,16.0364,7.0772,0.9184
68.110,map,16.0928,7.1185,0.9191,16.0637,7.1130,0.9186
68.210,map,16.1200,7.1541,0.9191,16.0910,7.1487,0.9188
68.310,map,16.1475,7.1903,0.9193,16.1183,7.1845,0.9190
68.410,map,16.1747,7.2259,0.9194,16.1456,7.2203,0.9192
68.510,map,16.2023,7.2621,0.9199,16.1729,7.2561,0.9193
68.610,map,16.2295,7.2978,0.9201,16.2002,7.2919,0.9194
68.710,map,16.2565,7.3334,0.9205,16.2275,7.3276,0.9195
68.810,map,16.2840,7.3695,0.9204,16.2547,7.3634,0.9195
68.910,map,16.3112,7.4053,0.9205,16.2820,7.3992,0.9195
69.010,map,16.3386,7.4412,0.9205,16.3093,7.4350,0.9195
69.110,map,16.3658,7.4770,0.9206,16.3366,7.4708,0.9195
69.210,map,16.3930,7.5128,0.9207,16.3638,7.5066,0.9195
69.310,map,16.4203,7.5487,0.9209,16.3911,7.5424,0.9195
69.410,map,16.4476,7.5846,0.9207,16.4184,7.5782,0.9194
69.510,map,16.4749,7.6205,0.9206,16.4457,7.6140,0.9194
69.610,map,16.5023,7.6565,0.9208,16.4730,7.6497,0.9193
69.710,map,16.5297,7.6926,0.9208,16.5003,7.6855,0.9193
69.810,map,16.5572,7.7287,0.9206,16.5275,7.7213,0.9192
69.910,map,16.5844,7.7645,0.9186,16.5547,7.7569,0.9172
70.010,map,16.6120,7.8003,0.9094,16.5820,7.7922,0.9079
70.110,map,16.6399,7.8358,0.9005,16.6098,7.8275,0.8992
70.210,map,16.6679,7.8708,0.8928,16.6379,7.8626,0.8916
70.310,map,16.6960,7.9055,0.8862,16.6663,7.8974,0.8850
70.410,map,16.7243,7.9399,0.8806,16.6949,7.9322,0.8793
70.510,map,16.7526,7.9741,0.8759,16.7236,7.9667,0.8743
70.610,map,16.7815,8.0086,0.8714,16.7526,8.0012,0.8699
70.710,map,16.8106,8.0430,0.8674,16.7816,8.0355,0.8661
70.810,map,16.8397,8.0772,0.8643,16.8108,8.0697,0.8627
70.910,map,16.8690,8.1114,0.8617,16.8402,8.1038,0.8598
71.010,map,16.8982,8.1454,0.8590,16.8696,8.1379,0.8571
71.110,map,16.9278,8.1797,0.8565,16.8991,8.1719,0.8548
71.210,map,16.9570,8.2133,0.8544,16.9286,8.2058,0.8530
71.310,map,16.9867,8.2473,0.8532,16.9582,8.2397,0.8519
71.410,map,17.0161,8.2810,0.8524,16.9879,8.2735,0.8509
71.510,map,17.0443,8.3130,0.8437,17.0160,8.3054,0.8423
71.610,map,17.0696,8.3409,0.8199,17.0413,8.3332,0.8187
71.710,map,17.0923,8.3643,0.7809,17.0640,8.3566,0.7801
71.810,map,17.1121,8.3830,0.7275,17.0840,8.3755,0.7265
71.910,map,17.1293,8.3974,0.6629,17.1013,8.3899,0.6617
72.010,map,17.1434,8.4078,0.6015,17.1155,8.4003,0.6003
72.110,map,17.1541,8.4147,0.5428,17.1260,8.4071,0.5420
72.200,map,17.1621,8.4193,0.4930,17.1341,8.4117,0.4923
72.300,map,17.1719,8.4242,0.4418,17.1438,8.4165,0.4407
72.400,map,17.1826,8.4289,0.3954,17.1544,8.4212,0.3944
72.500,map,17.1954,8.4340,0.3563,17.1672,8.4262,0.3547
72.600,map,17.2118,8.4397,0.3231,17.1835,8.4319,0.3213
72.700,map,17.2301,8.4456,0.2943,17.2018,8.4377,0.2931
72.800,map,17.2501,8.4514,0.2707,17.2218,8.4435,0.2694
72.900,map,17.2714,8.4570,0.2507,17.2434,8.4492,0.2495
73.000,map,17.2934,8.4625,0.2337,17.2653,8.4546,0.2326
73.100,map,17.3154,8.4675,0.2196,17.2873,8.4597,0.2183
73.200,map,17.3387,8.4726,0.2074,17.3107,8.4647,0.2062
73.300,map,17.3626,8.4775,0.1970,17.3349,8.4696,0.1959
73.400,map,17.3872,8.4903,0.1884,17.3595,8.4744,0.1873
73.500,map,17.4119,8.4969,0.1808,17.3842,8.4790,0.1798
73.600,map,17.4364,8.5013,0.1742,17.4089,8.4834,0.1732
73.700,map,17.4610,8.5055,0.1687,17.4336,8.4876,0.1676
73.800,map,17.4865,8.5098,0.1638,17.4587,8.4918,0.1629
73.900,map,17.5119,8.5139,0.1597,17.4838,8.4959,0.1589
74.000,map,17.5370,8.5179,0.1563,17.5089,8.4998,0.1555
74.100,map,17.5618,8.5218,0.1534,17.5338,8.5037,0.1526
74.200,map,17.5865,8.5256,0.1510,17.5586,8.5075,0.1502
74.300,map,17.6114,8.5294,0.1488,17.5835,8.5112,0.1482
74.400,map,17.6366,8.5331,0.1471,17.6086,8.5150,0.1464
74.500,map,17.6614,8.5368,0.1459,17.6335,8.5186,0.1450
74.600,map,17.6864,8.5404,0.1445,17.6581,8.5222,0.1437
74.700,map,17.7105,8.5439,0.1435,17.6822,8.5257,0.1426
74.800,map,17.7353,8.5475,0.1427,17.7068,8.5292,0.1417
74.900,map,17.7607,8.5511,0.1420,17.7320,8.5328,0.1409
75.000,map,17.7845,8.5545,0.1415,17.7562,8.5362,0.1403
75.100,map,17.8094,8.5581,0.1412,17.7810,8.5397,0.1397
75.200,map,17.8342,8.5616,0.1405,17.8058,8.5432,0.1391
75.300,map,17.8587,8.5650,0.1400,17.8302,8.5466,0.1387
75.400,map,17.8839,8.5686,0.1396,17.8552,8.5501,0.1383
75.500,map,17.9086,8.5721,0.1394,17.8800,8.5535,0.1380
75.600,map,17.9323,8.5754,0.1390,17.9032,8.5567,0.1377
75.700,map,17.9574,8.5789,0.1389,17.9285,8.5602,0.1374
75.800,map,17.9823,8.5824,0.1387,17.9533,8.5637,0.1372
75.900,map,18.0073,8.5859,0.1386,17.9781,8.5671,0.1370
76.000,map,18.0327,8.5894,0.1384,18.0034,8.5706,0.1369
76.100,map,18.0580,8.5929,0.1383,18.0288,8.5741,0.1367
76.200,map,18.0828,8.5964,0.1382,18.0536,8.5775,0.1366
76.300,map,18.1065,8.5997,0.1381,18.0774,8.5807,0.1365
76.400,map,18.1302,8.6029,0.1380,18.1010,8.5840,0.1364
76.500,map,18.1549,8.6064,0.1378,18.1256,8.5874,0.1363
76.600,map,18.1796,8.6098,0.1376,18.1505,8.5908,0.1363
76.700,map,18.2047,8.6133,0.1377,18.1756,8.5942,0.1362
76.800,map,18.2299,8.6168,0.1376,18.2009,8.5977,0.1362
76.900,map,18.2555,8.6203,0.1379,18.2263,8.6012,0.1362
77.000,map,18.2809,8.6238,0.1379,18.2517,8.6047,0.1361
77.100,map,18.3065,8.6274,0.1378,18.2776,8.6082,0.1361
77.200,map,18.3322,8.6310,0.1378,18.3034,8.6117,0.1360
77.300,map,18.3580,8.6345,0.1380,18.3290,8.6152,0.1359
77.400,map,18.3837,8.6381,0.1381,18.3546,8.6187,0.1359
77.500,map,18.4093,8.6417,0.1380,18.3803,8.6222,0.1358
77.600,map,18.4354,8.6453,0.1381,18.4063,8.6258,0.1357
77.700,map,18.4619,8.6490,0.1382,18.4331,8.6295,0.1356
77.800,map,18.4885,8.6527,0.1382,18.4598,8.6331,0.1355
77.900,map,18.5166,8.6566,0.1383,18.4876,8.6369,0.1354
78.000,map,18.5443,8.6604,0.1382,18.5150,8.6406,0.1352
78.100,map,18.5715,8.6642,0.1378,18.5420,8.6443,0.1351
78.200,map,18.5985,8.6680,0.1378,18.5693,8.6480,0.1350
78.300,map,18.6280,8.6721,0.1377,18.5989,8.6520,0.1350
78.400,map,18.6610,8.6766,0.1378,18.6320,8.6565,0.1349
78.500,map,18.6952,8.6814,0.1375,18.6662,8.6612,0.1349
78.600,map,18.7302,8.6862,0.1375,18.7012,8.6659,0.1348
78.700,map,18.7664,8.6912,0.1375,18.7371,8.6708,0.1348
78.800,map,18.8059,8.6967,0.1375,18.7765,8.6761,0.1348
78.900,map,18.8470,8.7024,0.1374,18.8177,8.6817,0.1348
79.000,map,18.8882,8.7081,0.1373,18.8592,8.6873,0.1348
79.100,map,18.9331,8.7143,0.1371,18.9036,8.6934,0.1348
79.200,map,18.9778,8.7204,0.1370,18.9482,8.6994,0.1348
79.300,map,19.0223,8.7266,0.1369,18.9928,8.7055,0.1349
79.400,map,19.0668,8.7327,0.1371,19.0374,8.7115,0.1349
79.500,map,19.0957,8.7375,0.1345,19.0820,8.7176,0.1350
79.600,map,19.1363,8.7431,0.1337,19.1266,8.7236,0.1353
79.700,map,19.1809,8.7491,0.1343,19.1712,8.7297,0.1357
79.800,map,19.2256,8.7552,0.1347,19.2158,8.7358,0.1362
79.900,map,19.2703,8.7612,0.1352,19.2603,8.7419,0.1365
80.000,map,19.3148,8.7673,0.1357,19.3049,8.7481,0.1368
80.100,map,19.3588,8.7733,0.1360,19.3495,8.7542,0.1371
80.200,map,19.4034,8.7794,0.1366,19.3941,8.7603,0.1373
80.300,map,19.4473,8.7855,0.1368,19.4387,8.7665,0.1374
80.400,map,19.4916,8.7916,0.1370,19.4832,8.7727,0.1375
80.500,map,19.5364,8.7978,0.1368,19.5278,8.7788,0.1376
80.600,map,19.5809,8.8039,0.1368,19.5724,8.7850,0.1376
80.700,map,19.6337,8.8101,0.1368,19.6170,8.7912,0.1377
80.800,map,19.6807,8.8163,0.1368,19.6615,8.7974,0.1379
80.900,map,19.7251,8.8224,0.1368,19.7061,8.8036,0.1381
81.000,map,19.7695,8.8285,0.1371,19.7507,8.8098,0.1383
81.100,map,19.8143,8.8347,0.1374,19.7952,8.8160,0.1385
81.200,map,19.8591,8.8409,0.1378,19.8398,8.8222,0.1387
81.300,map,19.9034,8.8470,0.1382,19.8835,8.8283,0.1388
81.400,map,19.9463,8.8530,0.1385,19.9263,8.8343,0.1389
81.500,map,19.9881,8.8588,0.1386,19.9678,8.8401,0.1389
81.600,map,20.0286,8.8645,0.1386,20.0083,8.8457,0.1389
81.700,map,20.0682,8.8700,0.1387,20.0478,8.8513,0.1389
81.800,map,20.1068,8.8754,0.1384,20.0863,8.8566,0.1389
81.900,map,20.1441,8.8806,0.1387,20.1239,8.8619,0.1390
82.000,map,20.1814,8.8858,0.1386,20.1604,8.8670,0.1389
82.100,map,20.2170,8.8908,0.1384,20.1961,8.8720,0.1389
82.200,map,20.2517,8.8956,0.1382,20.2308,8.8769,0.1389
82.300,map,20.2855,8.9003,0.1382,20.2647,8.8816,0.1390
82.400,map,20.3187,8.9049,0.1384,20.2977,8.8862,0.1391
82.500,map,20.3513,8.9095,0.1384,20.3299,8.8907,0.1391
82.600,map,20.3825,8.9138,0.1386,20.3612,8.8951,0.1392
82.700,map,20.4129,8.9180,0.1387,20.3918,8.8994,0.1392
82.800,map,20.4424,8.9222,0.1387,20.4216,8.9036,0.1392
82.900,map,20.4712,8.9262,0.1389,20.4506,8.9076,0.1392
83.000,map,20.4998,8.9302,0.1389,20.4790,8.9116,0.1392
83.100,map,20.5273,8.9340,0.1390,20.5066,8.9155,0.1391
83.200,map,20.5540,8.9378,0.1387,20.5335,8.9192,0.1391
83.300,map,20.5802,8.9414,0.1386,20.5597,8.9229,0.1391
83.400,map,20.6060,8.9450,0.1387,20.5853,8.9265,0.1391
83.500,map,20.6309,8.9485,0.1387,20.6102,8.9300,0.1391
83.600,map,20.6550,8.9519,0.1388,20.6345,8.9334,0.1391
83.700,map,20.6787,8.9552,0.1388,20.6582,8.9367,0.1390
83.800,map,20.7018,8.9584,0.1387,20.6813,8.9399,0.1390
83.900,map,20.7239,8.9615,0.1387,20.7033,8.9430,0.1390
84.000,map,20.7415,8.9639,0.1388,20.7210,8.9455,0.1390
84.100,map,20.7542,8.9657,0.1388,20.7338,8.9473,0.1390
84.200,map,20.7621,8.9668,0.1388,20.7416,8.9484,0.1390
84.300,map,20.7650,8.9672,0.1388,20.7444,8.9488,0.1390
84.400,map,20.7650,8.9672,0.1388,20.7444,8.9488,0.1390
84.500,map,20.7650,8.9672,0.1465,20.7444,8.9488,0.1467
84.600,map,20.7650,8.9672,0.1693,20.7444,8.9488,0.1693
84.700,map,20.7650,8.9672,0.2073,20.7444,8.9488,0.2070
84.800,map,20.7650,8.9672,0.2600,20.7444,8.9488,0.2596
84.900,map,20.7650,8.9672,0.3289,20.7444,8.9488,0.3273
85.000,map,20.7650,8.9672,0.4110,20.7444,8.9488,0.4099
85.100,map,20.7650,8.9672,0.5004,20.7444,8.9488,0.4999
85.200,map,20.7650,8.9672,0.5909,20.7444,8.9488,0.5899
85.300,map,20.7650,8.9672,0.6788,20.7444,8.9488,0.6799
85.400,map,20.7650,8.9672,0.7673,20.7444,8.9488,0.7699
85.500,map,20.7650,8.9672,0.8561,20.7444,8.9488,0.8599
85.600,map,20.7650,8.9672,0.9453,20.7444,8.9488,0.9499
85.700,map,20.7650,8.9672,1.0362,20.7444,8.9488,1.0399
85.800,map,20.7650,8.9672,1.1255,20.7444,8.9488,1.1299
85.900,map,20.7650,8.9672,1.2151,20.7444,8.9488,1.2199
86.000,map,20.7650,8.9672,1.3048,20.7444,8.9488,1.3099
86.100,map,20.7650,8.9672,1.3949,20.7444,8.9488,1.3999
86.200,map,20.7650,8.9672,1.4838,20.7444,8.9488,1.4899
86.300,map,20.7650,8.9672,1.5743,20.7444,8.9488,1.5799
86.400,map,20.7650,8.9672,1.6645,20.7444,8.9488,1.6699
86.500,map,20.7650,8.9672,1.7551,20.7444,8.9488,1.7599
86.600,map,20.7650,8.9672,1.8439,20.7444,8.9488,1.8499
86.700,map,20.7650,8.9672,1.9337,20.7444,8.9488,1.9399
86.800,map,20.7650,8.9672,2.0215,20.7444,8.9488,2.0299
86.900,map,20.7650,8.9672,2.1126,20.7444,8.9488,2.1199
87.000,map,20.7650,8.9672,2.2028,20.7444,8.9488,2.2099
87.100,map,20.7650,8.9672,2.2923,20.7444,8.9488,2.2999
87.200,map,20.7650,8.9672,2.3812,20.7444,8.9488,2.3899
87.300,map,20.7645,8.9676,2.4712,20.7440,8.9491,2.4799
87.400,map,20.7605,8.9705,2.5604,20.7399,8.9520,2.5699
87.500,map,20.7519,8.9756,2.6431,20.7313,8.9570,2.6528
87.600,map,20.7385,8.9822,2.7141,20.7179,8.9635,2.7227
87.700,map,20.7201,8.9899,2.7743,20.6994,8.9710,2.7812
87.800,map,20.6967,8.9982,2.8245,20.6758,8.9792,2.8301
87.900,map,20.6680,9.0069,2.8652,20.6471,8.9877,2.8711
88.000,map,20.6342,9.0158,2.9000,20.6133,8.9965,2.9057
88.100,map,20.5952,9.0248,2.9291,20.5743,9.0052,2.9351
88.200,map,20.5517,9.0336,2.9538,20.5311,9.0137,2.9600
88.300,map,20.5077,9.0415,2.9756,20.4872,9.0212,2.9814
88.400,map,20.4641,9.0483,2.9945,20.4431,9.0280,2.9996
88.500,map,20.4198,9.0545,3.0099,20.3987,9.0339,3.0151
88.600,map,20.3753,9.0601,3.0232,20.3542,9.0393,3.0284
88.700,map,20.3303,9.0624,3.0406,20.3096,9.0441,3.0398
88.800,map,20.2856,9.0659,3.0514,20.2649,9.0484,3.0489
88.900,map,20.2409,9.0698,3.0587,20.2201,9.0524,3.0560
89.000,map,20.1963,9.0733,3.0645,20.1753,9.0561,3.0620
89.100,map,20.1515,9.0767,3.0696,20.1305,9.0596,3.0671
89.200,map,20.1068,9.0798,3.0739,20.0856,9.0628,3.0715
89.300,map,20.0625,9.0827,3.0775,20.0407,9.0659,3.0753
89.400,map,20.0175,9.0855,3.0811,19.9958,9.0688,3.0786
89.500,map,19.9721,9.0882,3.0839,19.9509,9.0716,3.0814
89.600,map,19.9272,9.0907,3.0864,19.9060,9.0742,3.0838
89.700,map,19.8822,9.0932,3.0884,19.8611,9.0768,3.0858
89.800,map,19.8372,9.0955,3.0903,19.8161,9.0793,3.0875
89.900,map,19.7926,9.0992,3.0892,19.7712,9.0817,3.0891
90.000,map,19.7475,9.1019,3.0900,19.7263,9.0840,3.0906
90.100,map,19.7028,9.1042,3.0918,19.6813,9.0862,3.0923
90.200,map,19.6582,9.1064,3.0935,19.6364,9.0884,3.0938
90.300,map,19.6134,9.1085,3.0948,19.5914,9.0905,3.0951
90.400,map,19.5635,9.1108,3.0958,19.5420,9.0928,3.0963
90.500,map,19.5233,9.1126,3.0967,19.5015,9.0946,3.0971
90.600,map,19.4782,9.1146,3.0978,19.4566,9.0966,3.0980
90.700,map,19.4327,9.1166,3.0983,19.4116,9.0986,3.0986
90.800,map,19.3879,9.1185,3.0988,19.3667,9.1005,3.0993
90.900,map,19.3428,9.1205,3.0991,19.3217,9.1024,3.0998
91.000,map,19.2973,9.1224,3.0995,19.2767,9.1042,3.1003
91.100,map,19.2521,9.1243,3.0998,19.2318,9.1061,3.1007
91.200,map,19.2070,9.1262,3.0998,19.1868,9.1079,3.1011
91.300,map,19.1622,9.1280,3.1004,19.1419,9.1097,3.1015
91.400,map,19.1168,9.1299,3.1008,19.0969,9.1115,3.1019
91.500,map,19.0719,9.1317,3.1010,19.0519,9.1133,3.1022
91.600,map,19.0268,9.1335,3.1014,19.0070,9.1151,3.1025
91.700,map,18.9820,9.1353,3.1016,18.9620,9.1168,3.1027
91.800,map,18.9370,9.1371,3.1017,18.9170,9.1186,3.1029
91.900,map,18.8922,9.1389,3.1021,18.8721,9.1203,3.1030
92.000,map,18.8471,9.1407,3.1022,18.8271,9.1220,3.1032
92.100,map,18.8021,9.1425,3.1026,18.7821,9.1238,3.1033
92.200,map,18.7570,9.1442,3.1027,18.7372,9.1255,3.1034
92.300,map,18.7125,9.1459,3.1027,18.6922,9.1272,3.1034
92.400,map,18.6668,9.1477,3.1028,18.6472,9.1289,3.1034
92.500,map,18.6218,9.1495,3.1030,18.6023,9.1306,3.1035
92.600,map,18.5767,9.1512,3.1032,18.5573,9.1324,3.1035
92.700,map,18.5322,9.1529,3.1013,18.5124,9.1341,3.1015
92.800,map,18.4876,9.1549,3.0944,18.4675,9.1360,3.0945
92.900,map,18.4421,9.1572,3.0889,18.4226,9.1383,3.0892
93.000,map,18.3973,9.1596,3.0843,18.3777,9.1408,3.0845
93.100,map,18.3526,9.1623,3.0807,18.3328,9.1434,3.0804
93.200,map,18.3080,9.1652,3.0711,18.2886,9.1463,3.0710
93.300,map,18.2656,9.1685,3.0548,18.2460,9.1496,3.0551
93.400,map,18.2236,9.1725,3.0369,18.2041,9.1536,3.0370
93.500,map,18.1820,9.1773,3.0162,18.1626,9.1584,3.0164
93.600,map,18.1418,9.1829,2.9926,18.1225,9.1639,2.9930
93.700,map,18.1027,9.1892,2.9690,18.0832,9.1703,2.9691
93.800,map,18.0637,9.1965,2.9443,18.0441,9.1776,2.9441
93.900,map,18.0262,9.2045,2.9177,18.0063,9.1857,2.9177
94.000,map,17.9893,9.2134,2.8915,17.9692,9.1946,2.8918
94.100,map,17.9518,9.2235,2.8656,17.9316,9.2047,2.8661
94.200,map,17.9134,9.2349,2.8415,17.8933,9.2161,2.8417
94.300,map,17.8778,9.2463,2.8178,17.8576,9.2276,2.8176
94.400,map,17.8433,9.2585,2.7871,17.8232,9.2397,2.7867
94.500,map,17.8141,9.2700,2.7409,17.7940,9.2512,2.7408
94.600,map,17.7899,9.2811,2.6797,17.7699,9.2622,2.6800
94.700,map,17.7711,9.2911,2.6170,17.7511,9.2723,2.6170
94.800,map,17.7545,9.3014,2.5625,17.7346,9.2825,2.5631
94.900,map,17.7360,9.3141,2.5185,17.7160,9.2953,2.5179
95.000,map,17.7160,9.3291,2.4801,17.6960,9.3103,2.4798
95.100,map,17.6948,9.3462,2.4477,17.6747,9.3274,2.4475
95.200,map,17.6731,9.3647,2.4204,17.6531,9.3459,2.4204
95.300,map,17.6522,9.3836,2.3974,17.6324,9.3646,2.3975
95.400,map,17.6307,9.4037,2.3782,17.6110,9.3846,2.3782
95.500,map,17.6095,9.4244,2.3617,17.5897,9.4054,2.3617
95.600,map,17.5887,9.4453,2.3480,17.5689,9.4263,2.3478
95.700,map,17.5684,9.4661,2.3360,17.5486,9.4472,2.3360
95.800,map,17.5473,9.4884,2.3263,17.5274,9.4694,2.3261
95.900,map,17.5265,9.5106,2.3176,17.5069,9.4915,2.3176
96.000,map,17.5070,9.5319,2.3102,17.4872,9.5129,2.3104
96.100,map,17.4867,9.5543,2.3040,17.4671,9.5351,2.3043
96.200,map,17.4667,9.5766,2.2988,17.4470,9.5575,2.2992
96.300,map,17.4477,9.5980,2.2944,17.4278,9.5791,2.2948
96.400,map,17.4282,9.6201,2.2905,17.4084,9.6011,2.2912
96.500,map,17.4085,9.6427,2.2874,17.3886,9.6237,2.2881
96.600,map,17.3889,9.6653,2.2850,17.3689,9.6464,2.2855
96.700,map,17.3687,9.6886,2.2829,17.3488,9.6696,2.2833
96.800,map,17.3483,9.7123,2.2809,17.3284,9.6933,2.2815
96.900,map,17.3278,9.7361,2.2795,17.3078,9.7172,2.2799
97.000,map,17.3083,9.7589,2.2780,17.2884,9.7398,2.2785
97.100,map,17.2885,9.7822,2.2769,17.2685,9.7632,2.2773
97.200,map,17.2763,9.8058,2.2759,17.2483,9.7869,2.2763
97.300,map,17.2585,9.8291,2.2751,17.2285,9.8101,2.2756
97.400,map,17.2403,9.8505,2.2745,17.2103,9.8316,2.2752
97.500,map,17.2212,9.8731,2.2742,17.1911,9.8541,2.2749
97.600,map,17.2019,9.8958,2.2737,17.1717,9.8769,2.2747
97.700,map,17.1823,9.9190,2.2735,17.1521,9.9001,2.2745
97.800,map,17.1624,9.9424,2.2736,17.1323,9.9234,2.2744
97.900,map,17.1426,9.9659,2.2736,17.1125,9.9467,2.2742
98.000,map,17.1227,9.9893,2.2733,17.0925,9.9703,2.2741
98.100,map,17.1026,10.0131,2.2730,17.0725,9.9939,2.2740
98.200,map,17.0828,10.0365,2.2729,17.0525,10.0175,2.2739
98.300,map,17.0629,10.0601,2.2727,17.0327,10.0409,2.2739
98.400,map,17.0428,10.0838,2.2728,17.0126,10.0646,2.2738
98.500,map,17.0223,10.1081,2.2726,16.9919,10.0890,2.2738
98.600,map,17.0016,10.1326,2.2726,16.9711,10.1135,2.2738
98.700,map,16.9809,10.1571,2.2728,16.9502,10.1383,2.2738
98.800,map,16.9594,10.1824,2.2728,16.9286,10.1637,2.2738
98.900,map,16.9377,10.2081,2.2727,16.9068,10.1894,2.2738
99.000,map,16.9152,10.2347,2.2727,16.8841,10.2162,2.2738
99.100,map,16.8815,10.2628,2.2722,16.8601,10.2445,2.2738
99.200,map,16.8570,10.2918,2.2723,16.8354,10.2737,2.2734
99.300,map,16.8307,10.3229,2.2722,16.8091,10.3048,2.2731
99.400,map,16.8035,10.3551,2.2716,16.7817,10.3371,2.2728
99.500,map,16.7753,10.3886,2.2714,16.7537,10.3703,2.2725
99.600,map,16.7463,10.4230,2.2711,16.7247,10.4046,2.2722
99.700,map,16.7173,10.4574,2.2709,16.6956,10.4390,2.2721
99.800,map,16.6882,10.4919,2.2709,16.6666,10.4734,2.2719
99.900,map,16.6591,10.5264,2.2706,16.6376,10.5078,2.2717
100.000,map,16.6301,10.5609,2.2705,16.6086,10.5422,2.2716
100.100,map,16.6010,10.5955,2.2707,16.5796,10.5766,2.2715
100.200,map,16.5719,10.6300,2.2706,16.5505,10.6110,2.2714
100.300,map,16.5431,10.6642,2.2707,16.5215,10.6454,2.2712
100.400,map,16.5143,10.7039,2.2705,16.4925,10.6798,2.2711
100.500,map,16.4852,10.7385,2.2702,16.4635,10.7142,2.2712
100.600,map,16.4565,10.7727,2.2703,16.4345,10.7486,2.2714
100.700,map,16.4276,10.8070,2.2705,16.4055,10.7830,2.2715
100.800,map,16.3987,10.8413,2.2707,16.3765,10.8174,2.2717
100.900,map,16.3696,10.8759,2.2708,16.3475,10.8518,2.2718
101.000,map,16.3407,10.9102,2.2707,16.3185,10.8862,2.2719
101.100,map,16.3116,10.9448,2.2708,16.2894,10.9206,2.2719
101.200,map,16.2823,10.9795,2.2710,16.2604,10.9549,2.2721
101.300,map,16.2536,11.0136,2.2710,16.2314,10.9893,2.2721
101.400,map,16.2246,11.0480,2.2713,16.2023,11.0237,2.2722
101.500,map,16.1956,11.0824,2.2714,16.1733,11.0581,2.2722
101.600,map,16.1663,11.1171,2.2716,16.1442,11.0924,2.2722
101.700,map,16.1372,11.1515,2.2713,16.1152,11.1268,2.2722
101.800,map,16.1084,11.1857,2.2710,16.0862,11.1612,2.2722
101.900,map,16.0795,11.2200,2.2713,16.0571,11.1956,2.2722
102.000,map,16.0506,11.2544,2.2711,16.0281,11.2300,2.2723
102.100,map,16.0216,11.2887,2.2709,15.9991,11.2643,2.2723
102.200,map,15.9930,11.3227,2.2708,15.9700,11.2987,2.2724
102.300,map,15.9639,11.3573,2.2711,15.9410,11.3331,2.2725
102.400,map,15.9349,11.3917,2.2715,15.9119,11.3674,2.2725
102.500,map,15.9058,11.4262,2.2715,15.8829,11.4018,2.2726
102.600,map,15.8766,11.4607,2.2714,15.8538,11.4362,2.2726
102.700,map,15.8476,11.4952,2.2712,15.8248,11.4705,2.2726
102.800,map,15.8186,11.5248,2.2711,15.7957,11.5049,2.2726
102.900,map,15.7898,11.5590,2.2704,15.7667,11.5393,2.2724
103.000,map,15.7606,11.5937,2.2699,15.7376,11.5737,2.2721
103.100,map,15.7318,11.6280,2.2697,15.7087,11.6079,2.2720
103.200,map,15.7036,11.6615,2.2693,15.6804,11.6415,2.2718
103.300,map,15.6759,11.6945,2.2692,15.6528,11.6741,2.2718
103.400,map,15.6489,11.7266,2.2692,15.6259,11.7060,2.2717
103.500,map,15.6227,11.7578,2.2694,15.5998,11.7370,2.2717
103.600,map,15.5974,11.7880,2.2694,15.5742,11.7672,2.2716
103.700,map,15.5727,11.8174,2.2693,15.5494,11.7967,2.2715
103.800,map,15.5489,11.8457,2.2692,15.5251,11.8255,2.2715
103.900,map,15.5253,11.8739,2.2690,15.5015,11.8535,2.2714
104.000,map,15.5025,11.9010,2.2689,15.4784,11.8808,2.2714
104.100,map,15.4800,11.9279,2.2689,15.4560,11.9075,2.2713
104.200,map,15.4580,11.9541,2.2687,15.4340,11.9335,2.2713
104.300,map,15.4367,11.9795,2.2688,15.4127,11.9588,2.2713
104.400,map,15.4157,12.0045,2.2689,15.3919,11.9835,2.2713
104.500,map,15.3956,12.0284,2.2688,15.3716,12.0075,2.2713
104.600,map,15.3759,12.0520,2.2687,15.3519,12.0309,2.2713
104.700,map,15.3565,12.0751,2.2689,15.3326,12.0538,2.2714
104.800,map,15.3377,12.0975,2.2692,15.3138,12.0761,2.2714
104.900,map,15.3193,12.1194,2.2691,15.2955,12.0978,2.2713
105.000,map,15.3017,12.1404,2.2690,15.2777,12.1189,2.2713
105.100,map,15.2846,12.1607,2.2690,15.2603,12.1395,2.2712
105.200,map,15.2677,12.1808,2.2689,15.2433,12.1596,2.2712
105.300,map,15.2513,12.2004,2.2689,15.2268,12.1792,2.2712
105.400,map,15.2351,12.2197,2.2690,15.2107,12.1984,2.2712
105.500,map,15.2194,12.2384,2.2688,15.1950,12.2170,2.2711
105.600,map,15.2040,12.2568,2.2688,15.1797,12.2352,2.2711
105.700,map,15.1891,12.2746,2.2688,15.1648,12.2528,2.2711
105.800,map,15.1759,12.2903,2.2688,15.1516,12.2685,2.2711
105.900,map,15.1659,12.3022,2.2688,15.1416,12.2804,2.2711
106.000,map,15.1591,12.3103,2.2688,15.1348,12.2884,2.2711
106.100,map,15.1556,12.3145,2.2689,15.1313,12.2926,2.2711
106.200,map,15.1550,12.3152,2.2689,15.1307,12.2933,2.2711
106.300,map,15.1550,12.3152,2.2689,15.1307,12.2933,2.2711
106.400,map,15.1550,12.3152,2.2689,15.1307,12.2933,2.2711
106.500,map,15.1550,12.3152,2.2708,15.1307,12.2933,2.2730
106.600,map,15.1550,12.3152,2.2860,15.1307,12.2933,2.2882
106.700,map,15.1550,12.3152,2.3164,15.1307,12.2933,2.3183
106.800,map,15.1550,12.3152,2.3617,15.1307,12.2933,2.3635
106.900,map,15.1550,12.3152,2.4210,15.1307,12.2933,2.4236
107.000,map,15.1550,12.3152,2.4971,15.1307,12.2933,2.4988
107.100,map,15.1550,12.3152,2.5842,15.1307,12.2933,2.5870
107.200,map,15.1550,12.3152,2.6744,15.1307,12.2933,2.6770
107.300,map,15.1550,12.3152,2.7644,15.1307,12.2933,2.7670
107.400,map,15.1550,12.3152,2.8558,15.1307,12.2933,2.8570
107.500,map,15.1550,12.3152,2.9466,15.1307,12.2933,2.9470
107.600,map,15.1550,12.3152,3.0360,15.1307,12.2933,3.0370
107.700,map,15.1550,12.3152,3.1251,15.1307,12.2933,3.1270
107.800,map,15.1544,12.3151,-3.0679,15.1301,12.2932,-3.0662
107.900,map,15.1495,12.3145,-2.9770,15.1252,12.2926,-2.9762
108.000,map,15.1398,12.3124,-2.8944,15.1155,12.2905,-2.8929
108.100,map,15.1254,12.3082,-2.8237,15.1012,12.2863,-2.8225
108.200,map,15.1070,12.3015,-2.7656,15.0824,12.2794,-2.7636
108.300,map,15.0842,12.2918,-2.7165,15.0595,12.2696,-2.7144
108.400,map,15.0570,12.2788,-2.6759,15.0325,12.2566,-2.6730
108.500,map,15.0262,12.2626,-2.6413,15.0016,12.2402,-2.6381
108.600,map,14.9918,12.2430,-2.6121,14.9669,12.2204,-2.6087
108.700,map,14.9537,12.2201,-2.5870,14.9293,12.1976,-2.5839
108.800,map,14.9161,12.1963,-2.5661,14.8918,12.1736,-2.5629
108.900,map,14.8790,12.1717,-2.5484,14.8546,12.1488,-2.5451
109.000,map,14.8419,12.1543,-2.5328,14.8177,12.1234,-2.5301
109.100,map,14.8054,12.1305,-2.5197,14.7812,12.0974,-2.5173
109.200,map,14.7694,12.1043,-2.5087,14.7449,12.0710,-2.5065
109.300,map,14.7334,12.0777,-2.5001,14.7089,12.0442,-2.4974
109.400,map,14.6974,12.0506,-2.4917,14.6731,12.0170,-2.4888
109.500,map,14.6620,12.0234,-2.4835,14.6375,11.9896,-2.4805
109.600,map,14.6263,11.9957,-2.4778,14.6021,11.9619,-2.4749
109.700,map,14.5910,11.9679,-2.4732,14.5668,11.9340,-2.4706
109.800,map,14.5557,11.9399,-2.4693,14.5316,11.9059,-2.4669
109.900,map,14.5206,11.9119,-2.4664,14.4965,11.8778,-2.4638
110.000,map,14.4853,11.8835,-2.4638,14.4615,11.8495,-2.4611
110.100,map,14.4500,11.8550,-2.4617,14.4266,11.8212,-2.4589
110.200,map,14.4146,11.8264,-2.4598,14.3917,11.7927,-2.4570
110.300,map,14.3800,11.7982,-2.4582,14.3569,11.7643,-2.4554
110.400,map,14.3452,11.7699,-2.4568,14.3221,11.7357,-2.4540
110.500,map,14.3102,11.7413,-2.4556,14.2873,11.7071,-2.4529
110.600,map,14.2753,11.7126,-2.4546,14.2526,11.6785,-2.4519
110.700,map,14.2405,11.6841,-2.4534,14.2179,11.6499,-2.4511
110.800,map,14.2055,11.6552,-2.4528,14.1832,11.6212,-2.4504
110.900,map,14.1709,11.6268,-2.4524,14.1485,11.5925,-2.4499
111.000,map,14.1359,11.5979,-2.4523,14.1139,11.5638,-2.4494
111.100,map,14.1011,11.5693,-2.4519,14.0793,11.5351,-2.4490
111.200,map,14.0667,11.5408,-2.4514,14.0446,11.5063,-2.4486
111.300,map,14.0320,11.5122,-2.4510,14.0100,11.4776,-2.4482
111.400,map,13.9971,11.4833,-2.4504,13.9754,11.4488,-2.4480
111.500,map,13.9621,11.4544,-2.4502,13.9408,11.4200,-2.4478
111.600,map,13.9273,11.4255,-2.4505,13.9062,11.3912,-2.4476
111.700,map,13.8927,11.3970,-2.4505,13.8716,11.3625,-2.4474
111.800,map,13.8580,11.3682,-2.4502,13.8370,11.3337,-2.4473
111.900,map,13.8234,11.3396,-2.4496,13.8025,11.3049,-2.4471
112.000,map,13.7886,11.3107,-2.4494,13.7679,11.2761,-2.4470
112.100,map,13.7539,11.2820,-2.4494,13.7333,11.2473,-2.4470
112.200,map,13.7190,11.2530,-2.4494,13.6987,11.2185,-2.4470
112.300,map,13.6840,11.2240,-2.4491,13.6642,11.1897,-2.4470
112.400,map,13.6491,11.1951,-2.4490,13.6296,11.1609,-2.4470
112.500,map,13.6149,11.1667,-2.4488,13.5950,11.1321,-2.4470
112.600,map,13.5804,11.1381,-2.4490,13.5604,11.1032,-2.4471
112.700,map,13.5460,11.1095,-2.4491,13.5259,11.0745,-2.4474
112.800,map,13.5113,11.0807,-2.4490,13.4913,11.0457,-2.4476
112.900,map,13.4769,11.0522,-2.4494,13.4567,11.0169,-2.4478
113.000,map,13.4423,11.0235,-2.4494,13.4221,10.9881,-2.4479
113.100,map,13.4074,10.9946,-2.4494,13.3875,10.9593,-2.4481
113.200,map,13.3730,10.9660,-2.4492,13.3529,10.9306,-2.4482
113.300,map,13.3379,10.9370,-2.4495,13.3183,10.9018,-2.4484
113.400,map,13.3032,10.9082,-2.4493,13.2836,10.8731,-2.4485
113.500,map,13.2686,10.8795,-2.4497,13.2490,10.8443,-2.4487
113.600,map,13.2339,10.8508,-2.4500,13.2144,10.8156,-2.4488
113.700,map,13.1993,10.8221,-2.4499,13.1798,10.7868,-2.4489
113.800,map,13.1645,10.7933,-2.4496,13.1451,10.7581,-2.4490
113.900,map,13.1300,10.7505,-2.4498,13.1105,10.7294,-2.4491
114.000,map,13.0952,10.7217,-2.4503,13.0759,10.7006,-2.4495
114.100,map,13.0604,10.6929,-2.4503,13.0412,10.6719,-2.4498
114.200,map,13.0257,10.6642,-2.4508,13.0066,10.6432,-2.4501
114.300,map,12.9912,10.6357,-2.4511,12.9719,10.6145,-2.4504
114.400,map,12.9567,10.6072,-2.4512,12.9372,10.5859,-2.4507
114.500,map,12.9216,10.5782,-2.4513,12.9025,10.5572,-2.4509
114.600,map,12.8872,10.5498,-2.4514,12.8678,10.5285,-2.4511
114.700,map,12.8523,10.5210,-2.4515,12.8332,10.4999,-2.4513
114.800,map,12.8177,10.4924,-2.4517,12.7985,10.4712,-2.4515
114.900,map,12.7826,10.4635,-2.4516,12.7637,10.4426,-2.4516
115.000,map,12.7482,10.4351,-2.4518,12.7290,10.4139,-2.4518
115.100,map,12.7038,10.4067,-2.4523,12.6943,10.3853,-2.4519
115.200,map,12.6691,10.3781,-2.4519,12.6596,10.3567,-2.4519
115.300,map,12.6343,10.3494,-2.4518,12.6249,10.3280,-2.4518
115.400,map,12.5997,10.3209,-2.4516,12.5902,10.2994,-2.4517
115.500,map,12.5651,10.2923,-2.4515,12.5555,10.2707,-2.4516
115.600,map,12.5309,10.2640,-2.4520,12.5208,10.2421,-2.4520
115.700,map,12.4962,10.2355,-2.4525,12.4860,10.2135,-2.4524
115.800,map,12.4613,10.2068,-2.4528,12.4513,10.1849,-2.4527
115.900,map,12.4270,10.1785,-2.4528,12.4166,10.1563,-2.4529
116.000,map,12.3919,10.1496,-2.4529,12.3818,10.1277,-2.4532
116.100,map,12.3569,10.1208,-2.4532,12.3471,10.0991,-2.4534
116.200,map,12.3223,10.0924,-2.4536,12.3123,10.0705,-2.4537
116.300,map,12.2871,10.0589,-2.4537,12.2775,10.0420,-2.4538
116.400,map,12.2527,10.0307,-2.4541,12.2428,10.0134,-2.4540
116.500,map,12.2177,10.0019,-2.4545,12.2080,9.9848,-2.4542
116.600,map,12.1826,9.9731,-2.4545,12.1732,9.9563,-2.4544
116.700,map,12.1478,9.9446,-2.4547,12.1384,9.9277,-2.4545
116.800,map,12.1134,9.9164,-2.4543,12.1036,9.8992,-2.4546
116.900,map,12.0786,9.8878,-2.4542,12.0688,9.8707,-2.4548
117.000,map,12.0437,9.8592,-2.4548,12.0340,9.8421,-2.4549
117.100,map,12.0090,9.8307,-2.4550,11.9992,9.8136,-2.4551
117.200,map,11.9745,9.8024,-2.4553,11.9644,9.7851,-2.4551
117.300,map,11.9400,9.7742,-2.4548,11.9296,9.7566,-2.4552
117.400,map,11.9051,9.7455,-2.4548,11.8948,9.7280,-2.4553
117.500,map,11.8698,9.7118,-2.4551,11.8600,9.6995,-2.4554
117.600,map,11.8349,9.6833,-2.4549,11.8252,9.6710,-2.4556
117.700,map,11.7997,9.6544,-2.4554,11.7903,9.6425,-2.4558
117.800,map,11.7648,9.6258,-2.4553,11.7555,9.6140,-2.4560
117.900,map,11.7300,9.5973,-2.4552,11.7207,9.5855,-2.4562
118.000,map,11.6956,9.5692,-2.4556,11.6858,9.5571,-2.4564
118.100,map,11.6606,9.5404,-2.4557,11.6510,9.5286,-2.4566
118.200,map,11.6258,9.5120,-2.4560,11.6161,9.5001,-2.4567
118.300,map,11.5912,9.4837,-2.4563,11.5813,9.4717,-2.4568
118.400,map,11.5562,9.4551,-2.4567,11.5464,9.4432,-2.4569
118.500,map,11.5217,9.4269,-2.4567,11.5116,9.4147,-2.4569
118.600,map,11.4906,9.3984,-2.4564,11.4767,9.3863,-2.4565
118.700,map,11.4567,9.3699,-2.4563,11.4419,9.3578,-2.4561
118.800,map,11.4221,9.3415,-2.4560,11.4071,9.3293,-2.4558
118.900,map,11.3870,9.3129,-2.4557,11.3722,9.3008,-2.4556
119.000,map,11.3519,9.2841,-2.4555,11.3374,9.2723,-2.4554
119.100,map,11.3165,9.2552,-2.4556,11.3026,9.2438,-2.4552
119.200,map,11.2818,9.2267,-2.4554,11.2678,9.2152,-2.4550
119.300,map,11.2468,9.1981,-2.4552,11.2330,9.1867,-2.4548
119.400,map,11.2119,9.1695,-2.4550,11.1982,9.1582,-2.4546
119.500,map,11.1773,9.1411,-2.4547,11.1634,9.1296,-2.4545
119.600,map,11.1426,9.1127,-2.4545,11.1286,9.1011,-2.4544
119.700,map,11.1077,9.0840,-2.4543,11.0938,9.0726,-2.4544
119.800,map,11.0729,9.0554,-2.4542,11.0590,9.0440,-2.4544
119.900,map,11.0381,9.0269,-2.4543,11.0243,9.0155,-2.4544
120.000,map,11.0036,8.9985,-2.4540,10.9895,8.9869,-2.4544
120.100,map,10.9691,8.9702,-2.4539,10.9547,8.9584,-2.4544
120.200,map,10.9341,8.9415,-2.4538,10.9199,8.9298,-2.4544
120.300,map,10.8993,8.9128,-2.4538,10.8851,8.9013,-2.4545
120.400,map,10.8645,8.8843,-2.4539,10.8503,8.8727,-2.4546
120.500,map,10.8298,8.8557,-2.4542,10.8155,8.8442,-2.4546
120.600,map,10.7948,8.8270,-2.4542,10.7807,8.8156,-2.4546
120.700,map,10.7599,8.7984,-2.4543,10.7459,8.7871,-2.4547
120.800,map,10.7251,8.7698,-2.4543,10.7112,8.7586,-2.4547
120.900,map,10.6904,8.7414,-2.4541,10.6764,8.7300,-2.4547
121.000,map,10.6513,8.7165,-2.4543,10.6416,8.7015,-2.4547
121.100,map,10.6155,8.6890,-2.4544,10.6068,8.6730,-2.4545
121.200,map,10.5807,8.6604,-2.4537,10.5720,8.6444,-2.4540
121.300,map,10.5457,8.6316,-2.4533,10.5372,8.6158,-2.4536
121.400,map,10.5113,8.6033,-2.4526,10.5025,8.5873,-2.4533
121.500,map,10.4764,8.5745,-2.4525,10.4677,8.5587,-2.4530
121.600,map,10.4418,8.5460,-2.4527,10.4330,8.5301,-2.4530
121.700,map,10.4075,8.5178,-2.4531,10.3982,8.5015,-2.4532
121.800,map,10.3726,8.4891,-2.4535,10.3635,8.4729,-2.4535
121.900,map,10.3374,8.4602,-2.4539,10.3287,8.4443,-2.4536
122.000,map,10.3025,8.4316,-2.4543,10.2939,8.4158,-2.4537
122.100,map,10.2676,8.4029,-2.4545,10.2592,8.3872,-2.4537
122.200,map,10.2328,8.3743,-2.4543,10.2244,8.3586,-2.4537
122.300,map,10.1981,8.3459,-2.4547,10.1896,8.3300,-2.4537
122.400,map,10.1635,8.3175,-2.4547,10.1549,8.3015,-2.4537
122.500,map,10.1288,8.2890,-2.4548,10.1201,8.2729,-2.4536
122.600,map,10.0944,8.2608,-2.4548,10.0853,8.2443,-2.4536
122.700,map,10.0596,8.2323,-2.4551,10.0506,8.2157,-2.4535
122.800,map,10.0251,8.2040,-2.4552,10.0158,8.1872,-2.4534
122.900,map,9.9902,8.1754,-2.4551,9.9811,8.1586,-2.4533
123.000,map,9.9556,8.1471,-2.4549,9.9463,8.1300,-2.4531
123.100,map,9.9205,8.1183,-2.4548,9.9116,8.1014,-2.4530
123.200,map,9.8854,8.0895,-2.4548,9.8768,8.0728,-2.4529
123.300,map,9.8507,8.0611,-2.4544,9.8421,8.0442,-2.4529
123.400,map,9.8160,8.0326,-2.4545,9.8073,8.0156,-2.4528
123.500,map,9.7768,7.9987,-2.4525,9.7726,7.9870,-2.4528
123.600,map,9.7420,7.9700,-2.4527,9.7378,7.9584,-2.4531
123.700,map,9.7070,7.9413,-2.4533,9.7031,7.9298,-2.4536
123.800,map,9.6727,7.9131,-2.4536,9.6683,7.9013,-2.4539
123.900,map,9.6376,7.8843,-2.4539,9.6335,7.8727,-2.4542
124.000,map,9.6028,7.8556,-2.4541,9.5988,7.8441,-2.4545
124.100,map,9.5677,7.8269,-2.4548,9.5640,7.8156,-2.4548
124.200,map,9.5331,7.7985,-2.4548,9.5292,7.7871,-2.4549
124.300,map,9.4990,7.7705,-2.4569,9.4948,7.7589,-2.4570
124.400,map,9.4674,7.7451,-2.4727,9.4634,7.7336,-2.4723
124.500,map,9.4360,7.7210,-2.5030,9.4322,7.7096,-2.5026
124.600,map,9.4033,7.6978,-2.5481,9.3998,7.6866,-2.5479
124.700,map,9.3692,7.6762,-2.6083,9.3656,7.6650,-2.6077
124.800,map,9.3380,7.6562,-2.6677,9.3293,7.6449,-2.6673
124.900,map,9.2998,7.6380,-2.7200,9.2910,7.6266,-2.7184
125.000,map,9.2598,7.6211,-2.7631,9.2513,7.6097,-2.7616
125.100,map,9.2187,7.6056,-2.8003,9.2104,7.5943,-2.7983
125.200,map,9.1769,7.5915,-2.8318,9.1687,7.5801,-2.8294
125.300,map,9.1347,7.5786,-2.8578,9.1263,7.5671,-2.8557
125.400,map,9.0916,7.5666,-2.8796,9.0835,7.5550,-2.8781
125.500,map,9.0433,7.5543,-2.8971,9.0403,7.5438,-2.8973
125.600,map,8.9999,7.5439,-2.9136,8.9968,7.5334,-2.9140
125.700,map,8.9564,7.5341,-2.9279,8.9531,7.5236,-2.9283
125.800,map,8.9128,7.5249,-2.9399,8.9092,7.5144,-2.9405
125.900,map,8.8693,7.5163,-2.9503,8.8652,7.5057,-2.9510
126.000,map,8.8255,7.5080,-2.9590,8.8210,7.4974,-2.9599
126.100,map,8.7816,7.5001,-2.9665,8.7768,7.4894,-2.9676
126.200,map,8.7424,7.4870,-2.9727,8.7325,7.4818,-2.9741
126.300,map,8.6982,7.4796,-2.9789,8.6881,7.4744,-2.9801
126.400,map,8.6537,7.4725,-2.9842,8.6437,7.4673,-2.9852
126.500,map,8.6094,7.4655,-2.9884,8.5993,7.4604,-2.9895
126.600,map,8.5646,7.4587,-2.9922,8.5548,7.4537,-2.9932
126.700,map,8.5198,7.4520,-2.9951,8.5103,7.4471,-2.9964
126.800,map,8.4754,7.4455,-2.9976,8.4658,7.4406,-2.9991
126.900,map,8.4311,7.4392,-2.9999,8.4212,7.4343,-3.0015
127.000,map,8.3870,7.4329,-3.0019,8.3767,7.4281,-3.0036
127.100,map,8.3423,7.4267,-3.0036,8.3321,7.4219,-3.0054
127.200,map,8.2980,7.4206,-3.0050,8.2875,7.4158,-3.0069
127.300,map,8.2528,7.4144,-3.0065,8.2429,7.4098,-3.0083
127.400,map,8.2078,7.4083,-3.0074,8.1983,7.4039,-3.0094
127.500,map,8.1633,7.4023,-3.0089,8.1537,7.3980,-3.0104
127.600,map,8.1195,7.3965,-3.0098,8.1091,7.3921,-3.0112
127.700,map,8.0750,7.3906,-3.0101,8.0645,7.3863,-3.0119
127.800,map,8.0306,7.3847,-3.0106,8.0198,7.3805,-3.0125
127.900,map,7.9853,7.3788,-3.0109,7.9752,7.3747,-3.0130
128.000,map,7.9408,7.3729,-3.0113,7.9306,7.3689,-3.0135
128.100,map,7.8965,7.3672,-3.0121,7.8860,7.3632,-3.0139
128.200,map,7.8518,7.3614,-3.0128,7.8413,7.3575,-3.0143
128.300,map,7.8073,7.3556,-3.0126,7.7967,7.3518,-3.0146
128.400,map,7.7623,7.3498,-3.0127,7.7520,7.3461,-3.0148
128.500,map,7.7175,7.3440,-3.0129,7.7074,7.3404,-3.0151
128.600,map,7.6729,7.3382,-3.0130,7.6628,7.3347,-3.0153
128.700,map,7.6280,7.3324,-3.0133,7.6181,7.3290,-3.0155
128.800,map,7.5835,7.3267,-3.0135,7.5735,7.3234,-3.0157
128.900,map,7.5386,7.3209,-3.0136,7.5288,7.3177,-3.0158
129.000,map,7.4937,7.3151,-3.0137,7.4842,7.3121,-3.0160
129.100,map,7.4486,7.3093,-3.0141,7.4395,7.3065,-3.0161
129.200,map,7.4040,7.3036,-3.0142,7.3949,7.3008,-3.0162
129.300,map,7.3594,7.2979,-3.0142,7.3503,7.2952,-3.0163
129.400,map,7.3151,7.2922,-3.0140,7.3056,7.2896,-3.0163
129.500,map,7.2708,7.2865,-3.0143,7.2610,7.2840,-3.0164
129.600,map,7.2262,7.2808,-3.0146,7.2163,7.2783,-3.0164
129.700,map,7.1819,7.2752,-3.0145,7.1717,7.2727,-3.0164
129.800,map,7.1370,7.2694,-3.0147,7.1270,7.2671,-3.0164
129.900,map,7.0871,7.2637,-3.0149,7.0824,7.2615,-3.0164
130.000,map,7.0422,7.2579,-3.0149,7.0377,7.2559,-3.0164
130.100,map,6.9972,7.2522,-3.0146,6.9931,7.2502,-3.0163
130.200,map,6.9531,7.2466,-3.0144,6.9484,7.2446,-3.0162
130.300,map,6.9083,7.2408,-3.0144,6.9038,7.2390,-3.0161
130.400,map,6.8640,7.2352,-3.0144,6.8591,7.2334,-3.0161
130.500,map,6.8194,7.2295,-3.0145,6.8145,7.2277,-3.0160
130.600,map,6.7744,7.2237,-3.0144,6.7698,7.2221,-3.0160
130.700,map,6.7299,7.2180,-3.0151,6.7252,7.2165,-3.0166
130.800,map,6.6851,7.2124,-3.0167,6.6805,7.2109,-3.0181
130.900,map,6.6410,7.2069,-3.0181,6.6359,7.2054,-3.0195
131.000,map,6.5962,7.2013,-3.0195,6.5912,7.1999,-3.0207
131.100,map,6.5523,7.1958,-3.0204,6.5465,7.1945,-3.0218
131.200,map,6.5114,7.1903,-3.0215,6.5019,7.1892,-3.0228
131.300,map,6.4664,7.1848,-3.0221,6.4572,7.1838,-3.0237
131.400,map,6.4219,7.1794,-3.0161,6.4126,7.1785,-3.0174
131.500,map,6.3775,7.1736,-3.0052,6.3681,7.1727,-3.0065
131.600,map,6.3327,7.1672,-2.9956,6.3236,7.1664,-2.9967
131.700,map,6.2879,7.1604,-2.9870,6.2792,7.1597,-2.9879
131.800,map,6.2457,7.1536,-2.9712,6.2373,7.1529,-2.9719
131.900,map,6.2090,7.1467,-2.9399,6.2004,7.1461,-2.9408
132.000,map,6.1771,7.1395,-2.8942,6.1685,7.1389,-2.8955
132.100,map,6.1505,7.1320,-2.8376,6.1420,7.1315,-2.8395
132.200,map,6.1292,7.1247,-2.7850,6.1207,7.1242,-2.7866
132.300,map,6.1126,7.1181,-2.7371,6.1040,7.1176,-2.7400
132.400,map,6.0951,7.1102,-2.6978,6.0865,7.1097,-2.7006
132.500,map,6.0753,7.1003,-2.6654,6.0666,7.0999,-2.6675
132.600,map,6.0535,7.0886,-2.6373,6.0448,7.0883,-2.6395
132.700,map,6.0308,7.0758,-2.6138,6.0222,7.0755,-2.6163
132.800,map,6.0080,7.0628,-2.5951,5.9996,7.0621,-2.5963
132.900,map,5.9840,7.0482,-2.5786,5.9757,7.0473,-2.5789
133.000,map,5.9591,7.0323,-2.5638,5.9509,7.0314,-2.5640
133.100,map,5.9341,7.0157,-2.5509,5.9258,7.0148,-2.5512
133.200,map,5.9083,6.9982,-2.5403,5.8999,6.9972,-2.5402
133.300,map,5.8833,6.9809,-2.5309,5.8747,6.9798,-2.5309
133.400,map,5.8579,6.9630,-2.5232,5.8490,6.9616,-2.5230
133.500,map,5.8325,6.9447,-2.5165,5.8237,6.9435,-2.5162
133.600,map,5.8085,6.9273,-2.5106,5.7997,6.9260,-2.5104
133.700,map,5.7834,6.9089,-2.5056,5.7744,6.9074,-2.5054
133.800,map,5.7610,6.8922,-2.4932,5.7519,6.8907,-2.4931
133.900,map,5.7426,6.8779,-2.4658,5.7337,6.8765,-2.4657
134.000,map,5.7278,6.8655,-2.4268,5.7190,6.8643,-2.4270
134.100,map,5.7121,6.8514,-2.3913,5.7034,6.8502,-2.3919
134.200,map,5.6967,6.8366,-2.3619,5.6881,6.8355,-2.3623
134.300,map,5.6809,6.8206,-2.3371,5.6724,6.8196,-2.3375
134.400,map,5.6650,6.8037,-2.3157,5.6564,6.8026,-2.3165
134.500,map,5.6485,6.7855,-2.2981,5.6399,6.7845,-2.2988
134.600,map,5.6319,6.7666,-2.2829,5.6233,6.7655,-2.2838
134.700,map,5.6159,6.7478,-2.2702,5.6071,6.7466,-2.2713
134.800,map,5.6009,6.7297,-2.2598,5.5920,6.7285,-2.2606
134.900,map,5.5854,6.7108,-2.2506,5.5764,6.7094,-2.2517
135.000,map,5.5669,6.6918,-2.2429,5.5613,6.6906,-2.2441
135.100,map,5.5502,6.6732,-2.2365,5.5467,6.6721,-2.2377
135.200,map,5.5353,6.6541,-2.2309,5.5316,6.6529,-2.2322
135.300,map,5.5197,6.6339,-2.2262,5.5160,6.6327,-2.2275
135.400,map,5.5049,6.6146,-2.2223,5.5011,6.6133,-2.2236
135.500,map,5.4902,6.5952,-2.2189,5.4863,6.5939,-2.2203
135.600,map,5.4768,6.5775,-2.2162,5.4727,6.5759,-2.2175
135.700,map,5.4637,6.5601,-2.2139,5.4596,6.5586,-2.2152
135.800,map,5.4503,6.5422,-2.2118,5.4462,6.5407,-2.2132
135.900,map,5.4358,6.5226,-2.2102,5.4317,6.5212,-2.2115
136.000,map,5.4211,6.5029,-2.2089,5.4169,6.5013,-2.2101
136.100,map,5.4068,6.4835,-2.2077,5.4025,6.4820,-2.2089
136.200,map,5.3926,6.4643,-2.2069,5.3884,6.4629,-2.2078
136.300,map,5.3785,6.4452,-2.2060,5.3742,6.4437,-2.2069
136.400,map,5.3646,6.4264,-2.2051,5.3604,6.4250,-2.2061
136.500,map,5.3508,6.4076,-2.2046,5.3465,6.4062,-2.2055
136.600,map,5.3369,6.3886,-2.2041,5.3325,6.3872,-2.2050
136.700,map,5.3223,6.3687,-2.2038,5.3179,6.3672,-2.2045
136.800,map,5.3079,6.3491,-2.2053,5.3034,6.3476,-2.2060
136.900,map,5.2958,6.3329,-2.2200,5.2914,6.3315,-2.2207
137.000,map,5.2840,6.3176,-2.2407,5.2796,6.3163,-2.2421
137.100,map,5.2709,6.3015,-2.2590,5.2666,6.3003,-2.2606
137.200,map,5.2580,6.2860,-2.2752,5.2536,6.2848,-2.2765
137.300,map,5.2459,6.2720,-2.2884,5.2415,6.2708,-2.2898
137.400,map,5.2330,6.2573,-2.2994,5.2285,6.2560,-2.3010
137.500,map,5.2189,6.2417,-2.3088,5.2144,6.2405,-2.3105
137.600,map,5.2048,6.2263,-2.3167,5.2003,6.2252,-2.3186
137.700,map,5.1903,6.2108,-2.3235,5.1859,6.2097,-2.3254
137.800,map,5.1750,6.1945,-2.3293,5.1705,6.1935,-2.3312
137.900,map,5.1599,6.1787,-2.3343,5.1554,6.1777,-2.3361
138.000,map,5.1463,6.1645,-2.3384,5.1417,6.1635,-2.3403
138.100,map,5.1329,6.1506,-2.3420,5.1283,6.1496,-2.3438
138.200,map,5.1187,6.1361,-2.3451,5.1141,6.1352,-2.3467
138.300,map,5.1043,6.1214,-2.3476,5.0997,6.1205,-2.3492
138.400,map,5.0897,6.1066,-2.3496,5.0850,6.1057,-2.3513
138.500,map,5.0743,6.0910,-2.3514,5.0695,6.0901,-2.3531
138.600,map,5.0578,6.0744,-2.3530,5.0532,6.0737,-2.3546
138.700,map,5.0409,6.0574,-2.3542,5.0361,6.0566,-2.3558
138.800,map,5.0239,6.0403,-2.3554,5.0193,6.0397,-2.3569
138.900,map,5.0062,6.0226,-2.3562,5.0015,6.0220,-2.3578
139.000,map,4.9878,6.0043,-2.3568,4.9831,6.0036,-2.3586
139.100,map,4.9680,5.9846,-2.3576,4.9633,5.9840,-2.3592
139.200,map,4.9467,5.9633,-2.3582,4.9418,5.9626,-2.3598
139.300,map,4.9240,5.9407,-2.3588,4.9193,5.9403,-2.3602
139.400,map,4.9001,5.9169,-2.3593,4.8953,5.9165,-2.3606
139.500,map,4.8747,5.8917,-2.3597,4.8701,5.8915,-2.3609
139.600,map,4.8487,5.8659,-2.3599,4.8440,5.8657,-2.3612
139.700,map,4.8209,5.8383,-2.3603,4.8162,5.8381,-2.3614
139.800,map,4.7915,5.8092,-2.3604,4.7865,5.8087,-2.3615
139.900,map,4.7608,5.7786,-2.3529,4.7556,5.7780,-2.3540
140.000,map,4.7303,5.7472,-2.3309,4.7247,5.7464,-2.3320
140.100,map,4.7002,5.7147,-2.3057,4.6945,5.7138,-2.3071
140.200,map,4.6705,5.6811,-2.2837,4.6649,5.6805,-2.2856
140.300,map,4.6419,5.6474,-2.2652,4.6360,5.6465,-2.2675
140.400,map,4.6132,5.6124,-2.2497,4.6075,5.6119,-2.2520
140.500,map,4.5852,5.5772,-2.2366,4.5795,5.5769,-2.2390
140.600,map,4.5577,5.5417,-2.2256,4.5519,5.5415,-2.2278
140.700,map,4.5305,5.5059,-2.2157,4.5247,5.5059,-2.2183
140.800,map,4.5034,5.4697,-2.2077,4.4977,5.4699,-2.2102
140.900,map,4.4770,5.4336,-2.2007,4.4710,5.4337,-2.2033
141.000,map,4.4508,5.3974,-2.1946,4.4445,5.3974,-2.1974
141.100,map,4.4244,5.3606,-2.1890,4.4183,5.3609,-2.1924
141.200,map,4.3985,5.3240,-2.1849,4.3922,5.3243,-2.1883
141.300,map,4.3730,5.2877,-2.1817,4.3662,5.2875,-2.1847
141.400,map,4.3473,5.2509,-2.1785,4.3403,5.2507,-2.1817
141.500,map,4.3217,5.2140,-2.1760,4.3146,5.2138,-2.1791
141.600,map,4.2962,5.1770,-2.1739,4.2889,5.1769,-2.1769
141.700,map,4.2708,5.1401,-2.1721,4.2633,5.1399,-2.1749
141.800,map,4.2456,5.1032,-2.1703,4.2378,5.1028,-2.1733
141.900,map,4.2203,5.0663,-2.1694,4.2123,5.0657,-2.1719
142.000,map,4.1952,5.0294,-2.1682,4.1869,5.0286,-2.1706
142.100,map,4.1699,4.9922,-2.1669,4.1615,4.9914,-2.1695
142.200,map,4.1451,4.9555,-2.1661,4.1361,4.9542,-2.1686
142.300,map,4.1199,4.9183,-2.1652,4.1108,4.9170,-2.1678
142.400,map,4.0857,4.8812,-2.1644,4.0855,4.8798,-2.1671
142.500,map,4.0599,4.8442,-2.1637,4.0603,4.8426,-2.1663
142.600,map,4.0349,4.8071,-2.1627,4.0351,4.8053,-2.1654
142.700,map,4.0098,4.7698,-2.1620,4.0099,4.7680,-2.1646
142.800,map,3.9847,4.7324,-2.1613,3.9847,4.7307,-2.1640
142.900,map,3.9597,4.6950,-2.1607,3.9596,4.6934,-2.1634
143.000,map,3.9346,4.6575,-2.1601,3.9344,4.6561,-2.1629
143.100,map,3.9097,4.6201,-2.1593,3.9093,4.6187,-2.1625
143.200,map,3.8844,4.5823,-2.1591,3.8842,4.5814,-2.1622
143.300,map,3.8594,4.5448,-2.1591,3.8591,4.5440,-2.1620
143.400,map,3.8345,4.5074,-2.1589,3.8341,4.5066,-2.1618
143.500,map,3.8095,4.4699,-2.1589,3.8090,4.4693,-2.1615
143.600,map,3.7845,4.4324,-2.1589,3.7839,4.4319,-2.1613
143.700,map,3.7593,4.3947,-2.1584,3.7589,4.3945,-2.1611
143.800,map,3.7344,4.3572,-2.1583,3.7338,4.3571,-2.1609
143.900,map,3.7094,4.3197,-2.1583,3.7088,4.3197,-2.1608
144.000,map,3.6843,4.2821,-2.1581,3.6838,4.2823,-2.1606
144.100,map,3.6593,4.2444,-2.1578,3.6587,4.2449,-2.1605
144.200,map,3.6345,4.2072,-2.1578,3.6337,4.2075,-2.1604
144.300,map,3.6098,4.1701,-2.1579,3.6087,4.1701,-2.1604
144.400,map,3.5851,4.1328,-2.1578,3.5837,4.1327,-2.1603
144.500,map,3.5601,4.0953,-2.1579,3.5587,4.0953,-2.1603
144.600,map,3.5353,4.0580,-2.1576,3.5336,4.0579,-2.1602
144.700,map,3.5101,4.0201,-2.1578,3.5086,4.0205,-2.1601
144.800,map,3.4849,3.9823,-2.1576,3.4836,3.9831,-2.1600
144.900,map,3.4602,3.9451,-2.1578,3.4586,3.9457,-2.1600
145.000,map,3.4403,3.9079,-2.1574,3.4336,3.9083,-2.1599
145.100,map,3.4193,3.8701,-2.1573,3.4086,3.8709,-2.1600
145.200,map,3.3946,3.8330,-2.1581,3.3836,3.8335,-2.1607
145.300,map,3.3696,3.7956,-2.1589,3.3586,3.7961,-2.1613
145.400,map,3.3447,3.7582,-2.1596,3.3335,3.7587,-2.1618
145.500,map,3.3195,3.7205,-2.1602,3.3084,3.7213,-2.1622
145.600,map,3.2944,3.6829,-2.1608,3.2833,3.6840,-2.1625
145.700,map,3.2693,3.6456,-2.1609,3.2582,3.6466,-2.1627
145.800,map,3.2441,3.6079,-2.1610,3.2331,3.6093,-2.1629
145.900,map,3.2190,3.5705,-2.1612,3.2080,3.5720,-2.1631
146.000,map,3.1937,3.5327,-2.1613,3.1829,3.5346,-2.1633
146.100,map,3.1685,3.4951,-2.1613,3.1577,3.4973,-2.1634
146.200,map,3.1435,3.4578,-2.1615,3.1326,3.4600,-2.1636
146.300,map,3.1192,3.4215,-2.1616,3.1079,3.4233,-2.1637
146.400,map,3.0952,3.3858,-2.1615,3.0838,3.3875,-2.1638
146.500,map,3.0719,3.3511,-2.1617,3.0603,3.3526,-2.1640
146.600,map,3.0490,3.3169,-2.1619,3.0373,3.3187,-2.1641
146.700,map,3.0267,3.2836,-2.1618,3.0150,3.2855,-2.1642
146.800,map,3.0051,3.2514,-2.1617,2.9932,3.2532,-2.1643
146.900,map,2.9839,3.2199,-2.1620,2.9720,3.2218,-2.1644
147.000,map,2.9631,3.1888,-2.1620,2.9513,3.1911,-2.1645
147.100,map,2.9428,3.1587,-2.1621,2.9311,3.1612,-2.1646
147.200,map,2.9229,3.1291,-2.1618,2.9114,3.1320,-2.1647
147.300,map,2.9039,3.1007,-2.1617,2.8922,3.1036,-2.1648
147.400,map,2.8852,3.0728,-2.1618,2.8735,3.0760,-2.1650
147.500,map,2.8671,3.0458,-2.1618,2.8553,3.0490,-2.1651
147.600,map,2.8495,3.0196,-2.1617,2.8376,3.0227,-2.1653
147.700,map,2.8321,2.9937,-2.1620,2.8202,2.9971,-2.1655
147.800,map,2.8152,2.9685,-2.1625,2.8033,2.9721,-2.1656
147.900,map,2.7981,2.9445,-2.1643,2.7869,2.9478,-2.1657
148.000,map,2.7821,2.9208,-2.1643,2.7708,2.9241,-2.1655
148.100,map,2.7665,2.8977,-2.1640,2.7552,2.9009,-2.1650
148.200,map,2.7513,2.8753,-2.1637,2.7400,2.8784,-2.1646
148.300,map,2.7366,2.8534,-2.1632,2.7251,2.8564,-2.1642
148.400,map,2.7223,2.8321,-2.1627,2.7107,2.8349,-2.1638
148.500,map,2.7082,2.8111,-2.1627,2.6966,2.8140,-2.1635
148.600,map,2.6944,2.7906,-2.1625,2.6828,2.7936,-2.1632
148.700,map,2.6812,2.7710,-2.1622,2.6695,2.7738,-2.1628
148.800,map,2.6682,2.7516,-2.1618,2.6564,2.7544,-2.1625
148.900,map,2.6554,2.7325,-2.1617,2.6437,2.7355,-2.1623
149.000,map,2.6442,2.7157,-2.1537,2.6326,2.7188,-2.1544
149.100,map,2.6361,2.7031,-2.1307,2.6244,2.7061,-2.1314
149.200,map,2.6308,2.6945,-2.0928,2.6191,2.6974,-2.0935
149.300,map,2.6284,2.6900,-2.0410,2.6167,2.6929,-2.0406
149.400,map,2.6281,2.6894,-1.9730,2.6164,2.6923,-1.9727
149.500,map,2.6281,2.6894,-1.8901,2.6164,2.6923,-1.8898
149.600,map,2.6281,2.6894,-1.8004,2.6164,2.6923,-1.7998
149.700,map,2.6281,2.6894,-1.7103,2.6164,2.6923,-1.7098
149.800,map,2.6281,2.6894,-1.6194,2.6164,2.6923,-1.6198
149.900,map,2.6281,2.6894,-1.5293,2.6164,2.6923,-1.5298
150.000,map,2.6281,2.6894,-1.4395,2.6164,2.6923,-1.4398
150.100,map,2.6281,2.6894,-1.3507,2.6164,2.6923,-1.3498
150.200,map,2.6281,2.6894,-1.2594,2.6164,2.6923,-1.2598
150.300,map,2.6281,2.6894,-1.1688,2.6164,2.6923,-1.1698
150.400,map,2.6281,2.6894,-1.0794,2.6164,2.6923,-1.0798
150.500,map,2.6281,2.6894,-0.9893,2.6164,2.6923,-0.9898
150.600,map,2.6281,2.6894,-0.8986,2.6164,2.6923,-0.8998
150.700,map,2.6281,2.6894,-0.8089,2.6164,2.6923,-0.8098
150.800,map,2.6281,2.6894,-0.7205,2.6164,2.6923,-0.7198
150.900,map,2.6281,2.6894,-0.6303,2.6164,2.6923,-0.6298
151.000,map,2.6281,2.6894,-0.5383,2.6164,2.6923,-0.5398
151.100,map,2.6281,2.6894,-0.4531,2.6164,2.6923,-0.4538
151.200,map,2.6281,2.6894,-0.3798,2.6164,2.6923,-0.3801
151.300,map,2.6281,2.6894,-0.3184,2.6164,2.6923,-0.3184
151.400,map,2.6281,2.6894,-0.2679,2.6164,2.6923,-0.2668
151.500,map,2.6281,2.6894,-0.2253,2.6164,2.6923,-0.2237
151.600,map,2.6281,2.6894,-0.1885,2.6164,2.6923,-0.1875
151.700,map,2.6281,2.6894,-0.1583,2.6164,2.6923,-0.1572
151.800,map,2.6281,2.6894,-0.1334,2.6164,2.6923,-0.1319
151.900,map,2.6281,2.6894,-0.1174,2.6164,2.6923,-0.1158
152.000,map,2.6281,2.6894,-0.1148,2.6164,2.6923,-0.1133
152.100,map,2.6281,2.6894,-0.1148,2.6164,2.6923,-0.1133
152.200,map,2.6281,2.6894,-0.1148,2.6164,2.6923,-0.1133
152.300,map,2.6281,2.6894,-0.1148,2.6164,2.6923,-0.1133
152.400,map,2.6281,2.6894,-0.1148,2.6164,2.6923,-0.1133
152.500,map,2.6281,2.6894,-0.1148,2.6164,2.6923,-0.1133
152.600,map,2.6281,2.6894,-0.1148,2.6164,2.6923,-0.1133
152.700,map,2.6281,2.6894,-0.1148,2.6164,2.6923,-0.1133
152.800,map,2.6281,2.6894,-0.1148,2.6164,2.6923,-0.1133
152.900,map,2.6281,2.6894,-0.1148,2.6164,2.6923,-0.1133
153.000,map,2.6281,2.6894,-0.1148,2.6164,2.6923,-0.1133
153.100,map,2.6281,2.6894,-0.1148,2.6164,2.6923,-0.1133
153.200,map,2.6281,2.6894,-0.1148,2.6164,2.6923,-0.1133
153.300,map,2.6281,2.6894,-0.1148,2.6164,2.6923,-0.1133
153.400,map,2.6281,2.6894,-0.1148,2.6164,2.6923,-0.1133
153.500,map,2.6281,2.6894,-0.1148,2.6164,2.6923,-0.1133
153.600,map,2.6281,2.6894,-0.1148,2.6164,2.6923,-0.1133
153.700,map,2.6281,2.6894,-0.1148,2.6164,2.6923,-0.1133
153.800,map,2.6281,2.6894,-0.1148,2.6164,2.6923,-0.1133
153.900,map,2.6281,2.6894,-0.1148,2.6164,2.6923,-0.1133
154.000,map,2.6281,2.6894,-0.1148,2.6164,2.6923,-0.1133
154.100,map,2.6281,2.6894,-0.1148,2.6164,2.6923,-0.1133
154.200,map,2.6281,2.6894,-0.1148,2.6164,2.6923,-0.1133
154.300,map,2.6281,2.6894,-0.1148,2.6164,2.6923,-0.1133
154.400,map,2.6281,2.6894,-0.1148,2.6164,2.6923,-0.1133
154.500,map,2.6281,2.6894,-0.1148,2.6164,2.6923,-0.1133
154.600,map,2.6281,2.6894,-0.1148,2.6164,2.6923,-0.1133
154.700,map,2.6281,2.6894,-0.1148,2.6164,2.6923,-0.1133
154.800,map,2.6281,2.6894,-0.1148,2.6164,2.6923,-0.1133
154.900,map,2.6281,2.6894,-0.1148,2.6164,2.6923,-0.1133
155.000,map,2.6281,2.6894,-0.1148,2.6164,2.6923,-0.1133
155.100,map,2.6281,2.6894,-0.1148,2.6164,2.6923,-0.1133
155.200,map,2.6281,2.6894,-0.1148,2.6164,2.6923,-0.1133
155.300,map,2.6281,2.6894,-0.1148,2.6164,2.6923,-0.1133
155.400,map,2.6281,2.6894,-0.1148,2.6164,2.6923,-0.1133
155.500,map,2.6281,2.6894,-0.1148,2.6164,2.6923,-0.1133
155.600,map,2.6281,2.6894,-0.1148,2.6164,2.6923,-0.1133
155.700,map,2.6281,2.6894,-0.1148,2.6164,2.6923,-0.1133
155.800,map,2.6281,2.6894,-0.1148,2.6164,2.6923,-0.1133
155.900,map,2.6281,2.6894,-0.1148,2.6164,2.6923,-0.1133
156.000,map,2.6281,2.6894,-0.1148,2.6164,2.6923,-0.1133
156.100,map,2.6281,2.6894,-0.1148,2.6164,2.6923,-0.1133
156.200,map,2.6281,2.6894,-0.1148,2.6164,2.6923,-0.1133
156.300,map,2.6281,2.6894,-0.1148,2.6164,2.6923,-0.1133
156.400,map,2.6281,2.6894,-0.1148,2.6164,2.6923,-0.1133
156.500,map,2.6281,2.6894,-0.1148,2.6164,2.6923,-0.1133
156.600,map,2.6281,2.6894,-0.1148,2.6164,2.6923,-0.1133
156.700,map,2.6281,2.6894,-0.1148,2.6164,2.6923,-0.1133
156.800,map,2.6281,2.6894,-0.1148,2.6164,2.6923,-0.1133
156.900,map,2.6281,2.6894,-0.1148,2.6164,2.6923,-0.1133
157.000,map,2.6281,2.6894,-0.1148,2.6164,2.6923,-0.1133
157.100,map,2.6281,2.6894,-0.1148,2.6164,2.6923,-0.1133
157.200,map,2.6281,2.6894,-0.1148,2.6164,2.6923,-0.1133
157.300,map,2.6281,2.6894,-0.1148,2.6164,2.6923,-0.1133
157.400,map,2.6281,2.6894,-0.1148,2.6164,2.6923,-0.1133
157.500,map,2.6281,2.6894,-0.1148,2.6164,2.6923,-0.1133
157.600,map,2.6281,2.6894,-0.1148,2.6164,2.6923,-0.1133
157.700,map,2.6281,2.6894,-0.1148,2.6164,2.6923,-0.1133
157.800,map,2.6281,2.6894,-0.1148,2.6164,2.6923,-0.1133
157.900,map,2.6281,2.6894,-0.1148,2.6164,2.6923,-0.1133
158.000,map,2.6281,2.6894,-0.1148,2.6164,2.6923,-0.1133
158.100,map,2.6281,2.6894,-0.1148,2.6164,2.6923,-0.1133
158.200,map,2.6281,2.6894,-0.1148,2.6164,2.6923,-0.1133
158.300,map,2.6281,2.6894,-0.1148,2.6164,2.6923,-0.1133
158.400,map,2.6281,2.6894,-0.1148,2.6164,2.6923,-0.1133
158.500,map,2.6281,2.6894,-0.1148,2.6164,2.6923,-0.1133
158.600,map,2.6281,2.6894,-0.1148,2.6164,2.6923,-0.1133
158.700,map,2.6281,2.6894,-0.1148,2.6164,2.6923,-0.1133
158.800,map,2.6281,2.6894,-0.1148,2.6164,2.6923,-0.1133
158.900,map,2.6281,2.6894,-0.1148,2.6164,2.6923,-0.1133
159.000,map,2.6281,2.6894,-0.1148,2.6164,2.6923,-0.1133
159.100,map,2.6281,2.6894,-0.1148,2.6164,2.6923,-0.1133
159.200,map,2.6281,2.6894,-0.1148,2.6164,2.6923,-0.1133
159.300,map,2.6281,2.6894,-0.1148,2.6164,2.6923,-0.1133
159.400,map,2.6281,2.6894,-0.1148,2.6164,2.6923,-0.1133
159.510,map,2.6281,2.6894,-0.1148,2.6164,2.6923,-0.1133
159.610,map,2.6281,2.6894,-0.1148,2.6164,2.6923,-0.1133
159.710,map,2.6281,2.6894,-0.1148,2.6164,2.6923,-0.1133
159.810,map,2.6281,2.6894,-0.1148,2.6164,2.6923,-0.1133
159.910,map,2.6281,2.6894,-0.1148,2.6164,2.6923,-0.1133
160.010,map,2.6281,2.6894,-0.1148,2.6164,2.6923,-0.1133
160.110,map,2.6281,2.6894,-0.1148,2.6164,2.6923,-0.1133
160.210,map,2.6281,2.6894,-0.1148,2.6164,2.6923,-0.1133
160.310,map,2.6281,2.6894,-0.1148,2.6164,2.6923,-0.1133
160.410,map,2.6281,2.6894,-0.1148,2.6164,2.6923,-0.1133
160.510,map,2.6281,2.6894,-0.1148,2.6164,2.6923,-0.1133
160.610,map,2.6281,2.6894,-0.1148,2.6164,2.6923,-0.1133
160.710,map,2.6281,2.6894,-0.1148,2.6164,2.6923,-0.1133
160.810,map,2.6281,2.6894,-0.1148,2.6164,2.6923,-0.1133
160.910,map,2.6281,2.6894,-0.1148,2.6164,2.6923,-0.1133
161.010,map,2.6281,2.6894,-0.1148,2.6164,2.6923,-0.1133
161.110,map,2.6281,2.6894,-0.1148,2.6164,2.6923,-0.1133
161.210,map,2.6281,2.6894,-0.1148,2.6164,2.6923,-0.1133
161.310,map,2.6281,2.6894,-0.1148,2.6164,2.6923,-0.1133
161.410,map,2.6281,2.6894,-0.1148,2.6164,2.6923,-0.1133
161.510,map,2.6281,2.6894,-0.1148,2.6164,2.6923,-0.1133
161.610,map,2.6281,2.6894,-0.1148,2.6164,2.6923,-0.1133
161.710,map,2.6281,2.6894,-0.1148,2.6164,2.6923,-0.1133
161.810,map,2.6281,2.6894,-0.1148,2.6164,2.6923,-0.1133
161.910,map,2.6281,2.6894,-0.1148,2.6164,2.6923,-0.1133
162.010,map,2.6281,2.6894,-0.1148,2.6164,2.6923,-0.1133
162.110,map,2.6281,2.6894,-0.1148,2.6164,2.6923,-0.1133
162.210,map,2.6281,2.6894,-0.1148,2.6164,2.6923,-0.1133
162.310,map,2.6281,2.6894,-0.1148,2.6164,2.6923,-0.1133
162.410,map,2.6281,2.6894,-0.1148,2.6164,2.6923,-0.1133
162.510,map,2.6281,2.6894,-0.1148,2.6164,2.6923,-0.1133
162.610,map,2.6281,2.6894,-0.1148,2.6164,2.6923,-0.1133
162.710,map,2.6281,2.6894,-0.1148,2.6164,2.6923,-0.1133
162.810,map,2.6281,2.6894,-0.1148,2.6164,2.6923,-0.1133
162.910,map,2.6281,2.6894,-0.1148,2.6164,2.6923,-0.1133
163.010,map,2.6281,2.6894,-0.1148,2.6164,2.6923,-0.1133
163.110,map,2.6281,2.6894,-0.1148,2.6164,2.6923,-0.1133
163.210,map,2.6281,2.6894,-0.1148,2.6164,2.6923,-0.1133
163.310,map,2.6281,2.6894,-0.1148,2.6164,2.6923,-0.1133
163.410,map,2.6281,2.6894,-0.1148,2.6164,2.6923,-0.1133
163.510,map,2.6281,2.6894,-0.1148,2.6164,2.6923,-0.1133
163.610,map,2.6281,2.6894,-0.1148,2.6164,2.6923,-0.1133
163.710,map,2.6281,2.6894,-0.1148,2.6164,2.6923,-0.1133
163.810,map,2.6281,2.6894,-0.1148,2.6164,2.6923,-0.1133
163.910,map,2.6281,2.6894,-0.1148,2.6164,2.6923,-0.1133
164.010,map,2.6281,2.6894,-0.1148,2.6164,2.6923,-0.1133
164.110,map,2.6281,2.6894,-0.1148,2.6164,2.6923,-0.1133
164.210,map,2.6281,2.6894,-0.1148,2.6164,2.6923,-0.1133
164.310,map,2.6281,2.6894,-0.1148,2.6164,2.6923,-0.1133
164.410,map,2.6281,2.6894,-0.1148,2.6164,2.6923,-0.1133
164.510,map,2.6281,2.6894,-0.1148,2.6164,2.6923,-0.1133
164.610,map,2.6281,2.6894,-0.1148,2.6164,2.6923,-0.1133
164.710,map,2.6281,2.6894,-0.1148,2.6164,2.6923,-0.1133
164.810,map,2.6281,2.6894,-0.1148,2.6164,2.6923,-0.1133
164.910,map,2.6281,2.6894,-0.1148,2.6164,2.6923,-0.1133
165.010,map,2.6281,2.6894,-0.1148,2.6164,2.6923,-0.1133
165.110,map,2.6281,2.6894,-0.1148,2.6164,2.6923,-0.1133
165.210,map,2.6281,2.6894,-0.1148,2.6164,2.6923,-0.1133
165.310,map,2.6281,2.6894,-0.1148,2.6164,2.6923,-0.1133
165.410,map,2.6281,2.6894,-0.1148,2.6164,2.6923,-0.1133
165.510,map,2.6281,2.6894,-0.1148,2.6164,2.6923,-0.1133
165.610,map,2.6281,2.6894,-0.1148,2.6164,2.6923,-0.1133
165.710,map,2.6281,2.6894,-0.1148,2.6164,2.6923,-0.1133
165.810,map,2.6281,2.6894,-0.1148,2.6164,2.6923,-0.1133
165.910,map,2.6281,2.6894,-0.1148,2.6164,2.6923,-0.1133
166.010,map,2.6281,2.6894,-0.1148,2.6164,2.6923,-0.1133
166.110,map,2.6281,2.6894,-0.1148,2.6164,2.6923,-0.1133
166.210,map,2.6281,2.6894,-0.1148,2.6164,2.6923,-0.1133
166.310,map,2.6281,2.6894,-0.1148,2.6164,2.6923,-0.1133
166.410,map,2.6281,2.6894,-0.1148,2.6164,2.6923,-0.1133
166.510,map,2.6281,2.6894,-0.1148,2.6164,2.6923,-0.1133
166.610,map,2.6281,2.6894,-0.1148,2.6164,2.6923,-0.1133
166.710,map,2.6281,2.6894,-0.1148,2.6164,2.6923,-0.1133
166.810,map,2.6281,2.6894,-0.1148,2.6164,2.6923,-0.1133
166.910,map,2.6281,2.6894,-0.1148,2.6164,2.6923,-0.1133
167.010,map,2.6281,2.6894,-0.1148,2.6164,2.6923,-0.1133
167.110,map,2.6281,2.6894,-0.1148,2.6164,2.6923,-0.1133
167.210,map,2.6281,2.6894,-0.1148,2.6164,2.6923,-0.1133
167.310,map,2.6281,2.6894,-0.1148,2.6164,2.6923,-0.1133
167.410,map,2.6281,2.6894,-0.1148,2.6164,2.6923,-0.1133
167.510,map,2.6281,2.6894,-0.1148,2.6164,2.6923,-0.1133
167.610,map,2.6281,2.6894,-0.1148,2.6164,2.6923,-0.1133
167.710,map,2.6281,2.6894,-0.1148,2.6164,2.6923,-0.1133
167.810,map,2.6281,2.6894,-0.1148,2.6164,2.6923,-0.1133
167.910,map,2.6281,2.6894,-0.1148,2.6164,2.6923,-0.1133
168.010,map,2.6281,2.6894,-0.1148,2.6164,2.6923,-0.1133
168.110,map,2.6281,2.6894,-0.1148,2.6164,2.6923,-0.1133
168.210,map,2.6281,2.6894,-0.1148,2.6164,2.6923,-0.1133
168.310,map,2.6281,2.6894,-0.1148,2.6164,2.6923,-0.1133
168.410,map,2.6281,2.6894,-0.1148,2.6164,2.6923,-0.1133
168.510,map,2.6281,2.6894,-0.1148,2.6164,2.6923,-0.1133
168.610,map,2.6281,2.6894,-0.1148,2.6164,2.6923,-0.1133
168.710,map,2.6281,2.6894,-0.1148,2.6164,2.6923,-0.1133
168.810,map,2.6281,2.6894,-0.1148,2.6164,2.6923,-0.1133
168.910,map,2.6281,2.6894,-0.1148,2.6164,2.6923,-0.1133
169.010,map,2.6281,2.6894,-0.1148,2.6164,2.6923,-0.1133
169.110,map,2.6281,2.6894,-0.1148,2.6164,2.6923,-0.1133
169.210,map,2.6281,2.6894,-0.1148,2.6164,2.6923,-0.1133
169.310,map,2.6281,2.6894,-0.1148,2.6164,2.6923,-0.1133
169.410,map,2.6281,2.6894,-0.1148,2.6164,2.6923,-0.1133
169.510,map,2.6281,2.6894,-0.1148,2.6164,2.6923,-0.1133
169.610,map,2.6281,2.6894,-0.1148,2.6164,2.6923,-0.1133
169.710,map,2.6281,2.6894,-0.1148,2.6164,2.6923,-0.1133
169.810,map,2.6281,2.6894,-0.1148,2.6164,2.6923,-0.1133
169.910,map,2.6281,2.6894,-0.1148,2.6164,2.6923,-0.1133
170.010,map,2.6281,2.6894,-0.1148,2.6164,2.6923,-0.1133
170.110,map,2.6281,2.6894,-0.1148,2.6164,2.6923,-0.1133
170.210,map,2.6281,2.6894,-0.1148,2.6164,2.6923,-0.1133
170.310,map,2.6281,2.6894,-0.1148,2.6164,2.6923,-0.1133
170.410,map,2.6281,2.6894,-0.1148,2.6164,2.6923,-0.1133
170.510,map,2.6281,2.6894,-0.1148,2.6164,2.6923,-0.1133
170.610,map,2.6281,2.6894,-0.1148,2.6164,2.6923,-0.1133
170.710,map,2.6281,2.6894,-0.1148,2.6164,2.6923,-0.1133
170.810,map,2.6281,2.6894,-0.1148,2.6164,2.6923,-0.1133
170.910,map,2.6281,2.6894,-0.1148,2.6164,2.6923,-0.1133
171.010,map,2.6281,2.6894,-0.1148,2.6164,2.6923,-0.1133
171.110,map,2.6281,2.6894,-0.1148,2.6164,2.6923,-0.1133
171.210,map,2.6281,2.6894,-0.1148,2.6164,2.6923,-0.1133
171.310,map,2.6281,2.6894,-0.1148,2.6164,2.6923,-0.1133
171.410,map,2.6281,2.6894,-0.1148,2.6164,2.6923,-0.1133
171.510,map,2.6281,2.6894,-0.1148,2.6164,2.6923,-0.1133
171.610,map,2.6281,2.6894,-0.1148,2.6164,2.6923,-0.1133
171.710,map,2.6281,2.6894,-0.1148,2.6164,2.6923,-0.1133
171.810,map,2.6281,2.6894,-0.1148,2.6164,2.6923,-0.1133
171.910,map,2.6281,2.6894,-0.1148,2.6164,2.6923,-0.1133
172.010,map,2.6281,2.6894,-0.1148,2.6164,2.6923,-0.1133
172.110,map,2.6281,2.6894,-0.1148,2.6164,2.6923,-0.1133
172.210,map,2.6281,2.6894,-0.1148,2.6164,2.6923,-0.1133
172.310,map,2.6281,2.6894,-0.1148,2.6164,2.6923,-0.1133
172.410,map,2.6281,2.6894,-0.1148,2.6164,2.6923,-0.1133
172.510,map,2.6281,2.6894,-0.1148,2.6164,2.6923,-0.1133
172.610,map,2.6281,2.6894,-0.1148,2.6164,2.6923,-0.1133
172.710,map,2.6281,2.6894,-0.1148,2.6164,2.6923,-0.1133
172.810,map,2.6281,2.6894,-0.1148,2.6164,2.6923,-0.1133
172.910,map,2.6281,2.6894,-0.1148,2.6164,2.6923,-0.1133
173.010,map,2.6281,2.6894,-0.1148,2.6164,2.6923,-0.1133
173.110,map,2.6281,2.6894,-0.1148,2.6164,2.6923,-0.1133
173.210,map,2.6281,2.6894,-0.1148,2.6164,2.6923,-0.1133
173.310,map,2.6281,2.6894,-0.1148,2.6164,2.6923,-0.1133
173.410,map,2.6281,2.6894,-0.1148,2.6164,2.6923,-0.1133
173.510,map,2.6281,2.6894,-0.1148,2.6164,2.6923,-0.1133
173.610,map,2.6281,2.6894,-0.1148,2.6164,2.6923,-0.1133
173.710,map,2.6281,2.6894,-0.1148,2.6164,2.6923,-0.1133
173.810,map,2.6281,2.6894,-0.1148,2.6164,2.6923,-0.1133
173.910,map,2.6281,2.6894,-0.1148,2.6164,2.6923,-0.1133
174.010,map,2.6281,2.6894,-0.1148,2.6164,2.6923,-0.1133
174.110,map,2.6281,2.6894,-0.1148,2.6164,2.6923,-0.1133
174.210,map,2.6281,2.6894,-0.1148,2.6164,2.6923,-0.1133
174.310,map,2.6281,2.6894,-0.1148,2.6164,2.6923,-0.1133
174.410,map,2.6281,2.6894,-0.1148,2.6164,2.6923,-0.1133
174.510,map,2.6281,2.6894,-0.1148,2.6164,2.6923,-0.1133
174.610,map,2.6281,2.6894,-0.1148,2.6164,2.6923,-0.1133
174.710,map,2.6281,2.6894,-0.1148,2.6164,2.6923,-0.1133
174.810,map,2.6281,2.6894,-0.1148,2.6164,2.6923,-0.1133
174.910,map,2.6281,2.6894,-0.1148,2.6164,2.6923,-0.1133
175.010,map,2.6281,2.6894,-0.1148,2.6164,2.6923,-0.1133
175.110,map,2.6281,2.6894,-0.1148,2.6164,2.6923,-0.1133
175.210,map,2.6281,2.6894,-0.1148,2.6164,2.6923,-0.1133
175.310,map,2.6281,2.6894,-0.1148,2.6164,2.6923,-0.1133
175.410,map,2.6281,2.6894,-0.1148,2.6164,2.6923,-0.1133
175.510,map,2.6281,2.6894,-0.1148,2.6164,2.6923,-0.1133
175.610,map,2.6281,2.6894,-0.1148,2.6164,2.6923,-0.1133
175.710,map,2.6281,2.6894,-0.1148,2.6164,2.6923,-0.1133
175.810,map,2.6281,2.6894,-0.1148,2.6164,2.6923,-0.1133
175.910,map,2.6281,2.6894,-0.1148,2.6164,2.6923,-0.1133
176.010,map,2.6281,2.6894,-0.1148,2.6164,2.6923,-0.1133
176.110,map,2.6281,2.6894,-0.1148,2.6164,2.6923,-0.1133
176.210,map,2.6281,2.6894,-0.1148,2.6164,2.6923,-0.1133
176.310,map,2.6281,2.6894,-0.1148,2.6164,2.6923,-0.1133
176.410,map,2.6281,2.6894,-0.1148,2.6164,2.6923,-0.1133
176.510,map,2.6281,2.6894,-0.1148,2.6164,2.6923,-0.1133
176.610,map,2.6281,2.6894,-0.1148,2.6164,2.6923,-0.1133
176.710,map,2.6281,2.6894,-0.1148,2.6164,2.6923,-0.1133
176.810,map,2.6281,2.6894,-0.1148,2.6164,2.6923,-0.1133
176.910,map,2.6281,2.6894,-0.1148,2.6164,2.6923,-0.1133
177.010,map,2.6281,2.6894,-0.1148,2.6164,2.6923,-0.1133
177.110,map,2.6281,2.6894,-0.1148,2.6164,2.6923,-0.1133
177.210,map,2.6281,2.6894,-0.1148,2.6164,2.6923,-0.1133
177.310,map,2.6281,2.6894,-0.1148,2.6164,2.6923,-0.1133
177.410,map,2.6281,2.6894,-0.1148,2.6164,2.6923,-0.1133
177.510,map,2.6281,2.6894,-0.1148,2.6164,2.6923,-0.1133
177.610,map,2.6281,2.6894,-0.1148,2.6164,2.6923,-0.1133
177.710,map,2.6281,2.6894,-0.1148,2.6164,2.6923,-0.1133
177.810,map,2.6281,2.6894,-0.1148,2.6164,2.6923,-0.1133
177.910,map,2.6281,2.6894,-0.1148,2.6164,2.6923,-0.1133
178.010,map,2.6281,2.6894,-0.1148,2.6164,2.6923,-0.1133
178.110,map,2.6281,2.6894,-0.1148,2.6164,2.6923,-0.1133
178.210,map,2.6281,2.6894,-0.1148,2.6164,2.6923,-0.1133
178.310,map,2.6281,2.6894,-0.1148,2.6164,2.6923,-0.1133
178.410,map,2.6281,2.6894,-0.1148,2.6164,2.6923,-0.1133
178.510,map,2.6281,2.6894,-0.1148,2.6164,2.6923,-0.1133
178.610,map,2.6281,2.6894,-0.1148,2.6164,2.6923,-0.1133
178.710,map,2.6281,2.6894,-0.1148,2.6164,2.6923,-0.1133
178.810,map,2.6281,2.6894,-0.1148,2.6164,2.6923,-0.1133
178.910,map,2.6281,2.6894,-0.1148,2.6164,2.6923,-0.1133
179.010,map,2.6281,2.6894,-0.1148,2.6164,2.6923,-0.1133
179.110,map,2.6281,2.6894,-0.1148,2.6164,2.6923,-0.1133
179.210,map,2.6281,2.6894,-0.1148,2.6164,2.6923,-0.1133
179.310,map,2.6281,2.6894,-0.1148,2.6164,2.6923,-0.1133
179.410,map,2.6281,2.6894,-0.1148,2.6164,2.6923,-0.1133
179.510,map,2.6281,2.6894,-0.1148,2.6164,2.6923,-0.1133
179.610,map,2.6281,2.6894,-0.1148,2.6164,2.6923,-0.1133
179.710,map,2.6281,2.6894,-0.1148,2.6164,2.6923,-0.1133
179.810,map,2.6281,2.6894,-0.1148,2.6164,2.6923,-0.1133
179.910,map,2.6281,2.6894,-0.1148,2.6164,2.6923,-0.1133
180.010,map,2.6281,2.6894,-0.1148,2.6164,2.6923,-0.1133
180.110,map,2.6281,2.6894,-0.1148,2.6164,2.6923,-0.1133
180.210,map,2.6281,2.6894,-0.1148,2.6164,2.6923,-0.1133
180.310,map,2.6281,2.6894,-0.1148,2.6164,2.6923,-0.1133
180.410,map,2.6281,2.6894,-0.1148,2.6164,2.6923,-0.1133
180.510,map,2.6281,2.6894,-0.1148,2.6164,2.6923,-0.1133
180.610,map,2.6281,2.6894,-0.1148,2.6164,2.6923,-0.1133
180.710,map,2.6281,2.6894,-0.1148,2.6164,2.6923,-0.1133
180.810,map,2.6281,2.6894,-0.1148,2.6164,2.6923,-0.1133
180.910,map,2.6281,2.6894,-0.1148,2.6164,2.6923,-0.1133
181.010,map,2.6281,2.6894,-0.1148,2.6164,2.6923,-0.1133
181.110,map,2.6281,2.6894,-0.1148,2.6164,2.6923,-0.1133
181.210,map,2.6281,2.6894,-0.1148,2.6164,2.6923,-0.1133
181.310,map,2.6281,2.6894,-0.1148,2.6164,2.6923,-0.1133
181.410,map,2.6281,2.6894,-0.1148,2.6164,2.6923,-0.1133
181.510,map,2.6281,2.6894,-0.1148,2.6164,2.6923,-0.1133
181.610,map,2.6281,2.6894,-0.1148,2.6164,2.6923,-0.1133
181.710,map,2.6281,2.6894,-0.1148,2.6164,2.6923,-0.1133
181.810,map,2.6281,2.6894,-0.1148,2.6164,2.6923,-0.1133
181.910,map,2.6281,2.6894,-0.1148,2.6164,2.6923,-0.1133
182.010,map,2.6281,2.6894,-0.1148,2.6164,2.6923,-0.1133
182.110,map,2.6281,2.6894,-0.1148,2.6164,2.6923,-0.1133
182.210,map,2.6281,2.6894,-0.1148,2.6164,2.6923,-0.1133
182.310,map,2.6281,2.6894,-0.1148,2.6164,2.6923,-0.1133
182.410,map,2.6281,2.6894,-0.1148,2.6164,2.6923,-0.1133
182.510,map,2.6281,2.6894,-0.1148,2.6164,2.6923,-0.1133
182.610,map,2.6281,2.6894,-0.1148,2.6164,2.6923,-0.1133
182.710,map,2.6281,2.6894,-0.1148,2.6164,2.6923,-0.1133
182.810,map,2.6281,2.6894,-0.1148,2.6164,2.6923,-0.1133
182.910,map,2.6281,2.6894,-0.1148,2.6164,2.6923,-0.1133
183.010,map,2.6281,2.6894,-0.1148,2.6164,2.6923,-0.1133
183.110,map,2.6281,2.6894,-0.1148,2.6164,2.6923,-0.1133
183.210,map,2.6281,2.6894,-0.1148,2.6164,2.6923,-0.1133
183.310,map,2.6281,2.6894,-0.1148,2.6164,2.6923,-0.1133
183.410,map,2.6281,2.6894,-0.1148,2.6164,2.6923,-0.1133
183.510,map,2.6281,2.6894,-0.1148,2.6164,2.6923,-0.1133
183.610,map,2.6281,2.6894,-0.1148,2.6164,2.6923,-0.1133
183.710,map,2.6281,2.6894,-0.1148,2.6164,2.6923,-0.1133
183.810,map,2.6281,2.6894,-0.1148,2.6164,2.6923,-0.1133
183.910,map,2.6281,2.6894,-0.1148,2.6164,2.6923,-0.1133
184.010,map,2.6281,2.6894,-0.1148,2.6164,2.6923,-0.1133
184.110,map,2.6281,2.6894,-0.1148,2.6164,2.6923,-0.1133
184.210,map,2.6281,2.6894,-0.1148,2.6164,2.6923,-0.1133
184.310,map,2.6281,2.6894,-0.1148,2.6164,2.6923,-0.1133
184.410,map,2.6281,2.6894,-0.1148,2.6164,2.6923,-0.1133
184.510,map,2.6281,2.6894,-0.1148,2.6164,2.6923,-0.1133
184.610,map,2.6281,2.6894,-0.1148,2.6164,2.6923,-0.1133
184.710,map,2.6281,2.6894,-0.1148,2.6164,2.6923,-0.1133
184.810,map,2.6281,2.6894,-0.1148,2.6164,2.6923,-0.1133
184.910,map,2.6281,2.6894,-0.1148,2.6164,2.6923,-0.1133
185.010,map,2.6281,2.6894,-0.1148,2.6164,2.6923,-0.1133
185.110,map,2.6281,2.6894,-0.1148,2.6164,2.6923,-0.1133
185.210,map,2.6281,2.6894,-0.1148,2.6164,2.6923,-0.1133
185.310,map,2.6281,2.6894,-0.1148,2.6164,2.6923,-0.1133
185.410,map,2.6281,2.6894,-0.1148,2.6164,2.6923,-0.1133
185.510,map,2.6281,2.6894,-0.1148,2.6164,2.6923,-0.1133
185.610,map,2.6281,2.6894,-0.1148,2.6164,2.6923,-0.1133
185.710,map,2.6281,2.6894,-0.1148,2.6164,2.6923,-0.1133
185.810,map,2.6281,2.6894,-0.1148,2.6164,2.6923,-0.1133
185.910,map,2.6281,2.6894,-0.1148,2.6164,2.6923,-0.1133
186.010,map,2.6281,2.6894,-0.1148,2.6164,2.6923,-0.1133
186.110,map,2.6281,2.6894,-0.1148,2.6164,2.6923,-0.1133
186.210,map,2.6281,2.6894,-0.1148,2.6164,2.6923,-0.1133
186.310,map,2.6281,2.6894,-0.1148,2.6164,2.6923,-0.1133
186.410,map,2.6281,2.6894,-0.1148,2.6164,2.6923,-0.1133
186.510,map,2.6281,2.6894,-0.1148,2.6164,2.6923,-0.1133
186.610,map,2.6281,2.6894,-0.1148,2.6164,2.6923,-0.1133
186.710,map,2.6281,2.6894,-0.1148,2.6164,2.6923,-0.1133
186.810,map,2.6281,2.6894,-0.1148,2.6164,2.6923,-0.1133
186.910,map,2.6281,2.6894,-0.1148,2.6164,2.6923,-0.1133
187.010,map,2.6281,2.6894,-0.1148,2.6164,2.6923,-0.1133
187.110,map,2.6281,2.6894,-0.1148,2.6164,2.6923,-0.1133
187.210,map,2.6281,2.6894,-0.1148,2.6164,2.6923,-0.1133
187.310,map,2.6281,2.6894,-0.1148,2.6164,2.6923,-0.1133
187.410,map,2.6281,2.6894,-0.1148,2.6164,2.6923,-0.1133
187.510,map,2.6281,2.6894,-0.1148,2.6164,2.6923,-0.1133
187.610,map,2.6281,2.6894,-0.1148,2.6164,2.6923,-0.1133
187.710,map,2.6281,2.6894,-0.1148,2.6164,2.6923,-0.1133
187.810,map,2.6281,2.6894,-0.1148,2.6164,2.6923,-0.1133
187.910,map,2.6281,2.6894,-0.1148,2.6164,2.6923,-0.1133
188.010,map,2.6281,2.6894,-0.1148,2.6164,2.6923,-0.1133
188.110,map,2.6281,2.6894,-0.1148,2.6164,2.6923,-0.1133
188.210,map,2.6281,2.6894,-0.1148,2.6164,2.6923,-0.1133
188.310,map,2.6281,2.6894,-0.1148,2.6164,2.6923,-0.1133
188.410,map,2.6281,2.6894,-0.1148,2.6164,2.6923,-0.1133
188.510,map,2.6281,2.6894,-0.1148,2.6164,2.6923,-0.1133
188.610,map,2.6281,2.6894,-0.1148,2.6164,2.6923,-0.1133
188.710,map,2.6281,2.6894,-0.1148,2.6164,2.6923,-0.1133
188.810,map,2.6281,2.6894,-0.1148,2.6164,2.6923,-0.1133
188.910,map,2.6281,2.6894,-0.1148,2.6164,2.6923,-0.1133
189.010,map,2.6281,2.6894,-0.1148,2.6164,2.6923,-0.1133
189.110,map,2.6281,2.6894,-0.1148,2.6164,2.6923,-0.1133
189.210,map,2.6281,2.6894,-0.1148,2.6164,2.6923,-0.1133
189.310,map,2.6281,2.6894,-0.1148,2.6164,2.6923,-0.1133
189.410,map,2.6281,2.6894,-0.1148,2.6164,2.6923,-0.1133
189.510,map,2.6281,2.6894,-0.1148,2.6164,2.6923,-0.1133
189.610,map,2.6281,2.6894,-0.1148,2.6164,2.6923,-0.1133
189.710,map,2.6281,2.6894,-0.1148,2.6164,2.6923,-0.1133
189.810,map,2.6281,2.6894,-0.1148,2.6164,2.6923,-0.1133
189.910,map,2.6281,2.6894,-0.1148,2.6164,2.6923,-0.1133
190.010,map,2.6281,2.6894,-0.1148,2.6164,2.6923,-0.1133
190.110,map,2.6281,2.6894,-0.1148,2.6164,2.6923,-0.1133
190.210,map,2.6281,2.6894,-0.1148,2.6164,2.6923,-0.1133
190.310,map,2.6281,2.6894,-0.1148,2.6164,2.6923,-0.1133
190.410,map,2.6281,2.6894,-0.1148,2.6164,2.6923,-0.1133
190.510,map,2.6281,2.6894,-0.1148,2.6164,2.6923,-0.1133
190.610,map,2.6281,2.6894,-0.1148,2.6164,2.6923,-0.1133
190.710,map,2.6281,2.6894,-0.1148,2.6164,2.6923,-0.1133
190.810,map,2.6281,2.6894,-0.1148,2.6164,2.6923,-0.1133
190.910,map,2.6281,2.6894,-0.1148,2.6164,2.6923,-0.1133
191.010,map,2.6281,2.6894,-0.1148,2.6164,2.6923,-0.1133
191.110,map,2.6281,2.6894,-0.1148,2.6164,2.6923,-0.1133
191.210,map,2.6281,2.6894,-0.1148,2.6164,2.6923,-0.1133
191.310,map,2.6281,2.6894,-0.1148,2.6164,2.6923,-0.1133
191.410,map,2.6281,2.6894,-0.1148,2.6164,2.6923,-0.1133
191.510,map,2.6281,2.6894,-0.1148,2.6164,2.6923,-0.1133
191.610,map,2.6281,2.6894,-0.1148,2.6164,2.6923,-0.1133
191.710,map,2.6281,2.6894,-0.1148,2.6164,2.6923,-0.1133
191.810,map,2.6281,2.6894,-0.1148,2.6164,2.6923,-0.1133
191.910,map,2.6281,2.6894,-0.1148,2.6164,2.6923,-0.1133
192.010,map,2.6281,2.6894,-0.1148,2.6164,2.6923,-0.1133
192.110,map,2.6281,2.6894,-0.1148,2.6164,2.6923,-0.1133
192.210,map,2.6281,2.6894,-0.1148,2.6164,2.6923,-0.1133
192.310,map,2.6281,2.6894,-0.1148,2.6164,2.6923,-0.1133
192.410,map,2.6281,2.6894,-0.1148,2.6164,2.6923,-0.1133
192.510,map,2.6281,2.6894,-0.1148,2.6164,2.6923,-0.1133
192.610,map,2.6281,2.6894,-0.1148,2.6164,2.6923,-0.1133
192.710,map,2.6281,2.6894,-0.1148,2.6164,2.6923,-0.1133
192.810,map,2.6281,2.6894,-0.1148,2.6164,2.6923,-0.1133
192.910,map,2.6281,2.6894,-0.1148,2.6164,2.6923,-0.1133
193.010,map,2.6281,2.6894,-0.1148,2.6164,2.6923,-0.1133
193.110,map,2.6281,2.6894,-0.1148,2.6164,2.6923,-0.1133
193.210,map,2.6281,2.6894,-0.1148,2.6164,2.6923,-0.1133
193.310,map,2.6281,2.6894,-0.1148,2.6164,2.6923,-0.1133
193.410,map,2.6281,2.6894,-0.1148,2.6164,2.6923,-0.1133
193.510,map,2.6281,2.6894,-0.1148,2.6164,2.6923,-0.1133
193.610,map,2.6281,2.6894,-0.1148,2.6164,2.6923,-0.1133
193.710,map,2.6281,2.6894,-0.1148,2.6164,2.6923,-0.1133
193.810,map,2.6281,2.6894,-0.1148,2.6164,2.6923,-0.1133
193.910,map,2.6281,2.6894,-0.1148,2.6164,2.6923,-0.1133
194.010,map,2.6281,2.6894,-0.1148,2.6164,2.6923,-0.1133
194.110,map,2.6281,2.6894,-0.1148,2.6164,2.6923,-0.1133
194.210,map,2.6281,2.6894,-0.1148,2.6164,2.6923,-0.1133
194.310,map,2.6281,2.6894,-0.1148,2.6164,2.6923,-0.1133
194.410,map,2.6281,2.6894,-0.1148,2.6164,2.6923,-0.1133
194.510,map,2.6281,2.6894,-0.1148,2.6164,2.6923,-0.1133
194.610,map,2.6281,2.6894,-0.1148,2.6164,2.6923,-0.1133
194.710,map,2.6281,2.6894,-0.1148,2.6164,2.6923,-0.1133
194.810,map,2.6281,2.6894,-0.1148,2.6164,2.6923,-0.1133
194.910,map,2.6281,2.6894,-0.1148,2.6164,2.6923,-0.1133
195.010,map,2.6281,2.6894,-0.1148,2.6164,2.6923,-0.1133
195.110,map,2.6281,2.6894,-0.1148,2.6164,2.6923,-0.1133
195.210,map,2.6281,2.6894,-0.1148,2.6164,2.6923,-0.1133
195.310,map,2.6281,2.6894,-0.1148,2.6164,2.6923,-0.1133
195.410,map,2.6281,2.6894,-0.1148,2.6164,2.6923,-0.1133
195.510,map,2.6281,2.6894,-0.1148,2.6164,2.6923,-0.1133
195.610,map,2.6281,2.6894,-0.1148,2.6164,2.6923,-0.1133
195.710,map,2.6281,2.6894,-0.1148,2.6164,2.6923,-0.1133
195.810,map,2.6281,2.6894,-0.1148,2.6164,2.6923,-0.1133
195.910,map,2.6281,2.6894,-0.1148,2.6164,2.6923,-0.1133
196.010,map,2.6281,2.6894,-0.1148,2.6164,2.6923,-0.1133
196.110,map,2.6281,2.6894,-0.1148,2.6164,2.6923,-0.1133
196.210,map,2.6281,2.6894,-0.1148,2.6164,2.6923,-0.1133
196.310,map,2.6281,2.6894,-0.1148,2.6164,2.6923,-0.1133
196.410,map,2.6281,2.6894,-0.1148,2.6164,2.6923,-0.1133
196.510,map,2.6281,2.6894,-0.1148,2.6164,2.6923,-0.1133
196.610,map,2.6281,2.6894,-0.1148,2.6164,2.6923,-0.1133
196.710,map,2.6281,2.6894,-0.1148,2.6164,2.6923,-0.1133
196.810,map,2.6281,2.6894,-0.1148,2.6164,2.6923,-0.1133
196.910,map,2.6281,2.6894,-0.1148,2.6164,2.6923,-0.1133
197.010,map,2.6281,2.6894,-0.1148,2.6164,2.6923,-0.1133
197.110,map,2.6281,2.6894,-0.1148,2.6164,2.6923,-0.1133
197.210,map,2.6281,2.6894,-0.1148,2.6164,2.6923,-0.1133
197.310,map,2.6281,2.6894,-0.1148,2.6164,2.6923,-0.1133
197.410,map,2.6281,2.6894,-0.1148,2.6164,2.6923,-0.1133
197.510,map,2.6281,2.6894,-0.1148,2.6164,2.6923,-0.1133
197.610,map,2.6281,2.6894,-0.1148,2.6164,2.6923,-0.1133
197.710,map,2.6281,2.6894,-0.1148,2.6164,2.6923,-0.1133
197.810,map,2.6281,2.6894,-0.1148,2.6164,2.6923,-0.1133
197.910,map,2.6281,2.6894,-0.1148,2.6164,2.6923,-0.1133
198.010,map,2.6281,2.6894,-0.1148,2.6164,2.6923,-0.1133
198.110,map,2.6281,2.6894,-0.1148,2.6164,2.6923,-0.1133
198.210,map,2.6281,2.6894,-0.1148,2.6164,2.6923,-0.1133
198.310,map,2.6281,2.6894,-0.1148,2.6164,2.6923,-0.1133
198.410,map,2.6281,2.6894,-0.1148,2.6164,2.6923,-0.1133
198.510,map,2.6281,2.6894,-0.1148,2.6164,2.6923,-0.1133
198.610,map,2.6281,2.6894,-0.1148,2.6164,2.6923,-0.1133
198.710,map,2.6281,2.6894,-0.1148,2.6164,2.6923,-0.1133
198.810,map,2.6281,2.6894,-0.1148,2.6164,2.6923,-0.1133
198.910,map,2.6281,2.6894,-0.1148,2.6164,2.6923,-0.1133
199.010,map,2.6281,2.6894,-0.1148,2.6164,2.6923,-0.1133
199.110,map,2.6281,2.6894,-0.1148,2.6164,2.6923,-0.1133
199.210,map,2.6281,2.6894,-0.1148,2.6164,2.6923,-0.1133
199.310,map,2.6281,2.6894,-0.1148,2.6164,2.6923,-0.1133
199.410,map,2.6281,2.6894,-0.1148,2.6164,2.6923,-0.1133
199.510,map,2.6281,2.6894,-0.1148,2.6164,2.6923,-0.1133
199.610,map,2.6281,2.6894,-0.1148,2.6164,2.6923,-0.1133
199.710,map,2.6281,2.6894,-0.1148,2.6164,2.6923,-0.1133
199.810,map,2.6281,2.6894,-0.1148,2.6164,2.6923,-0.1133
199.910,map,2.6281,2.6894,-0.1148,2.6164,2.6923,-0.1133
200.010,map,2.6281,2.6894,-0.1148,2.6164,2.6923,-0.1133
200.110,map,2.6281,2.6894,-0.1148,2.6164,2.6923,-0.1133
200.210,map,2.6281,2.6894,-0.1148,2.6164,2.6923,-0.1133
200.310,map,2.6281,2.6894,-0.1148,2.6164,2.6923,-0.1133
200.410,map,2.6281,2.6894,-0.1148,2.6164,2.6923,-0.1133
200.510,map,2.6281,2.6894,-0.1148,2.6164,2.6923,-0.1133
200.610,map,2.6281,2.6894,-0.1148,2.6164,2.6923,-0.1133
200.710,map,2.6281,2.6894,-0.1148,2.6164,2.6923,-0.1133
200.810,map,2.6281,2.6894,-0.1148,2.6164,2.6923,-0.1133
200.910,map,2.6281,2.6894,-0.1148,2.6164,2.6923,-0.1133
201.010,map,2.6281,2.6894,-0.1148,2.6164,2.6923,-0.1133
201.110,map,2.6281,2.6894,-0.1148,2.6164,2.6923,-0.1133
201.210,map,2.6281,2.6894,-0.1148,2.6164,2.6923,-0.1133
201.310,map,2.6281,2.6894,-0.1148,2.6164,2.6923,-0.1133
201.410,map,2.6281,2.6894,-0.1148,2.6164,2.6923,-0.1133
201.510,map,2.6281,2.6894,-0.1148,2.6164,2.6923,-0.1133
201.610,map,2.6281,2.6894,-0.1148,2.6164,2.6923,-0.1133
201.710,map,2.6281,2.6894,-0.1148,2.6164,2.6923,-0.1133
201.810,map,2.6281,2.6894,-0.1148,2.6164,2.6923,-0.1133
201.910,map,2.6281,2.6894,-0.1148,2.6164,2.6923,-0.1133
202.010,map,2.6281,2.6894,-0.1148,2.6164,2.6923,-0.1133
202.110,map,2.6281,2.6894,-0.1148,2.6164,2.6923,-0.1133
202.210,map,2.6281,2.6894,-0.1148,2.6164,2.6923,-0.1133
202.310,map,2.6281,2.6894,-0.1148,2.6164,2.6923,-0.1133
202.410,map,2.6281,2.6894,-0.1148,2.6164,2.6923,-0.1133
202.510,map,2.6281,2.6894,-0.1148,2.6164,2.6923,-0.1133
202.610,map,2.6281,2.6894,-0.1148,2.6164,2.6923,-0.1133
202.710,map,2.6281,2.6894,-0.1148,2.6164,2.6923,-0.1133
202.810,map,2.6281,2.6894,-0.1148,2.6164,2.6923,-0.1133
202.910,map,2.6281,2.6894,-0.1148,2.6164,2.6923,-0.1133
203.010,map,2.6281,2.6894,-0.1148,2.6164,2.6923,-0.1133
203.110,map,2.6281,2.6894,-0.1148,2.6164,2.6923,-0.1133
203.210,map,2.6281,2.6894,-0.1148,2.6164,2.6923,-0.1133
203.310,map,2.6281,2.6894,-0.1148,2.6164,2.6923,-0.1133
203.410,map,2.6281,2.6894,-0.1148,2.6164,2.6923,-0.1133
203.510,map,2.6281,2.6894,-0.1148,2.6164,2.6923,-0.1133
203.610,map,2.6281,2.6894,-0.1148,2.6164,2.6923,-0.1133
203.710,map,2.6281,2.6894,-0.1148,2.6164,2.6923,-0.1133
203.810,map,2.6281,2.6894,-0.1148,2.6164,2.6923,-0.1133
203.910,map,2.6281,2.6894,-0.1148,2.6164,2.6923,-0.1133
204.010,map,2.6281,2.6894,-0.1148,2.6164,2.6923,-0.1133
204.110,map,2.6281,2.6894,-0.1148,2.6164,2.6923,-0.1133
204.210,map,2.6281,2.6894,-0.1148,2.6164,2.6923,-0.1133
204.310,map,2.6281,2.6894,-0.1148,2.6164,2.6923,-0.1133
204.410,map,2.6281,2.6894,-0.1148,2.6164,2.6923,-0.1133
204.510,map,2.6281,2.6894,-0.1148,2.6164,2.6923,-0.1133
204.610,map,2.6281,2.6894,-0.1148,2.6164,2.6923,-0.1133
204.710,map,2.6281,2.6894,-0.1148,2.6164,2.6923,-0.1133
204.810,map,2.6281,2.6894,-0.1148,2.6164,2.6923,-0.1133
204.910,map,2.6281,2.6894,-0.1148,2.6164,2.6923,-0.1133
205.010,map,2.6281,2.6894,-0.1148,2.6164,2.6923,-0.1133
205.110,map,2.6281,2.6894,-0.1148,2.6164,2.6923,-0.1133
205.210,map,2.6281,2.6894,-0.1148,2.6164,2.6923,-0.1133
205.310,map,2.6281,2.6894,-0.1148,2.6164,2.6923,-0.1133
205.410,map,2.6281,2.6894,-0.1148,2.6164,2.6923,-0.1133
205.510,map,2.6281,2.6894,-0.1148,2.6164,2.6923,-0.1133
205.610,map,2.6281,2.6894,-0.1148,2.6164,2.6923,-0.1133
205.710,map,2.6281,2.6894,-0.1148,2.6164,2.6923,-0.1133
205.810,map,2.6281,2.6894,-0.1148,2.6164,2.6923,-0.1133
205.910,map,2.6281,2.6894,-0.1148,2.6164,2.6923,-0.1133
206.010,map,2.6281,2.6894,-0.1148,2.6164,2.6923,-0.1133
206.110,map,2.6281,2.6894,-0.1148,2.6164,2.6923,-0.1133
206.210,map,2.6281,2.6894,-0.1148,2.6164,2.6923,-0.1133
206.310,map,2.6281,2.6894,-0.1148,2.6164,2.6923,-0.1133
206.410,map,2.6281,2.6894,-0.1148,2.6164,2.6923,-0.1133
206.510,map,2.6281,2.6894,-0.1148,2.6164,2.6923,-0.1133
206.610,map,2.6281,2.6894,-0.1148,2.6164,2.6923,-0.1133
206.710,map,2.6281,2.6894,-0.1148,2.6164,2.6923,-0.1133
206.810,map,2.6281,2.6894,-0.1148,2.6164,2.6923,-0.1133
206.910,map,2.6281,2.6894,-0.1148,2.6164,2.6923,-0.1133
207.010,map,2.6281,2.6894,-0.1148,2.6164,2.6923,-0.1133
207.110,map,2.6281,2.6894,-0.1148,2.6164,2.6923,-0.1133
207.210,map,2.6281,2.6894,-0.1148,2.6164,2.6923,-0.1133
207.310,map,2.6281,2.6894,-0.1148,2.6164,2.6923,-0.1133
207.410,map,2.6281,2.6894,-0.1148,2.6164,2.6923,-0.1133
207.510,map,2.6281,2.6894,-0.1148,2.6164,2.6923,-0.1133
207.610,map,2.6281,2.6894,-0.1148,2.6164,2.6923,-0.1133
207.710,map,2.6281,2.6894,-0.1148,2.6164,2.6923,-0.1133
207.810,map,2.6281,2.6894,-0.1148,2.6164,2.6923,-0.1133
207.910,map,2.6281,2.6894,-0.1148,2.6164,2.6923,-0.1133
208.010,map,2.6281,2.6894,-0.1148,2.6164,2.6923,-0.1133
208.110,map,2.6281,2.6894,-0.1148,2.6164,2.6923,-0.1133
208.210,map,2.6281,2.6894,-0.1148,2.6164,2.6923,-0.1133
208.310,map,2.6281,2.6894,-0.1148,2.6164,2.6923,-0.1133
208.410,map,2.6281,2.6894,-0.1148,2.6164,2.6923,-0.1133
208.510,map,2.6281,2.6894,-0.1148,2.6164,2.6923,-0.1133
208.610,map,2.6281,2.6894,-0.1148,2.6164,2.6923,-0.1133
208.710,map,2.6281,2.6894,-0.1148,2.6164,2.6923,-0.1133
208.810,map,2.6281,2.6894,-0.1148,2.6164,2.6923,-0.1133
208.910,map,2.6281,2.6894,-0.1148,2.6164,2.6923,-0.1133
209.010,map,2.6281,2.6894,-0.1148,2.6164,2.6923,-0.1133
209.110,map,2.6281,2.6894,-0.1148,2.6164,2.6923,-0.1133
209.210,map,2.6281,2.6894,-0.1148,2.6164,2.6923,-0.1133
209.310,map,2.6281,2.6894,-0.1148,2.6164,2.6923,-0.1133
209.410,map,2.6281,2.6894,-0.1148,2.6164,2.6923,-0.1133
209.510,map,2.6281,2.6894,-0.1148,2.6164,2.6923,-0.1133
209.610,map,2.6281,2.6894,-0.1148,2.6164,2.6923,-0.1133
209.710,map,2.6281,2.6894,-0.1148,2.6164,2.6923,-0.1133
209.810,map,2.6281,2.6894,-0.1148,2.6164,2.6923,-0.1133
209.910,map,2.6281,2.6894,-0.1148,2.6164,2.6923,-0.1133
210.010,map,2.6281,2.6894,-0.1148,2.6164,2.6923,-0.1133
210.110,map,2.6281,2.6894,-0.1148,2.6164,2.6923,-0.1133
210.210,map,2.6281,2.6894,-0.1148,2.6164,2.6923,-0.1133
210.310,map,2.6281,2.6894,-0.1148,2.6164,2.6923,-0.1133
210.410,map,2.6281,2.6894,-0.1148,2.6164,2.6923,-0.1133
210.510,map,2.6281,2.6894,-0.1148,2.6164,2.6923,-0.1133
210.610,map,2.6281,2.6894,-0.1148,2.6164,2.6923,-0.1133
210.710,map,2.6281,2.6894,-0.1148,2.6164,2.6923,-0.1133
210.810,map,2.6281,2.6894,-0.1148,2.6164,2.6923,-0.1133
210.910,map,2.6281,2.6894,-0.1148,2.6164,2.6923,-0.1133
211.010,map,2.6281,2.6894,-0.1148,2.6164,2.6923,-0.1133
211.110,map,2.6281,2.6894,-0.1148,2.6164,2.6923,-0.1133
211.210,map,2.6281,2.6894,-0.1148,2.6164,2.6923,-0.1133
211.310,map,2.6281,2.6894,-0.1148,2.6164,2.6923,-0.1133
211.410,map,2.6281,2.6894,-0.1148,2.6164,2.6923,-0.1133
211.510,map,2.6281,2.6894,-0.1148,2.6164,2.6923,-0.1133
211.610,map,2.6281,2.6894,-0.1148,2.6164,2.6923,-0.1133
211.710,map,2.6281,2.6894,-0.1148,2.6164,2.6923,-0.1133
211.810,map,2.6281,2.6894,-0.1148,2.6164,2.6923,-0.1133
211.910,map,2.6281,2.6894,-0.1148,2.6164,2.6923,-0.1133
212.010,map,2.6281,2.6894,-0.1148,2.6164,2.6923,-0.1133
212.110,map,2.6281,2.6894,-0.1148,2.6164,2.6923,-0.1133
212.210,map,2.6281,2.6894,-0.1148,2.6164,2.6923,-0.1133
212.310,map,2.6281,2.6894,-0.1148,2.6164,2.6923,-0.1133
212.410,map,2.6281,2.6894,-0.1148,2.6164,2.6923,-0.1133
212.510,map,2.6281,2.6894,-0.1148,2.6164,2.6923,-0.1133
212.610,map,2.6281,2.6894,-0.1148,2.6164,2.6923,-0.1133
212.710,map,2.6281,2.6894,-0.1148,2.6164,2.6923,-0.1133
212.810,map,2.6281,2.6894,-0.1148,2.6164,2.6923,-0.1133
212.910,map,2.6281,2.6894,-0.1148,2.6164,2.6923,-0.1133
213.010,map,2.6281,2.6894,-0.1148,2.6164,2.6923,-0.1133
213.110,map,2.6281,2.6894,-0.1148,2.6164,2.6923,-0.1133
213.210,map,2.6281,2.6894,-0.1148,2.6164,2.6923,-0.1133
213.310,map,2.6281,2.6894,-0.1148,2.6164,2.6923,-0.1133
213.410,map,2.6281,2.6894,-0.1148,2.6164,2.6923,-0.1133
213.510,map,2.6281,2.6894,-0.1148,2.6164,2.6923,-0.1133
213.610,map,2.6281,2.6894,-0.1148,2.6164,2.6923,-0.1133
213.710,map,2.6281,2.6894,-0.1148,2.6164,2.6923,-0.1133
213.810,map,2.6281,2.6894,-0.1148,2.6164,2.6923,-0.1133
213.910,map,2.6281,2.6894,-0.1148,2.6164,2.6923,-0.1133
214.010,map,2.6281,2.6894,-0.1148,2.6164,2.6923,-0.1133
214.110,map,2.6281,2.6894,-0.1148,2.6164,2.6923,-0.1133
214.210,map,2.6281,2.6894,-0.1148,2.6164,2.6923,-0.1133
214.310,map,2.6281,2.6894,-0.1148,2.6164,2.6923,-0.1133
214.410,map,2.6281,2.6894,-0.1148,2.6164,2.6923,-0.1133
214.510,map,2.6281,2.6894,-0.1148,2.6164,2.6923,-0.1133
214.610,map,2.6281,2.6894,-0.1148,2.6164,2.6923,-0.1133
214.710,map,2.6281,2.6894,-0.1148,2.6164,2.6923,-0.1133
214.810,map,2.6281,2.6894,-0.1148,2.6164,2.6923,-0.1133
214.910,map,2.6281,2.6894,-0.1148,2.6164,2.6923,-0.1133
215.010,map,2.6281,2.6894,-0.1148,2.6164,2.6923,-0.1133
215.110,map,2.6281,2.6894,-0.1148,2.6164,2.6923,-0.1133
215.210,map,2.6281,2.6894,-0.1148,2.6164,2.6923,-0.1133
215.310,map,2.6281,2.6894,-0.1148,2.6164,2.6923,-0.1133
215.410,map,2.6281,2.6894,-0.1148,2.6164,2.6923,-0.1133
215.510,map,2.6281,2.6894,-0.1148,2.6164,2.6923,-0.1133
215.610,map,2.6281,2.6894,-0.1148,2.6164,2.6923,-0.1133
215.710,map,2.6281,2.6894,-0.1148,2.6164,2.6923,-0.1133
215.810,map,2.6281,2.6894,-0.1148,2.6164,2.6923,-0.1133
215.910,map,2.6281,2.6894,-0.1148,2.6164,2.6923,-0.1133
216.010,map,2.6281,2.6894,-0.1148,2.6164,2.6923,-0.1133
216.110,map,2.6281,2.6894,-0.1148,2.6164,2.6923,-0.1133
216.210,map,2.6281,2.6894,-0.1148,2.6164,2.6923,-0.1133
216.310,map,2.6281,2.6894,-0.1148,2.6164,2.6923,-0.1133
216.410,map,2.6281,2.6894,-0.1148,2.6164,2.6923,-0.1133
216.510,map,2.6281,2.6894,-0.1148,2.6164,2.6923,-0.1133
216.610,map,2.6281,2.6894,-0.1148,2.6164,2.6923,-0.1133
216.710,map,2.6281,2.6894,-0.1148,2.6164,2.6923,-0.1133
216.810,map,2.6281,2.6894,-0.1148,2.6164,2.6923,-0.1133
216.910,map,2.6281,2.6894,-0.1148,2.6164,2.6923,-0.1133
217.010,map,2.6281,2.6894,-0.1148,2.6164,2.6923,-0.1133
217.110,map,2.6281,2.6894,-0.1148,2.6164,2.6923,-0.1133
217.210,map,2.6281,2.6894,-0.1148,2.6164,2.6923,-0.1133
217.310,map,2.6281,2.6894,-0.1148,2.6164,2.6923,-0.1133
217.410,map,2.6281,2.6894,-0.1148,2.6164,2.6923,-0.1133
217.510,map,2.6281,2.6894,-0.1148,2.6164,2.6923,-0.1133
217.610,map,2.6281,2.6894,-0.1148,2.6164,2.6923,-0.1133
217.710,map,2.6281,2.6894,-0.1148,2.6164,2.6923,-0.1133
217.810,map,2.6281,2.6894,-0.1148,2.6164,2.6923,-0.1133
217.910,map,2.6281,2.6894,-0.1148,2.6164,2.6923,-0.1133
218.010,map,2.6281,2.6894,-0.1148,2.6164,2.6923,-0.1133
218.110,map,2.6281,2.6894,-0.1148,2.6164,2.6923,-0.1133
218.210,map,2.6281,2.6894,-0.1148,2.6164,2.6923,-0.1133
218.310,map,2.6281,2.6894,-0.1148,2.6164,2.6923,-0.1133
218.410,map,2.6281,2.6894,-0.1148,2.6164,2.6923,-0.1133
218.510,map,2.6281,2.6894,-0.1148,2.6164,2.6923,-0.1133
218.610,map,2.6281,2.6894,-0.1148,2.6164,2.6923,-0.1133
218.710,map,2.6281,2.6894,-0.1148,2.6164,2.6923,-0.1133
218.810,map,2.6281,2.6894,-0.1148,2.6164,2.6923,-0.1133
218.910,map,2.6281,2.6894,-0.1148,2.6164,2.6923,-0.1133
219.010,map,2.6281,2.6894,-0.1148,2.6164,2.6923,-0.1133
219.110,map,2.6281,2.6894,-0.1148,2.6164,2.6923,-0.1133
219.210,map,2.6281,2.6894,-0.1148,2.6164,2.6923,-0.1133
219.310,map,2.6281,2.6894,-0.1148,2.6164,2.6923,-0.1133
219.410,map,2.6281,2.6894,-0.1148,2.6164,2.6923,-0.1133
219.510,map,2.6281,2.6894,-0.1148,2.6164,2.6923,-0.1133
219.610,map,2.6281,2.6894,-0.1148,2.6164,2.6923,-0.1133
219.710,map,2.6281,2.6894,-0.1148,2.6164,2.6923,-0.1133
219.810,map,2.6281,2.6894,-0.1148,2.6164,2.6923,-0.1133
219.910,map,2.6281,2.6894,-0.1148,2.6164,2.6923,-0.1133
220.010,map,2.6281,2.6894,-0.1148,2.6164,2.6923,-0.1133
220.110,map,2.6281,2.6894,-0.1148,2.6164,2.6923,-0.1133
220.210,map,2.6281,2.6894,-0.1148,2.6164,2.6923,-0.1133
220.310,map,2.6281,2.6894,-0.1148,2.6164,2.6923,-0.1133
220.410,map,2.6281,2.6894,-0.1148,2.6164,2.6923,-0.1133
220.510,map,2.6281,2.6894,-0.1148,2.6164,2.6923,-0.1133
220.610,map,2.6281,2.6894,-0.1148,2.6164,2.6923,-0.1133
220.710,map,2.6281,2.6894,-0.1148,2.6164,2.6923,-0.1133
220.810,map,2.6281,2.6894,-0.1148,2.6164,2.6923,-0.1133
220.910,map,2.6281,2.6894,-0.1148,2.6164,2.6923,-0.1133
221.010,map,2.6281,2.6894,-0.1148,2.6164,2.6923,-0.1133
221.110,map,2.6281,2.6894,-0.1148,2.6164,2.6923,-0.1133
221.210,map,2.6281,2.6894,-0.1148,2.6164,2.6923,-0.1133
221.310,map,2.6281,2.6894,-0.1148,2.6164,2.6923,-0.1133
221.410,map,2.6281,2.6894,-0.1148,2.6164,2.6923,-0.1133
221.510,map,2.6281,2.6894,-0.1148,2.6164,2.6923,-0.1133
221.610,map,2.6281,2.6894,-0.1148,2.6164,2.6923,-0.1133
221.710,map,2.6281,2.6894,-0.1148,2.6164,2.6923,-0.1133
221.810,map,2.6281,2.6894,-0.1148,2.6164,2.6923,-0.1133
221.910,map,2.6281,2.6894,-0.1148,2.6164,2.6923,-0.1133
222.010,map,2.6281,2.6894,-0.1148,2.6164,2.6923,-0.1133
222.110,map,2.6281,2.6894,-0.1148,2.6164,2.6923,-0.1133
222.210,map,2.6281,2.6894,-0.1148,2.6164,2.6923,-0.1133
222.310,map,2.6281,2.6894,-0.1148,2.6164,2.6923,-0.1133
222.410,map,2.6281,2.6894,-0.1148,2.6164,2.6923,-0.1133
222.510,map,2.6281,2.6894,-0.1148,2.6164,2.6923,-0.1133
222.610,map,2.6281,2.6894,-0.1148,2.6164,2.6923,-0.1133
222.710,map,2.6281,2.6894,-0.1148,2.6164,2.6923,-0.1133
222.810,map,2.6281,2.6894,-0.1148,2.6164,2.6923,-0.1133
222.910,map,2.6281,2.6894,-0.1148,2.6164,2.6923,-0.1133
223.010,map,2.6281,2.6894,-0.1148,2.6164,2.6923,-0.1133
223.110,map,2.6281,2.6894,-0.1148,2.6164,2.6923,-0.1133
223.210,map,2.6281,2.6894,-0.1148,2.6164,2.6923,-0.1133
223.310,map,2.6281,2.6894,-0.1148,2.6164,2.6923,-0.1133
223.410,map,2.6281,2.6894,-0.1148,2.6164,2.6923,-0.1133
223.510,map,2.6281,2.6894,-0.1148,2.6164,2.6923,-0.1133
223.610,map,2.6281,2.6894,-0.1148,2.6164,2.6923,-0.1133
223.710,map,2.6281,2.6894,-0.1148,2.6164,2.6923,-0.1133
223.810,map,2.6281,2.6894,-0.1148,2.6164,2.6923,-0.1133
223.910,map,2.6281,2.6894,-0.1148,2.6164,2.6923,-0.1133
224.010,map,2.6281,2.6894,-0.1148,2.6164,2.6923,-0.1133
224.110,map,2.6281,2.6894,-0.1148,2.6164,2.6923,-0.1133
224.210,map,2.6281,2.6894,-0.1148,2.6164,2.6923,-0.1133
224.310,map,2.6281,2.6894,-0.1148,2.6164,2.6923,-0.1133
224.410,map,2.6281,2.6894,-0.1148,2.6164,2.6923,-0.1133
224.510,map,2.6281,2.6894,-0.1148,2.6164,2.6923,-0.1133
224.610,map,2.6281,2.6894,-0.1148,2.6164,2.6923,-0.1133
224.710,map,2.6281,2.6894,-0.1148,2.6164,2.6923,-0.1133
224.810,map,2.6281,2.6894,-0.1148,2.6164,2.6923,-0.1133
224.910,map,2.6281,2.6894,-0.1148,2.6164,2.6923,-0.1133
225.010,map,2.6281,2.6894,-0.1148,2.6164,2.6923,-0.1133
225.110,map,2.6281,2.6894,-0.1148,2.6164,2.6923,-0.1133
225.210,map,2.6281,2.6894,-0.1148,2.6164,2.6923,-0.1133
225.310,map,2.6281,2.6894,-0.1148,2.6164,2.6923,-0.1133
225.410,map,2.6281,2.6894,-0.1148,2.6164,2.6923,-0.1133
225.510,map,2.6281,2.6894,-0.1148,2.6164,2.6923,-0.1133
225.610,map,2.6281,2.6894,-0.1148,2.6164,2.6923,-0.1133
225.710,map,2.6281,2.6894,-0.1148,2.6164,2.6923,-0.1133
225.810,map,2.6281,2.6894,-0.1148,2.6164,2.6923,-0.1133
225.910,map,2.6281,2.6894,-0.1148,2.6164,2.6923,-0.1133
226.010,map,2.6281,2.6894,-0.1148,2.6164,2.6923,-0.1133
226.110,map,2.6281,2.6894,-0.1148,2.6164,2.6923,-0.1133
226.210,map,2.6281,2.6894,-0.1148,2.6164,2.6923,-0.1133
226.310,map,2.6281,2.6894,-0.1148,2.6164,2.6923,-0.1133
226.410,map,2.6281,2.6894,-0.1148,2.6164,2.6923,-0.1133
226.510,map,2.6281,2.6894,-0.1148,2.6164,2.6923,-0.1133
226.610,map,2.6281,2.6894,-0.1148,2.6164,2.6923,-0.1133
226.710,map,2.6281,2.6894,-0.1148,2.6164,2.6923,-0.1133
226.810,map,2.6281,2.6894,-0.1148,2.6164,2.6923,-0.1133
226.910,map,2.6281,2.6894,-0.1148,2.6164,2.6923,-0.1133
227.010,map,2.6281,2.6894,-0.1148,2.6164,2.6923,-0.1133
227.110,map,2.6281,2.6894,-0.1148,2.6164,2.6923,-0.1133
227.210,map,2.6281,2.6894,-0.1148,2.6164,2.6923,-0.1133
227.310,map,2.6281,2.6894,-0.1148,2.6164,2.6923,-0.1133
227.410,map,2.6281,2.6894,-0.1148,2.6164,2.6923,-0.1133
227.510,map,2.6281,2.6894,-0.1148,2.6164,2.6923,-0.1133
227.610,map,2.6281,2.6894,-0.1148,2.6164,2.6923,-0.1133
227.710,map,2.6281,2.6894,-0.1148,2.6164,2.6923,-0.1133
227.810,map,2.6281,2.6894,-0.1148,2.6164,2.6923,-0.1133
227.910,map,2.6281,2.6894,-0.1148,2.6164,2.6923,-0.1133
228.010,map,2.6281,2.6894,-0.1148,2.6164,2.6923,-0.1133
228.110,map,2.6281,2.6894,-0.1148,2.6164,2.6923,-0.1133
228.210,map,2.6281,2.6894,-0.1148,2.6164,2.6923,-0.1133
228.310,map,2.6281,2.6894,-0.1148,2.6164,2.6923,-0.1133
228.410,map,2.6281,2.6894,-0.1148,2.6164,2.6923,-0.1133
228.510,map,2.6281,2.6894,-0.1148,2.6164,2.6923,-0.1133
228.610,map,2.6281,2.6894,-0.1148,2.6164,2.6923,-0.1133
228.710,map,2.6281,2.6894,-0.1148,2.6164,2.6923,-0.1133
228.810,map,2.6281,2.6894,-0.1148,2.6164,2.6923,-0.1133
228.910,map,2.6281,2.6894,-0.1148,2.6164,2.6923,-0.1133
229.010,map,2.6281,2.6894,-0.1148,2.6164,2.6923,-0.1133
229.110,map,2.6281,2.6894,-0.1148,2.6164,2.6923,-0.1133
229.210,map,2.6281,2.6894,-0.1148,2.6164,2.6923,-0.1133
229.310,map,2.6281,2.6894,-0.1148,2.6164,2.6923,-0.1133
229.410,map,2.6281,2.6894,-0.1148,2.6164,2.6923,-0.1133
229.510,map,2.6281,2.6894,-0.1148,2.6164,2.6923,-0.1133
229.610,map,2.6281,2.6894,-0.1148,2.6164,2.6923,-0.1133
229.710,map,2.6281,2.6894,-0.1148,2.6164,2.6923,-0.1133
229.810,map,2.6281,2.6894,-0.1148,2.6164,2.6923,-0.1133
229.910,map,2.6281,2.6894,-0.1148,2.6164,2.6923,-0.1133
230.010,map,2.6281,2.6894,-0.1148,2.6164,2.6923,-0.1133
230.110,map,2.6281,2.6894,-0.1148,2.6164,2.6923,-0.1133
230.210,map,2.6281,2.6894,-0.1148,2.6164,2.6923,-0.1133
230.310,map,2.6281,2.6894,-0.1148,2.6164,2.6923,-0.1133
230.410,map,2.6281,2.6894,-0.1148,2.6164,2.6923,-0.1133
230.510,map,2.6281,2.6894,-0.1148,2.6164,2.6923,-0.1133
230.610,map,2.6281,2.6894,-0.1148,2.6164,2.6923,-0.1133
230.710,map,2.6281,2.6894,-0.1148,2.6164,2.6923,-0.1133
230.810,map,2.6281,2.6894,-0.1148,2.6164,2.6923,-0.1133
230.910,map,2.6281,2.6894,-0.1148,2.6164,2.6923,-0.1133
231.010,map,2.6281,2.6894,-0.1148,2.6164,2.6923,-0.1133
231.110,map,2.6281,2.6894,-0.1148,2.6164,2.6923,-0.1133
231.210,map,2.6281,2.6894,-0.1148,2.6164,2.6923,-0.1133
231.310,map,2.6281,2.6894,-0.1148,2.6164,2.6923,-0.1133
231.410,map,2.6281,2.6894,-0.1148,2.6164,2.6923,-0.1133
231.510,map,2.6281,2.6894,-0.1148,2.6164,2.6923,-0.1133
231.610,map,2.6281,2.6894,-0.1148,2.6164,2.6923,-0.1133
231.710,map,2.6281,2.6894,-0.1148,2.6164,2.6923,-0.1133
231.810,map,2.6281,2.6894,-0.1148,2.6164,2.6923,-0.1133
231.910,map,2.6281,2.6894,-0.1148,2.6164,2.6923,-0.1133
232.010,map,2.6281,2.6894,-0.1148,2.6164,2.6923,-0.1133
232.110,map,2.6281,2.6894,-0.1148,2.6164,2.6923,-0.1133
232.210,map,2.6281,2.6894,-0.1148,2.6164,2.6923,-0.1133
232.310,map,2.6281,2.6894,-0.1148,2.6164,2.6923,-0.1133
232.410,map,2.6281,2.6894,-0.1148,2.6164,2.6923,-0.1133
232.510,map,2.6281,2.6894,-0.1148,2.6164,2.6923,-0.1133
232.610,map,2.6281,2.6894,-0.1148,2.6164,2.6923,-0.1133
232.710,map,2.6281,2.6894,-0.1148,2.6164,2.6923,-0.1133
232.810,map,2.6281,2.6894,-0.1148,2.6164,2.6923,-0.1133
232.910,map,2.6281,2.6894,-0.1148,2.6164,2.6923,-0.1133
233.010,map,2.6281,2.6894,-0.1148,2.6164,2.6923,-0.1133
233.110,map,2.6281,2.6894,-0.1148,2.6164,2.6923,-0.1133
233.210,map,2.6281,2.6894,-0.1148,2.6164,2.6923,-0.1133
233.310,map,2.6281,2.6894,-0.1148,2.6164,2.6923,-0.1133
233.410,map,2.6281,2.6894,-0.1148,2.6164,2.6923,-0.1133
233.510,map,2.6281,2.6894,-0.1148,2.6164,2.6923,-0.1133
233.610,map,2.6281,2.6894,-0.1148,2.6164,2.6923,-0.1133
233.710,map,2.6281,2.6894,-0.1148,2.6164,2.6923,-0.1133
233.810,map,2.6281,2.6894,-0.1148,2.6164,2.6923,-0.1133
233.910,map,2.6281,2.6894,-0.1148,2.6164,2.6923,-0.1133
234.010,map,2.6281,2.6894,-0.1148,2.6164,2.6923,-0.1133
234.110,map,2.6281,2.6894,-0.1148,2.6164,2.6923,-0.1133
234.210,map,2.6281,2.6894,-0.1148,2.6164,2.6923,-0.1133
234.310,map,2.6281,2.6894,-0.1148,2.6164,2.6923,-0.1133
234.410,map,2.6281,2.6894,-0.1148,2.6164,2.6923,-0.1133
234.510,map,2.6281,2.6894,-0.1148,2.6164,2.6923,-0.1133
234.610,map,2.6281,2.6894,-0.1148,2.6164,2.6923,-0.1133
234.710,map,2.6281,2.6894,-0.1148,2.6164,2.6923,-0.1133
234.810,map,2.6281,2.6894,-0.1148,2.6164,2.6923,-0.1133
234.910,map,2.6281,2.6894,-0.1148,2.6164,2.6923,-0.1133
235.010,map,2.6281,2.6894,-0.1148,2.6164,2.6923,-0.1133
235.110,map,2.6281,2.6894,-0.1148,2.6164,2.6923,-0.1133
235.210,map,2.6281,2.6894,-0.1148,2.6164,2.6923,-0.1133
235.310,map,2.6281,2.6894,-0.1148,2.6164,2.6923,-0.1133
235.410,map,2.6281,2.6894,-0.1148,2.6164,2.6923,-0.1133
235.510,map,2.6281,2.6894,-0.1148,2.6164,2.6923,-0.1133
235.610,map,2.6281,2.6894,-0.1148,2.6164,2.6923,-0.1133
235.710,map,2.6281,2.6894,-0.1148,2.6164,2.6923,-0.1133
235.810,map,2.6281,2.6894,-0.1148,2.6164,2.6923,-0.1133
235.910,map,2.6281,2.6894,-0.1148,2.6164,2.6923,-0.1133
236.010,map,2.6281,2.6894,-0.1148,2.6164,2.6923,-0.1133
236.110,map,2.6281,2.6894,-0.1148,2.6164,2.6923,-0.1133
236.210,map,2.6281,2.6894,-0.1148,2.6164,2.6923,-0.1133
236.310,map,2.6281,2.6894,-0.1148,2.6164,2.6923,-0.1133
236.410,map,2.6281,2.6894,-0.1148,2.6164,2.6923,-0.1133
236.510,map,2.6281,2.6894,-0.1148,2.6164,2.6923,-0.1133
236.610,map,2.6281,2.6894,-0.1148,2.6164,2.6923,-0.1133
236.710,map,2.6281,2.6894,-0.1148,2.6164,2.6923,-0.1133
236.810,map,2.6281,2.6894,-0.1148,2.6164,2.6923,-0.1133
236.910,map,2.6281,2.6894,-0.1148,2.6164,2.6923,-0.1133
237.010,map,2.6281,2.6894,-0.1148,2.6164,2.6923,-0.1133
237.110,map,2.6281,2.6894,-0.1148,2.6164,2.6923,-0.1133
237.210,map,2.6281,2.6894,-0.1148,2.6164,2.6923,-0.1133
237.310,map,2.6281,2.6894,-0.1148,2.6164,2.6923,-0.1133
237.410,map,2.6281,2.6894,-0.1148,2.6164,2.6923,-0.1133
237.510,map,2.6281,2.6894,-0.1148,2.6164,2.6923,-0.1133
237.610,map,2.6281,2.6894,-0.1148,2.6164,2.6923,-0.1133
237.710,map,2.6281,2.6894,-0.1148,2.6164,2.6923,-0.1133
237.810,map,2.6281,2.6894,-0.1148,2.6164,2.6923,-0.1133
237.910,map,2.6281,2.6894,-0.1148,2.6164,2.6923,-0.1133
238.010,map,2.6281,2.6894,-0.1148,2.6164,2.6923,-0.1133
238.110,map,2.6281,2.6894,-0.1148,2.6164,2.6923,-0.1133
238.210,map,2.6281,2.6894,-0.1148,2.6164,2.6923,-0.1133
238.310,map,2.6281,2.6894,-0.1148,2.6164,2.6923,-0.1133
238.410,map,2.6281,2.6894,-0.1148,2.6164,2.6923,-0.1133
238.510,map,2.6281,2.6894,-0.1148,2.6164,2.6923,-0.1133
238.610,map,2.6281,2.6894,-0.1148,2.6164,2.6923,-0.1133
238.710,map,2.6281,2.6894,-0.1148,2.6164,2.6923,-0.1133
238.810,map,2.6281,2.6894,-0.1148,2.6164,2.6923,-0.1133
238.910,map,2.6281,2.6894,-0.1148,2.6164,2.6923,-0.1133
239.010,map,2.6281,2.6894,-0.1148,2.6164,2.6923,-0.1133
239.110,map,2.6281,2.6894,-0.1148,2.6164,2.6923,-0.1133
239.210,map,2.6281,2.6894,-0.1148,2.6164,2.6923,-0.1133
239.310,map,2.6281,2.6894,-0.1148,2.6164,2.6923,-0.1133
239.410,map,2.6281,2.6894,-0.1148,2.6164,2.6923,-0.1133
239.510,map,2.6281,2.6894,-0.1148,2.6164,2.6923,-0.1133
239.610,map,2.6281,2.6894,-0.1148,2.6164,2.6923,-0.1133
239.710,map,2.6281,2.6894,-0.1148,2.6164,2.6923,-0.1133
239.810,map,2.6281,2.6894,-0.1148,2.6164,2.6923,-0.1133
239.910,map,2.6281,2.6894,-0.1148,2.6164,2.6923,-0.1133
240.010,map,2.6281,2.6894,-0.1148,2.6164,2.6923,-0.1133
240.110,map,2.6281,2.6894,-0.1148,2.6164,2.6923,-0.1133
240.210,map,2.6281,2.6894,-0.1148,2.6164,2.6923,-0.1133
240.310,map,2.6281,2.6894,-0.1148,2.6164,2.6923,-0.1133
240.410,map,2.6281,2.6894,-0.1148,2.6164,2.6923,-0.1133
240.510,map,2.6281,2.6894,-0.1148,2.6164,2.6923,-0.1133
240.610,map,2.6281,2.6894,-0.1148,2.6164,2.6923,-0.1133
240.710,map,2.6281,2.6894,-0.1148,2.6164,2.6923,-0.1133
240.810,map,2.6281,2.6894,-0.1148,2.6164,2.6923,-0.1133
240.910,map,2.6281,2.6894,-0.1148,2.6164,2.6923,-0.1133
241.010,map,2.6281,2.6894,-0.1148,2.6164,2.6923,-0.1133
241.110,map,2.6281,2.6894,-0.1148,2.6164,2.6923,-0.1133
241.210,map,2.6281,2.6894,-0.1148,2.6164,2.6923,-0.1133
241.310,map,2.6281,2.6894,-0.1148,2.6164,2.6923,-0.1133
241.410,map,2.6281,2.6894,-0.1148,2.6164,2.6923,-0.1133
241.510,map,2.6281,2.6894,-0.1148,2.6164,2.6923,-0.1133
241.610,map,2.6281,2.6894,-0.1148,2.6164,2.6923,-0.1133
241.710,map,2.6281,2.6894,-0.1148,2.6164,2.6923,-0.1133
241.810,map,2.6281,2.6894,-0.1148,2.6164,2.6923,-0.1133
241.910,map,2.6281,2.6894,-0.1148,2.6164,2.6923,-0.1133
242.010,map,2.6281,2.6894,-0.1148,2.6164,2.6923,-0.1133
242.110,map,2.6281,2.6894,-0.1148,2.6164,2.6923,-0.1133
242.210,map,2.6281,2.6894,-0.1148,2.6164,2.6923,-0.1133
242.310,map,2.6281,2.6894,-0.1148,2.6164,2.6923,-0.1133
242.410,map,2.6281,2.6894,-0.1148,2.6164,2.6923,-0.1133
242.510,map,2.6281,2.6894,-0.1148,2.6164,2.6923,-0.1133
242.610,map,2.6281,2.6894,-0.1148,2.6164,2.6923,-0.1133
242.710,map,2.6281,2.6894,-0.1148,2.6164,2.6923,-0.1133
242.810,map,2.6281,2.6894,-0.1148,2.6164,2.6923,-0.1133
242.910,map,2.6281,2.6894,-0.1148,2.6164,2.6923,-0.1133
243.010,map,2.6281,2.6894,-0.1148,2.6164,2.6923,-0.1133
243.110,map,2.6281,2.6894,-0.1148,2.6164,2.6923,-0.1133
243.210,map,2.6281,2.6894,-0.1148,2.6164,2.6923,-0.1133
243.310,map,2.6281,2.6894,-0.1148,2.6164,2.6923,-0.1133
243.410,map,2.6281,2.6894,-0.1148,2.6164,2.6923,-0.1133
243.510,map,2.6281,2.6894,-0.1148,2.6164,2.6923,-0.1133
243.610,map,2.6281,2.6894,-0.1148,2.6164,2.6923,-0.1133
243.710,map,2.6281,2.6894,-0.1148,2.6164,2.6923,-0.1133
243.810,map,2.6281,2.6894,-0.1148,2.6164,2.6923,-0.1133
243.910,map,2.6281,2.6894,-0.1148,2.6164,2.6923,-0.1133
244.010,map,2.6281,2.6894,-0.1148,2.6164,2.6923,-0.1133
244.110,map,2.6281,2.6894,-0.1148,2.6164,2.6923,-0.1133
244.210,map,2.6281,2.6894,-0.1148,2.6164,2.6923,-0.1133
244.310,map,2.6281,2.6894,-0.1148,2.6164,2.6923,-0.1133
244.410,map,2.6281,2.6894,-0.1148,2.6164,2.6923,-0.1133
244.510,map,2.6281,2.6894,-0.1148,2.6164,2.6923,-0.1133
244.610,map,2.6281,2.6894,-0.1148,2.6164,2.6923,-0.1133
244.710,map,2.6281,2.6894,-0.1148,2.6164,2.6923,-0.1133
244.810,map,2.6281,2.6894,-0.1148,2.6164,2.6923,-0.1133
244.910,map,2.6281,2.6894,-0.1148,2.6164,2.6923,-0.1133
245.010,map,2.6281,2.6894,-0.1148,2.6164,2.6923,-0.1133
245.110,map,2.6281,2.6894,-0.1148,2.6164,2.6923,-0.1133
245.210,map,2.6281,2.6894,-0.1148,2.6164,2.6923,-0.1133
245.310,map,2.6281,2.6894,-0.1148,2.6164,2.6923,-0.1133
245.410,map,2.6281,2.6894,-0.1148,2.6164,2.6923,-0.1133
245.510,map,2.6281,2.6894,-0.1148,2.6164,2.6923,-0.1133
245.610,map,2.6281,2.6894,-0.1148,2.6164,2.6923,-0.1133
245.710,map,2.6281,2.6894,-0.1148,2.6164,2.6923,-0.1133
245.810,map,2.6281,2.6894,-0.1148,2.6164,2.6923,-0.1133
245.910,map,2.6281,2.6894,-0.1148,2.6164,2.6923,-0.1133
246.010,map,2.6281,2.6894,-0.1148,2.6164,2.6923,-0.1133
246.110,map,2.6281,2.6894,-0.1148,2.6164,2.6923,-0.1133
246.210,map,2.6281,2.6894,-0.1148,2.6164,2.6923,-0.1133
246.310,map,2.6281,2.6894,-0.1148,2.6164,2.6923,-0.1133
246.410,map,2.6281,2.6894,-0.1148,2.6164,2.6923,-0.1133
246.510,map,2.6281,2.6894,-0.1148,2.6164,2.6923,-0.1133
246.610,map,2.6281,2.6894,-0.1148,2.6164,2.6923,-0.1133
246.710,map,2.6281,2.6894,-0.1148,2.6164,2.6923,-0.1133
246.810,map,2.6281,2.6894,-0.1148,2.6164,2.6923,-0.1133
246.910,map,2.6281,2.6894,-0.1148,2.6164,2.6923,-0.1133
247.010,map,2.6281,2.6894,-0.1148,2.6164,2.6923,-0.1133
247.110,map,2.6281,2.6894,-0.1148,2.6164,2.6923,-0.1133
247.210,map,2.6281,2.6894,-0.1148,2.6164,2.6923,-0.1133
247.310,map,2.6281,2.6894,-0.1148,2.6164,2.6923,-0.1133
247.410,map,2.6281,2.6894,-0.1148,2.6164,2.6923,-0.1133
247.510,map,2.6281,2.6894,-0.1148,2.6164,2.6923,-0.1133
247.610,map,2.6281,2.6894,-0.1148,2.6164,2.6923,-0.1133
247.710,map,2.6281,2.6894,-0.1148,2.6164,2.6923,-0.1133
247.810,map,2.6281,2.6894,-0.1148,2.6164,2.6923,-0.1133
247.910,map,2.6281,2.6894,-0.1148,2.6164,2.6923,-0.1133
248.010,map,2.6281,2.6894,-0.1148,2.6164,2.6923,-0.1133
248.110,map,2.6281,2.6894,-0.1148,2.6164,2.6923,-0.1133
248.210,map,2.6281,2.6894,-0.1148,2.6164,2.6923,-0.1133
248.310,map,2.6281,2.6894,-0.1148,2.6164,2.6923,-0.1133
248.410,map,2.6281,2.6894,-0.1148,2.6164,2.6923,-0.1133
248.510,map,2.6281,2.6894,-0.1148,2.6164,2.6923,-0.1133
248.610,map,2.6281,2.6894,-0.1148,2.6164,2.6923,-0.1133
248.710,map,2.6281,2.6894,-0.1148,2.6164,2.6923,-0.1133
248.810,map,2.6281,2.6894,-0.1148,2.6164,2.6923,-0.1133
248.910,map,2.6281,2.6894,-0.1148,2.6164,2.6923,-0.1133
249.010,map,2.6281,2.6894,-0.1148,2.6164,2.6923,-0.1133
249.110,map,2.6281,2.6894,-0.1148,2.6164,2.6923,-0.1133
249.210,map,2.6281,2.6894,-0.1148,2.6164,2.6923,-0.1133
249.310,map,2.6281,2.6894,-0.1148,2.6164,2.6923,-0.1133
249.410,map,2.6281,2.6894,-0.1148,2.6164,2.6923,-0.1133
249.510,map,2.6281,2.6894,-0.1148,2.6164,2.6923,-0.1133
249.610,map,2.6281,2.6894,-0.1148,2.6164,2.6923,-0.1133
249.710,map,2.6281,2.6894,-0.1148,2.6164,2.6923,-0.1133
249.810,map,2.6281,2.6894,-0.1148,2.6164,2.6923,-0.1133
249.910,map,2.6281,2.6894,-0.1148,2.6164,2.6923,-0.1133
250.010,map,2.6281,2.6894,-0.1148,2.6164,2.6923,-0.1133
250.110,map,2.6281,2.6894,-0.1148,2.6164,2.6923,-0.1133
250.210,map,2.6281,2.6894,-0.1148,2.6164,2.6923,-0.1133
250.310,map,2.6281,2.6894,-0.1148,2.6164,2.6923,-0.1133
250.410,map,2.6281,2.6894,-0.1148,2.6164,2.6923,-0.1133
250.510,map,2.6281,2.6894,-0.1148,2.6164,2.6923,-0.1133
250.610,map,2.6281,2.6894,-0.1148,2.6164,2.6923,-0.1133
250.710,map,2.6281,2.6894,-0.1148,2.6164,2.6923,-0.1133
250.810,map,2.6281,2.6894,-0.1148,2.6164,2.6923,-0.1133
250.910,map,2.6281,2.6894,-0.1148,2.6164,2.6923,-0.1133
251.010,map,2.6281,2.6894,-0.1148,2.6164,2.6923,-0.1133
251.110,map,2.6281,2.6894,-0.1148,2.6164,2.6923,-0.1133
251.210,map,2.6281,2.6894,-0.1148,2.6164,2.6923,-0.1133
251.310,map,2.6281,2.6894,-0.1148,2.6164,2.6923,-0.1133
251.410,map,2.6281,2.6894,-0.1148,2.6164,2.6923,-0.1133
251.510,map,2.6281,2.6894,-0.1148,2.6164,2.6923,-0.1133
251.610,map,2.6281,2.6894,-0.1148,2.6164,2.6923,-0.1133
251.710,map,2.6281,2.6894,-0.1148,2.6164,2.6923,-0.1133
251.810,map,2.6281,2.6894,-0.1148,2.6164,2.6923,-0.1133
251.910,map,2.6281,2.6894,-0.1148,2.6164,2.6923,-0.1133
252.010,map,2.6281,2.6894,-0.1148,2.6164,2.6923,-0.1133
252.110,map,2.6281,2.6894,-0.1148,2.6164,2.6923,-0.1133
252.210,map,2.6281,2.6894,-0.1148,2.6164,2.6923,-0.1133
252.310,map,2.6281,2.6894,-0.1148,2.6164,2.6923,-0.1133
252.410,map,2.6281,2.6894,-0.1148,2.6164,2.6923,-0.1133
252.510,map,2.6281,2.6894,-0.1148,2.6164,2.6923,-0.1133
252.610,map,2.6281,2.6894,-0.1148,2.6164,2.6923,-0.1133
252.710,map,2.6281,2.6894,-0.1148,2.6164,2.6923,-0.1133
252.810,map,2.6281,2.6894,-0.1148,2.6164,2.6923,-0.1133
252.910,map,2.6281,2.6894,-0.1148,2.6164,2.6923,-0.1133
253.010,map,2.6281,2.6894,-0.1148,2.6164,2.6923,-0.1133
253.110,map,2.6281,2.6894,-0.1148,2.6164,2.6923,-0.1133
253.210,map,2.6281,2.6894,-0.1148,2.6164,2.6923,-0.1133
253.310,map,2.6281,2.6894,-0.1148,2.6164,2.6923,-0.1133
253.410,map,2.6281,2.6894,-0.1148,2.6164,2.6923,-0.1133
253.510,map,2.6281,2.6894,-0.1148,2.6164,2.6923,-0.1133
253.610,map,2.6281,2.6894,-0.1148,2.6164,2.6923,-0.1133
253.710,map,2.6281,2.6894,-0.1148,2.6164,2.6923,-0.1133
253.810,map,2.6281,2.6894,-0.1148,2.6164,2.6923,-0.1133
253.910,map,2.6281,2.6894,-0.1148,2.6164,2.6923,-0.1133
254.010,map,2.6281,2.6894,-0.1148,2.6164,2.6923,-0.1133
254.110,map,2.6281,2.6894,-0.1148,2.6164,2.6923,-0.1133
254.210,map,2.6281,2.6894,-0.1148,2.6164,2.6923,-0.1133
254.310,map,2.6281,2.6894,-0.1148,2.6164,2.6923,-0.1133
254.410,map,2.6281,2.6894,-0.1148,2.6164,2.6923,-0.1133
254.510,map,2.6281,2.6894,-0.1148,2.6164,2.6923,-0.1133
254.610,map,2.6281,2.6894,-0.1148,2.6164,2.6923,-0.1133
254.710,map,2.6281,2.6894,-0.1148,2.6164,2.6923,-0.1133
254.810,map,2.6281,2.6894,-0.1148,2.6164,2.6923,-0.1133
254.910,map,2.6281,2.6894,-0.1148,2.6164,2.6923,-0.1133
255.010,map,2.6281,2.6894,-0.1148,2.6164,2.6923,-0.1133
255.110,map,2.6281,2.6894,-0.1148,2.6164,2.6923,-0.1133
255.210,map,2.6281,2.6894,-0.1148,2.6164,2.6923,-0.1133
255.310,map,2.6281,2.6894,-0.1148,2.6164,2.6923,-0.1133
255.410,map,2.6281,2.6894,-0.1148,2.6164,2.6923,-0.1133
255.510,map,2.6281,2.6894,-0.1148,2.6164,2.6923,-0.1133
255.610,map,2.6281,2.6894,-0.1148,2.6164,2.6923,-0.1133
255.710,map,2.6281,2.6894,-0.1148,2.6164,2.6923,-0.1133
255.810,map,2.6281,2.6894,-0.1148,2.6164,2.6923,-0.1133
255.910,map,2.6281,2.6894,-0.1148,2.6164,2.6923,-0.1133
256.010,map,2.6281,2.6894,-0.1148,2.6164,2.6923,-0.1133
256.110,map,2.6281,2.6894,-0.1148,2.6164,2.6923,-0.1133
256.210,map,2.6281,2.6894,-0.1148,2.6164,2.6923,-0.1133
256.310,map,2.6281,2.6894,-0.1148,2.6164,2.6923,-0.1133
256.410,map,2.6281,2.6894,-0.1148,2.6164,2.6923,-0.1133
256.510,map,2.6281,2.6894,-0.1148,2.6164,2.6923,-0.1133
256.610,map,2.6281,2.6894,-0.1148,2.6164,2.6923,-0.1133
256.710,map,2.6281,2.6894,-0.1148,2.6164,2.6923,-0.1133
256.810,map,2.6281,2.6894,-0.1148,2.6164,2.6923,-0.1133
256.910,map,2.6281,2.6894,-0.1148,2.6164,2.6923,-0.1133
257.010,map,2.6281,2.6894,-0.1148,2.6164,2.6923,-0.1133
257.110,map,2.6281,2.6894,-0.1148,2.6164,2.6923,-0.1133
257.210,map,2.6281,2.6894,-0.1148,2.6164,2.6923,-0.1133
257.310,map,2.6281,2.6894,-0.1148,2.6164,2.6923,-0.1133
257.410,map,2.6281,2.6894,-0.1148,2.6164,2.6923,-0.1133
257.510,map,2.6281,2.6894,-0.1148,2.6164,2.6923,-0.1133
257.610,map,2.6281,2.6894,-0.1148,2.6164,2.6923,-0.1133
257.710,map,2.6281,2.6894,-0.1148,2.6164,2.6923,-0.1133
257.810,map,2.6281,2.6894,-0.1148,2.6164,2.6923,-0.1133
257.910,map,2.6281,2.6894,-0.1148,2.6164,2.6923,-0.1133
258.010,map,2.6281,2.6894,-0.1148,2.6164,2.6923,-0.1133
258.110,map,2.6281,2.6894,-0.1148,2.6164,2.6923,-0.1133
258.210,map,2.6281,2.6894,-0.1148,2.6164,2.6923,-0.1133
258.310,map,2.6281,2.6894,-0.1148,2.6164,2.6923,-0.1133
258.410,map,2.6281,2.6894,-0.1148,2.6164,2.6923,-0.1133
258.510,map,2.6281,2.6894,-0.1148,2.6164,2.6923,-0.1133
258.610,map,2.6281,2.6894,-0.1148,2.6164,2.6923,-0.1133
258.710,map,2.6281,2.6894,-0.1148,2.6164,2.6923,-0.1133
258.810,map,2.6281,2.6894,-0.1148,2.6164,2.6923,-0.1133
258.910,map,2.6281,2.6894,-0.1148,2.6164,2.6923,-0.1133
259.010,map,2.6281,2.6894,-0.1148,2.6164,2.6923,-0.1133
259.110,map,2.6281,2.6894,-0.1148,2.6164,2.6923,-0.1133
259.210,map,2.6281,2.6894,-0.1148,2.6164,2.6923,-0.1133
259.310,map,2.6281,2.6894,-0.1148,2.6164,2.6923,-0.1133
259.410,map,2.6281,2.6894,-0.1148,2.6164,2.6923,-0.1133
259.510,map,2.6281,2.6894,-0.1148,2.6164,2.6923,-0.1133
259.610,map,2.6281,2.6894,-0.1148,2.6164,2.6923,-0.1133
259.710,map,2.6281,2.6894,-0.1148,2.6164,2.6923,-0.1133
259.810,map,2.6281,2.6894,-0.1148,2.6164,2.6923,-0.1133
259.910,map,2.6281,2.6894,-0.1148,2.6164,2.6923,-0.1133
260.010,map,2.6281,2.6894,-0.1148,2.6164,2.6923,-0.1133
260.110,map,2.6281,2.6894,-0.1148,2.6164,2.6923,-0.1133
260.210,map,2.6281,2.6894,-0.1148,2.6164,2.6923,-0.1133
260.310,map,2.6281,2.6894,-0.1148,2.6164,2.6923,-0.1133
260.410,map,2.6281,2.6894,-0.1148,2.6164,2.6923,-0.1133
260.510,map,2.6281,2.6894,-0.1148,2.6164,2.6923,-0.1133
260.610,map,2.6281,2.6894,-0.1148,2.6164,2.6923,-0.1133
260.710,map,2.6281,2.6894,-0.1148,2.6164,2.6923,-0.1133
260.810,map,2.6281,2.6894,-0.1148,2.6164,2.6923,-0.1133
260.910,map,2.6281,2.6894,-0.1148,2.6164,2.6923,-0.1133
261.010,map,2.6281,2.6894,-0.1148,2.6164,2.6923,-0.1133
261.110,map,2.6281,2.6894,-0.1148,2.6164,2.6923,-0.1133
261.210,map,2.6281,2.6894,-0.1148,2.6164,2.6923,-0.1133
261.310,map,2.6281,2.6894,-0.1148,2.6164,2.6923,-0.1133
261.410,map,2.6281,2.6894,-0.1148,2.6164,2.6923,-0.1133
261.510,map,2.6281,2.6894,-0.1148,2.6164,2.6923,-0.1133
261.610,map,2.6281,2.6894,-0.1148,2.6164,2.6923,-0.1133
261.710,map,2.6281,2.6894,-0.1148,2.6164,2.6923,-0.1133
261.810,map,2.6281,2.6894,-0.1148,2.6164,2.6923,-0.1133
261.910,map,2.6281,2.6894,-0.1148,2.6164,2.6923,-0.1133
262.010,map,2.6281,2.6894,-0.1148,2.6164,2.6923,-0.1133
262.110,map,2.6281,2.6894,-0.1148,2.6164,2.6923,-0.1133
262.210,map,2.6281,2.6894,-0.1148,2.6164,2.6923,-0.1133
262.310,map,2.6281,2.6894,-0.1148,2.6164,2.6923,-0.1133
262.410,map,2.6281,2.6894,-0.1148,2.6164,2.6923,-0.1133
262.510,map,2.6281,2.6894,-0.1148,2.6164,2.6923,-0.1133
262.610,map,2.6281,2.6894,-0.1148,2.6164,2.6923,-0.1133
262.710,map,2.6281,2.6894,-0.1148,2.6164,2.6923,-0.1133
262.810,map,2.6281,2.6894,-0.1148,2.6164,2.6923,-0.1133
262.910,map,2.6281,2.6894,-0.1148,2.6164,2.6923,-0.1133
263.010,map,2.6281,2.6894,-0.1148,2.6164,2.6923,-0.1133
263.110,map,2.6281,2.6894,-0.1148,2.6164,2.6923,-0.1133
263.210,map,2.6281,2.6894,-0.1148,2.6164,2.6923,-0.1133
263.310,map,2.6281,2.6894,-0.1148,2.6164,2.6923,-0.1133
263.410,map,2.6281,2.6894,-0.1148,2.6164,2.6923,-0.1133
263.510,map,2.6281,2.6894,-0.1148,2.6164,2.6923,-0.1133
263.610,map,2.6281,2.6894,-0.1148,2.6164,2.6923,-0.1133
263.710,map,2.6281,2.6894,-0.1148,2.6164,2.6923,-0.1133
263.810,map,2.6281,2.6894,-0.1148,2.6164,2.6923,-0.1133
263.910,map,2.6281,2.6894,-0.1148,2.6164,2.6923,-0.1133
264.010,map,2.6281,2.6894,-0.1148,2.6164,2.6923,-0.1133
264.110,map,2.6281,2.6894,-0.1148,2.6164,2.6923,-0.1133
264.210,map,2.6281,2.6894,-0.1148,2.6164,2.6923,-0.1133
264.310,map,2.6281,2.6894,-0.1148,2.6164,2.6923,-0.1133
264.410,map,2.6281,2.6894,-0.1148,2.6164,2.6923,-0.1133
264.510,map,2.6281,2.6894,-0.1148,2.6164,2.6923,-0.1133
264.610,map,2.6281,2.6894,-0.1148,2.6164,2.6923,-0.1133
264.710,map,2.6281,2.6894,-0.1148,2.6164,2.6923,-0.1133
264.810,map,2.6281,2.6894,-0.1148,2.6164,2.6923,-0.1133
264.910,map,2.6281,2.6894,-0.1148,2.6164,2.6923,-0.1133
265.010,map,2.6281,2.6894,-0.1148,2.6164,2.6923,-0.1133
265.110,map,2.6281,2.6894,-0.1148,2.6164,2.6923,-0.1133
265.210,map,2.6281,2.6894,-0.1148,2.6164,2.6923,-0.1133
265.310,map,2.6281,2.6894,-0.1148,2.6164,2.6923,-0.1133
265.410,map,2.6281,2.6894,-0.1148,2.6164,2.6923,-0.1133
265.510,map,2.6281,2.6894,-0.1148,2.6164,2.6923,-0.1133
265.610,map,2.6281,2.6894,-0.1148,2.6164,2.6923,-0.1133
265.710,map,2.6281,2.6894,-0.1148,2.6164,2.6923,-0.1133
265.810,map,2.6281,2.6894,-0.1148,2.6164,2.6923,-0.1133
265.910,map,2.6281,2.6894,-0.1148,2.6164,2.6923,-0.1133
266.010,map,2.6281,2.6894,-0.1148,2.6164,2.6923,-0.1133
266.110,map,2.6281,2.6894,-0.1148,2.6164,2.6923,-0.1133
266.210,map,2.6281,2.6894,-0.1148,2.6164,2.6923,-0.1133
266.310,map,2.6281,2.6894,-0.1148,2.6164,2.6923,-0.1133
266.410,map,2.6281,2.6894,-0.1148,2.6164,2.6923,-0.1133
266.510,map,2.6281,2.6894,-0.1148,2.6164,2.6923,-0.1133
266.610,map,2.6281,2.6894,-0.1148,2.6164,2.6923,-0.1133
266.710,map,2.6281,2.6894,-0.1148,2.6164,2.6923,-0.1133
266.810,map,2.6281,2.6894,-0.1148,2.6164,2.6923,-0.1133
266.910,map,2.6281,2.6894,-0.1148,2.6164,2.6923,-0.1133
267.010,map,2.6281,2.6894,-0.1148,2.6164,2.6923,-0.1133
267.110,map,2.6281,2.6894,-0.1148,2.6164,2.6923,-0.1133
267.210,map,2.6281,2.6894,-0.1148,2.6164,2.6923,-0.1133
267.310,map,2.6281,2.6894,-0.1148,2.6164,2.6923,-0.1133
267.410,map,2.6281,2.6894,-0.1148,2.6164,2.6923,-0.1133
267.510,map,2.6281,2.6894,-0.1148,2.6164,2.6923,-0.1133
267.610,map,2.6281,2.6894,-0.1148,2.6164,2.6923,-0.1133
267.710,map,2.6281,2.6894,-0.1148,2.6164,2.6923,-0.1133
267.810,map,2.6281,2.6894,-0.1148,2.6164,2.6923,-0.1133
267.910,map,2.6281,2.6894,-0.1148,2.6164,2.6923,-0.1133
268.010,map,2.6281,2.6894,-0.1148,2.6164,2.6923,-0.1133
268.110,map,2.6281,2.6894,-0.1148,2.6164,2.6923,-0.1133
268.210,map,2.6281,2.6894,-0.1148,2.6164,2.6923,-0.1133
268.310,map,2.6281,2.6894,-0.1148,2.6164,2.6923,-0.1133
268.410,map,2.6281,2.6894,-0.1148,2.6164,2.6923,-0.1133
268.510,map,2.6281,2.6894,-0.1148,2.6164,2.6923,-0.1133
268.610,map,2.6281,2.6894,-0.1148,2.6164,2.6923,-0.1133
268.710,map,2.6281,2.6894,-0.1148,2.6164,2.6923,-0.1133
268.810,map,2.6281,2.6894,-0.1148,2.6164,2.6923,-0.1133
268.910,map,2.6281,2.6894,-0.1148,2.6164,2.6923,-0.1133
269.010,map,2.6281,2.6894,-0.1148,2.6164,2.6923,-0.1133
269.110,map,2.6281,2.6894,-0.1148,2.6164,2.6923,-0.1133
269.210,map,2.6281,2.6894,-0.1148,2.6164,2.6923,-0.1133
269.310,map,2.6281,2.6894,-0.1148,2.6164,2.6923,-0.1133
269.410,map,2.6281,2.6894,-0.1148,2.6164,2.6923,-0.1133
269.510,map,2.6281,2.6894,-0.1148,2.6164,2.6923,-0.1133
269.610,map,2.6281,2.6894,-0.1148,2.6164,2.6923,-0.1133
269.710,map,2.6281,2.6894,-0.1148,2.6164,2.6923,-0.1133
269.810,map,2.6281,2.6894,-0.1148,2.6164,2.6923,-0.1133
269.910,map,2.6281,2.6894,-0.1148,2.6164,2.6923,-0.1133
270.010,map,2.6281,2.6894,-0.1148,2.6164,2.6923,-0.1133
270.110,map,2.6281,2.6894,-0.1148,2.6164,2.6923,-0.1133
270.210,map,2.6281,2.6894,-0.1148,2.6164,2.6923,-0.1133
270.310,map,2.6281,2.6894,-0.1148,2.6164,2.6923,-0.1133
270.410,map,2.6281,2.6894,-0.1148,2.6164,2.6923,-0.1133
270.510,map,2.6281,2.6894,-0.1148,2.6164,2.6923,-0.1133
270.610,map,2.6281,2.6894,-0.1148,2.6164,2.6923,-0.1133
270.710,map,2.6281,2.6894,-0.1148,2.6164,2.6923,-0.1133
270.810,map,2.6281,2.6894,-0.1148,2.6164,2.6923,-0.1133
270.910,map,2.6281,2.6894,-0.1148,2.6164,2.6923,-0.1133
271.010,map,2.6281,2.6894,-0.1148,2.6164,2.6923,-0.1133
271.110,map,2.6281,2.6894,-0.1148,2.6164,2.6923,-0.1133
271.210,map,2.6281,2.6894,-0.1148,2.6164,2.6923,-0.1133
271.310,map,2.6281,2.6894,-0.1148,2.6164,2.6923,-0.1133
271.410,map,2.6281,2.6894,-0.1148,2.6164,2.6923,-0.1133
271.510,map,2.6281,2.6894,-0.1148,2.6164,2.6923,-0.1133
271.610,map,2.6281,2.6894,-0.1148,2.6164,2.6923,-0.1133
271.710,map,2.6281,2.6894,-0.1148,2.6164,2.6923,-0.1133
271.810,map,2.6281,2.6894,-0.1148,2.6164,2.6923,-0.1133
271.910,map,2.6281,2.6894,-0.1148,2.6164,2.6923,-0.1133
272.010,map,2.6281,2.6894,-0.1148,2.6164,2.6923,-0.1133
272.110,map,2.6281,2.6894,-0.1148,2.6164,2.6923,-0.1133
272.210,map,2.6281,2.6894,-0.1148,2.6164,2.6923,-0.1133
272.310,map,2.6281,2.6894,-0.1148,2.6164,2.6923,-0.1133
272.410,map,2.6281,2.6894,-0.1148,2.6164,2.6923,-0.1133
272.510,map,2.6281,2.6894,-0.1148,2.6164,2.6923,-0.1133
272.610,map,2.6281,2.6894,-0.1148,2.6164,2.6923,-0.1133
272.710,map,2.6281,2.6894,-0.1148,2.6164,2.6923,-0.1133
272.810,map,2.6281,2.6894,-0.1148,2.6164,2.6923,-0.1133
272.910,map,2.6281,2.6894,-0.1148,2.6164,2.6923,-0.1133
273.010,map,2.6281,2.6894,-0.1148,2.6164,2.6923,-0.1133
273.110,map,2.6281,2.6894,-0.1148,2.6164,2.6923,-0.1133
273.210,map,2.6281,2.6894,-0.1148,2.6164,2.6923,-0.1133
273.310,map,2.6281,2.6894,-0.1148,2.6164,2.6923,-0.1133
273.410,map,2.6281,2.6894,-0.1148,2.6164,2.6923,-0.1133
273.510,map,2.6281,2.6894,-0.1148,2.6164,2.6923,-0.1133
273.610,map,2.6281,2.6894,-0.1148,2.6164,2.6923,-0.1133
273.710,map,2.6281,2.6894,-0.1148,2.6164,2.6923,-0.1133
273.810,map,2.6281,2.6894,-0.1148,2.6164,2.6923,-0.1133
273.910,map,2.6281,2.6894,-0.1148,2.6164,2.6923,-0.1133
274.010,map,2.6281,2.6894,-0.1148,2.6164,2.6923,-0.1133
274.110,map,2.6281,2.6894,-0.1148,2.6164,2.6923,-0.1133
274.210,map,2.6281,2.6894,-0.1148,2.6164,2.6923,-0.1133
274.310,map,2.6281,2.6894,-0.1148,2.6164,2.6923,-0.1133
274.410,map,2.6281,2.6894,-0.1148,2.6164,2.6923,-0.1133
274.510,map,2.6281,2.6894,-0.1148,2.6164,2.6923,-0.1133
274.610,map,2.6281,2.6894,-0.1148,2.6164,2.6923,-0.1133
274.710,map,2.6281,2.6894,-0.1148,2.6164,2.6923,-0.1133
274.810,map,2.6281,2.6894,-0.1148,2.6164,2.6923,-0.1133
274.910,map,2.6281,2.6894,-0.1148,2.6164,2.6923,-0.1133
275.010,map,2.6281,2.6894,-0.1148,2.6164,2.6923,-0.1133
275.110,map,2.6281,2.6894,-0.1148,2.6164,2.6923,-0.1133
275.210,map,2.6281,2.6894,-0.1148,2.6164,2.6923,-0.1133
275.310,map,2.6281,2.6894,-0.1148,2.6164,2.6923,-0.1133
275.410,map,2.6281,2.6894,-0.1148,2.6164,2.6923,-0.1133
275.510,map,2.6281,2.6894,-0.1148,2.6164,2.6923,-0.1133
275.610,map,2.6281,2.6894,-0.1148,2.6164,2.6923,-0.1133
275.710,map,2.6281,2.6894,-0.1148,2.6164,2.6923,-0.1133
275.810,map,2.6281,2.6894,-0.1148,2.6164,2.6923,-0.1133
275.910,map,2.6281,2.6894,-0.1148,2.6164,2.6923,-0.1133
276.010,map,2.6281,2.6894,-0.1148,2.6164,2.6923,-0.1133
276.110,map,2.6281,2.6894,-0.1148,2.6164,2.6923,-0.1133
276.210,map,2.6281,2.6894,-0.1148,2.6164,2.6923,-0.1133
276.310,map,2.6281,2.6894,-0.1148,2.6164,2.6923,-0.1133
276.410,map,2.6281,2.6894,-0.1148,2.6164,2.6923,-0.1133
276.510,map,2.6281,2.6894,-0.1148,2.6164,2.6923,-0.1133
276.610,map,2.6281,2.6894,-0.1148,2.6164,2.6923,-0.1133
276.710,map,2.6281,2.6894,-0.1148,2.6164,2.6923,-0.1133
276.810,map,2.6281,2.6894,-0.1148,2.6164,2.6923,-0.1133
276.910,map,2.6281,2.6894,-0.1148,2.6164,2.6923,-0.1133
277.010,map,2.6281,2.6894,-0.1148,2.6164,2.6923,-0.1133
277.110,map,2.6281,2.6894,-0.1148,2.6164,2.6923,-0.1133
277.210,map,2.6281,2.6894,-0.1148,2.6164,2.6923,-0.1133
277.310,map,2.6281,2.6894,-0.1148,2.6164,2.6923,-0.1133
277.410,map,2.6281,2.6894,-0.1148,2.6164,2.6923,-0.1133
277.510,map,2.6281,2.6894,-0.1148,2.6164,2.6923,-0.1133
277.610,map,2.6281,2.6894,-0.1148,2.6164,2.6923,-0.1133
277.710,map,2.6281,2.6894,-0.1148,2.6164,2.6923,-0.1133
277.810,map,2.6281,2.6894,-0.1148,2.6164,2.6923,-0.1133
277.910,map,2.6281,2.6894,-0.1148,2.6164,2.6923,-0.1133
278.010,map,2.6281,2.6894,-0.1148,2.6164,2.6923,-0.1133
278.110,map,2.6281,2.6894,-0.1148,2.6164,2.6923,-0.1133
278.210,map,2.6281,2.6894,-0.1148,2.6164,2.6923,-0.1133
278.310,map,2.6281,2.6894,-0.1148,2.6164,2.6923,-0.1133
278.410,map,2.6281,2.6894,-0.1148,2.6164,2.6923,-0.1133
278.510,map,2.6281,2.6894,-0.1148,2.6164,2.6923,-0.1133
278.610,map,2.6281,2.6894,-0.1148,2.6164,2.6923,-0.1133
278.710,map,2.6281,2.6894,-0.1148,2.6164,2.6923,-0.1133
278.810,map,2.6281,2.6894,-0.1148,2.6164,2.6923,-0.1133
278.910,map,2.6281,2.6894,-0.1148,2.6164,2.6923,-0.1133
279.010,map,2.6281,2.6894,-0.1148,2.6164,2.6923,-0.1133
279.110,map,2.6281,2.6894,-0.1148,2.6164,2.6923,-0.1133
279.210,map,2.6281,2.6894,-0.1148,2.6164,2.6923,-0.1133
279.310,map,2.6281,2.6894,-0.1148,2.6164,2.6923,-0.1133
279.410,map,2.6281,2.6894,-0.1148,2.6164,2.6923,-0.1133
279.510,map,2.6281,2.6894,-0.1148,2.6164,2.6923,-0.1133
279.610,map,2.6281,2.6894,-0.1148,2.6164,2.6923,-0.1133
279.710,map,2.6281,2.6894,-0.1148,2.6164,2.6923,-0.1133
279.810,map,2.6281,2.6894,-0.1148,2.6164,2.6923,-0.1133
279.910,map,2.6281,2.6894,-0.1148,2.6164,2.6923,-0.1133
280.010,map,2.6281,2.6894,-0.1148,2.6164,2.6923,-0.1133
280.110,map,2.6281,2.6894,-0.1148,2.6164,2.6923,-0.1133
280.210,map,2.6281,2.6894,-0.1148,2.6164,2.6923,-0.1133
280.310,map,2.6281,2.6894,-0.1148,2.6164,2.6923,-0.1133
280.410,map,2.6281,2.6894,-0.1148,2.6164,2.6923,-0.1133
280.510,map,2.6281,2.6894,-0.1148,2.6164,2.6923,-0.1133
280.610,map,2.6281,2.6894,-0.1148,2.6164,2.6923,-0.1133
280.710,map,2.6281,2.6894,-0.1148,2.6164,2.6923,-0.1133
280.810,map,2.6281,2.6894,-0.1148,2.6164,2.6923,-0.1133
280.910,map,2.6281,2.6894,-0.1148,2.6164,2.6923,-0.1133
281.010,map,2.6281,2.6894,-0.1148,2.6164,2.6923,-0.1133
281.110,map,2.6281,2.6894,-0.1148,2.6164,2.6923,-0.1133
281.210,map,2.6281,2.6894,-0.1148,2.6164,2.6923,-0.1133
281.310,map,2.6281,2.6894,-0.1148,2.6164,2.6923,-0.1133
281.410,map,2.6281,2.6894,-0.1148,2.6164,2.6923,-0.1133
281.510,map,2.6281,2.6894,-0.1148,2.6164,2.6923,-0.1133
281.610,map,2.6281,2.6894,-0.1148,2.6164,2.6923,-0.1133
281.710,map,2.6281,2.6894,-0.1148,2.6164,2.6923,-0.1133
281.810,map,2.6281,2.6894,-0.1148,2.6164,2.6923,-0.1133
281.910,map,2.6281,2.6894,-0.1148,2.6164,2.6923,-0.1133
282.010,map,2.6281,2.6894,-0.1148,2.6164,2.6923,-0.1133
282.110,map,2.6281,2.6894,-0.1148,2.6164,2.6923,-0.1133
282.210,map,2.6281,2.6894,-0.1148,2.6164,2.6923,-0.1133
282.310,map,2.6281,2.6894,-0.1148,2.6164,2.6923,-0.1133
282.410,map,2.6281,2.6894,-0.1148,2.6164,2.6923,-0.1133
282.510,map,2.6281,2.6894,-0.1148,2.6164,2.6923,-0.1133
282.610,map,2.6281,2.6894,-0.1148,2.6164,2.6923,-0.1133
282.710,map,2.6281,2.6894,-0.1148,2.6164,2.6923,-0.1133
282.810,map,2.6281,2.6894,-0.1148,2.6164,2.6923,-0.1133
282.910,map,2.6281,2.6894,-0.1148,2.6164,2.6923,-0.1133
283.010,map,2.6281,2.6894,-0.1148,2.6164,2.6923,-0.1133
283.110,map,2.6281,2.6894,-0.1148,2.6164,2.6923,-0.1133
283.210,map,2.6281,2.6894,-0.1148,2.6164,2.6923,-0.1133
283.310,map,2.6281,2.6894,-0.1148,2.6164,2.6923,-0.1133
283.410,map,2.6281,2.6894,-0.1148,2.6164,2.6923,-0.1133
283.510,map,2.6281,2.6894,-0.1148,2.6164,2.6923,-0.1133
283.610,map,2.6281,2.6894,-0.1148,2.6164,2.6923,-0.1133
283.710,map,2.6281,2.6894,-0.1148,2.6164,2.6923,-0.1133
283.810,map,2.6281,2.6894,-0.1148,2.6164,2.6923,-0.1133
283.910,map,2.6281,2.6894,-0.1148,2.6164,2.6923,-0.1133
284.010,map,2.6281,2.6894,-0.1148,2.6164,2.6923,-0.1133
284.110,map,2.6281,2.6894,-0.1148,2.6164,2.6923,-0.1133
284.210,map,2.6281,2.6894,-0.1148,2.6164,2.6923,-0.1133
284.310,map,2.6281,2.6894,-0.1148,2.6164,2.6923,-0.1133
284.410,map,2.6281,2.6894,-0.1148,2.6164,2.6923,-0.1133
284.510,map,2.6281,2.6894,-0.1148,2.6164,2.6923,-0.1133
284.610,map,2.6281,2.6894,-0.1148,2.6164,2.6923,-0.1133
284.710,map,2.6281,2.6894,-0.1148,2.6164,2.6923,-0.1133
284.810,map,2.6281,2.6894,-0.1148,2.6164,2.6923,-0.1133
284.910,map,2.6281,2.6894,-0.1148,2.6164,2.6923,-0.1133
285.010,map,2.6281,2.6894,-0.1148,2.6164,2.6923,-0.1133
285.110,map,2.6281,2.6894,-0.1148,2.6164,2.6923,-0.1133
285.210,map,2.6281,2.6894,-0.1148,2.6164,2.6923,-0.1133
285.310,map,2.6281,2.6894,-0.1148,2.6164,2.6923,-0.1133
285.410,map,2.6281,2.6894,-0.1148,2.6164,2.6923,-0.1133
285.510,map,2.6281,2.6894,-0.1148,2.6164,2.6923,-0.1133
285.610,map,2.6281,2.6894,-0.1148,2.6164,2.6923,-0.1133
285.710,map,2.6281,2.6894,-0.1148,2.6164,2.6923,-0.1133
285.810,map,2.6281,2.6894,-0.1148,2.6164,2.6923,-0.1133
285.910,map,2.6281,2.6894,-0.1148,2.6164,2.6923,-0.1133
286.010,map,2.6281,2.6894,-0.1148,2.6164,2.6923,-0.1133
286.110,map,2.6281,2.6894,-0.1148,2.6164,2.6923,-0.1133
286.210,map,2.6281,2.6894,-0.1148,2.6164,2.6923,-0.1133
286.310,map,2.6281,2.6894,-0.1148,2.6164,2.6923,-0.1133
286.410,map,2.6281,2.6894,-0.1148,2.6164,2.6923,-0.1133
286.510,map,2.6281,2.6894,-0.1148,2.6164,2.6923,-0.1133
286.610,map,2.6281,2.6894,-0.1148,2.6164,2.6923,-0.1133
286.710,map,2.6281,2.6894,-0.1148,2.6164,2.6923,-0.1133
286.810,map,2.6281,2.6894,-0.1148,2.6164,2.6923,-0.1133
286.910,map,2.6281,2.6894,-0.1148,2.6164,2.6923,-0.1133
287.010,map,2.6281,2.6894,-0.1148,2.6164,2.6923,-0.1133
287.110,map,2.6281,2.6894,-0.1148,2.6164,2.6923,-0.1133
287.210,map,2.6281,2.6894,-0.1148,2.6164,2.6923,-0.1133
287.310,map,2.6281,2.6894,-0.1148,2.6164,2.6923,-0.1133
287.410,map,2.6281,2.6894,-0.1148,2.6164,2.6923,-0.1133
287.510,map,2.6281,2.6894,-0.1148,2.6164,2.6923,-0.1133
287.610,map,2.6281,2.6894,-0.1148,2.6164,2.6923,-0.1133
287.710,map,2.6281,2.6894,-0.1148,2.6164,2.6923,-0.1133
287.810,map,2.6281,2.6894,-0.1148,2.6164,2.6923,-0.1133
287.910,map,2.6281,2.6894,-0.1148,2.6164,2.6923,-0.1133
288.010,map,2.6281,2.6894,-0.1148,2.6164,2.6923,-0.1133
288.110,map,2.6281,2.6894,-0.1148,2.6164,2.6923,-0.1133
288.210,map,2.6281,2.6894,-0.1148,2.6164,2.6923,-0.1133
288.310,map,2.6281,2.6894,-0.1148,2.6164,2.6923,-0.1133
288.410,map,2.6281,2.6894,-0.1148,2.6164,2.6923,-0.1133
288.510,map,2.6281,2.6894,-0.1148,2.6164,2.6923,-0.1133
288.610,map,2.6281,2.6894,-0.1148,2.6164,2.6923,-0.1133
288.710,map,2.6281,2.6894,-0.1148,2.6164,2.6923,-0.1133
288.810,map,2.6281,2.6894,-0.1148,2.6164,2.6923,-0.1133
288.910,map,2.6281,2.6894,-0.1148,2.6164,2.6923,-0.1133
289.010,map,2.6281,2.6894,-0.1148,2.6164,2.6923,-0.1133
289.110,map,2.6281,2.6894,-0.1148,2.6164,2.6923,-0.1133
289.210,map,2.6281,2.6894,-0.1148,2.6164,2.6923,-0.1133
289.310,map,2.6281,2.6894,-0.1148,2.6164,2.6923,-0.1133
289.410,map,2.6281,2.6894,-0.1148,2.6164,2.6923,-0.1133
289.510,map,2.6281,2.6894,-0.1148,2.6164,2.6923,-0.1133
289.610,map,2.6281,2.6894,-0.1148,2.6164,2.6923,-0.1133
289.710,map,2.6281,2.6894,-0.1148,2.6164,2.6923,-0.1133
289.810,map,2.6281,2.6894,-0.1148,2.6164,2.6923,-0.1133
289.910,map,2.6281,2.6894,-0.1148,2.6164,2.6923,-0.1133
290.010,map,2.6281,2.6894,-0.1148,2.6164,2.6923,-0.1133
290.110,map,2.6281,2.6894,-0.1148,2.6164,2.6923,-0.1133
290.210,map,2.6281,2.6894,-0.1148,2.6164,2.6923,-0.1133
290.310,map,2.6281,2.6894,-0.1148,2.6164,2.6923,-0.1133
290.410,map,2.6281,2.6894,-0.1148,2.6164,2.6923,-0.1133
290.510,map,2.6281,2.6894,-0.1148,2.6164,2.6923,-0.1133
290.610,map,2.6281,2.6894,-0.1148,2.6164,2.6923,-0.1133
290.710,map,2.6281,2.6894,-0.1148,2.6164,2.6923,-0.1133
290.810,map,2.6281,2.6894,-0.1148,2.6164,2.6923,-0.1133
290.910,map,2.6281,2.6894,-0.1148,2.6164,2.6923,-0.1133
291.010,map,2.6281,2.6894,-0.1148,2.6164,2.6923,-0.1133
291.110,map,2.6281,2.6894,-0.1148,2.6164,2.6923,-0.1133
291.210,map,2.6281,2.6894,-0.1148,2.6164,2.6923,-0.1133
291.310,map,2.6281,2.6894,-0.1148,2.6164,2.6923,-0.1133
291.410,map,2.6281,2.6894,-0.1148,2.6164,2.6923,-0.1133
291.510,map,2.6281,2.6894,-0.1148,2.6164,2.6923,-0.1133
291.610,map,2.6281,2.6894,-0.1148,2.6164,2.6923,-0.1133
291.710,map,2.6281,2.6894,-0.1148,2.6164,2.6923,-0.1133
291.810,map,2.6281,2.6894,-0.1148,2.6164,2.6923,-0.1133
291.910,map,2.6281,2.6894,-0.1148,2.6164,2.6923,-0.1133
292.010,map,2.6281,2.6894,-0.1148,2.6164,2.6923,-0.1133
292.110,map,2.6281,2.6894,-0.1148,2.6164,2.6923,-0.1133
292.210,map,2.6281,2.6894,-0.1148,2.6164,2.6923,-0.1133
292.310,map,2.6281,2.6894,-0.1148,2.6164,2.6923,-0.1133
292.410,map,2.6281,2.6894,-0.1148,2.6164,2.6923,-0.1133
292.510,map,2.6281,2.6894,-0.1148,2.6164,2.6923,-0.1133
292.610,map,2.6281,2.6894,-0.1148,2.6164,2.6923,-0.1133
292.710,map,2.6281,2.6894,-0.1148,2.6164,2.6923,-0.1133
292.810,map,2.6281,2.6894,-0.1148,2.6164,2.6923,-0.1133
292.910,map,2.6281,2.6894,-0.1148,2.6164,2.6923,-0.1133
293.010,map,2.6281,2.6894,-0.1148,2.6164,2.6923,-0.1133
293.110,map,2.6281,2.6894,-0.1148,2.6164,2.6923,-0.1133
293.210,map,2.6281,2.6894,-0.1148,2.6164,2.6923,-0.1133
293.310,map,2.6281,2.6894,-0.1148,2.6164,2.6923,-0.1133
293.410,map,2.6281,2.6894,-0.1148,2.6164,2.6923,-0.1133
293.510,map,2.6281,2.6894,-0.1148,2.6164,2.6923,-0.1133
293.610,map,2.6281,2.6894,-0.1148,2.6164,2.6923,-0.1133
293.710,map,2.6281,2.6894,-0.1148,2.6164,2.6923,-0.1133
293.810,map,2.6281,2.6894,-0.1148,2.6164,2.6923,-0.1133
293.910,map,2.6281,2.6894,-0.1148,2.6164,2.6923,-0.1133
294.010,map,2.6281,2.6894,-0.1148,2.6164,2.6923,-0.1133
294.110,map,2.6281,2.6894,-0.1148,2.6164,2.6923,-0.1133
294.210,map,2.6281,2.6894,-0.1148,2.6164,2.6923,-0.1133
294.310,map,2.6281,2.6894,-0.1148,2.6164,2.6923,-0.1133
294.410,map,2.6281,2.6894,-0.1148,2.6164,2.6923,-0.1133
294.510,map,2.6281,2.6894,-0.1148,2.6164,2.6923,-0.1133
294.610,map,2.6281,2.6894,-0.1148,2.6164,2.6923,-0.1133
294.710,map,2.6281,2.6894,-0.1148,2.6164,2.6923,-0.1133
294.810,map,2.6281,2.6894,-0.1148,2.6164,2.6923,-0.1133
294.910,map,2.6281,2.6894,-0.1148,2.6164,2.6923,-0.1133
295.010,map,2.6281,2.6894,-0.1148,2.6164,2.6923,-0.1133
295.110,map,2.6281,2.6894,-0.1148,2.6164,2.6923,-0.1133
295.210,map,2.6281,2.6894,-0.1148,2.6164,2.6923,-0.1133
295.310,map,2.6281,2.6894,-0.1148,2.6164,2.6923,-0.1133
295.410,map,2.6281,2.6894,-0.1148,2.6164,2.6923,-0.1133
295.510,map,2.6281,2.6894,-0.1148,2.6164,2.6923,-0.1133
295.610,map,2.6281,2.6894,-0.1148,2.6164,2.6923,-0.1133
295.710,map,2.6281,2.6894,-0.1148,2.6164,2.6923,-0.1133
295.810,map,2.6281,2.6894,-0.1148,2.6164,2.6923,-0.1133
295.910,map,2.6281,2.6894,-0.1148,2.6164,2.6923,-0.1133
296.010,map,2.6281,2.6894,-0.1148,2.6164,2.6923,-0.1133
296.110,map,2.6281,2.6894,-0.1148,2.6164,2.6923,-0.1133
296.210,map,2.6281,2.6894,-0.1148,2.6164,2.6923,-0.1133
296.310,map,2.6281,2.6894,-0.1148,2.6164,2.6923,-0.1133
296.410,map,2.6281,2.6894,-0.1148,2.6164,2.6923,-0.1133
296.510,map,2.6281,2.6894,-0.1148,2.6164,2.6923,-0.1133
296.610,map,2.6281,2.6894,-0.1148,2.6164,2.6923,-0.1133
296.710,map,2.6281,2.6894,-0.1148,2.6164,2.6923,-0.1133
296.810,map,2.6281,2.6894,-0.1148,2.6164,2.6923,-0.1133
296.910,map,2.6281,2.6894,-0.1148,2.6164,2.6923,-0.1133
297.010,map,2.6281,2.6894,-0.1148,2.6164,2.6923,-0.1133
297.110,map,2.6281,2.6894,-0.1148,2.6164,2.6923,-0.1133
297.210,map,2.6281,2.6894,-0.1148,2.6164,2.6923,-0.1133
297.310,map,2.6281,2.6894,-0.1148,2.6164,2.6923,-0.1133
297.410,map,2.6281,2.6894,-0.1148,2.6164,2.6923,-0.1133
297.510,map,2.6281,2.6894,-0.1148,2.6164,2.6923,-0.1133
297.610,map,2.6281,2.6894,-0.1148,2.6164,2.6923,-0.1133
297.710,map,2.6281,2.6894,-0.1148,2.6164,2.6923,-0.1133
297.810,map,2.6281,2.6894,-0.1148,2.6164,2.6923,-0.1133
297.910,map,2.6281,2.6894,-0.1148,2.6164,2.6923,-0.1133
298.010,map,2.6281,2.6894,-0.1148,2.6164,2.6923,-0.1133
298.110,map,2.6281,2.6894,-0.1148,2.6164,2.6923,-0.1133
298.210,map,2.6281,2.6894,-0.1148,2.6164,2.6923,-0.1133
298.310,map,2.6281,2.6894,-0.1148,2.6164,2.6923,-0.1133
298.410,map,2.6281,2.6894,-0.1148,2.6164,2.6923,-0.1133
298.510,map,2.6281,2.6894,-0.1148,2.6164,2.6923,-0.1133
298.610,map,2.6281,2.6894,-0.1148,2.6164,2.6923,-0.1133
298.710,map,2.6281,2.6894,-0.1148,2.6164,2.6923,-0.1133
298.810,map,2.6281,2.6894,-0.1148,2.6164,2.6923,-0.1133
298.910,map,2.6281,2.6894,-0.1148,2.6164,2.6923,-0.1133
299.010,map,2.6281,2.6894,-0.1148,2.6164,2.6923,-0.1133
299.110,map,2.6281,2.6894,-0.1148,2.6164,2.6923,-0.1133
299.210,map,2.6281,2.6894,-0.1148,2.6164,2.6923,-0.1133
299.310,map,2.6281,2.6894,-0.1148,2.6164,2.6923,-0.1133
299.410,map,2.6281,2.6894,-0.1148,2.6164,2.6923,-0.1133
299.510,map,2.6281,2.6894,-0.1148,2.6164,2.6923,-0.1133
299.610,map,2.6281,2.6894,-0.1148,2.6164,2.6923,-0.1133
299.710,map,2.6281,2.6894,-0.1148,2.6164,2.6923,-0.1133
299.810,map,2.6281,2.6894,-0.1148,2.6164,2.6923,-0.1133
299.910,map,2.6281,2.6894,-0.1148,2.6164,2.6923,-0.1133
300.010,map,2.6281,2.6894,-0.1148,2.6164,2.6923,-0.1133
300.110,map,2.6281,2.6894,-0.1148,2.6164,2.6923,-0.1133
300.210,map,2.6281,2.6894,-0.1148,2.6164,2.6923,-0.1133
300.310,map,2.6281,2.6894,-0.1148,2.6164,2.6923,-0.1133
300.410,map,2.6281,2.6894,-0.1148,2.6164,2.6923,-0.1133
300.510,map,2.6281,2.6894,-0.1148,2.6164,2.6923,-0.1133
300.610,map,2.6281,2.6894,-0.1148,2.6164,2.6923,-0.1133
300.710,map,2.6281,2.6894,-0.1148,2.6164,2.6923,-0.1133
300.810,map,2.6281,2.6894,-0.1148,2.6164,2.6923,-0.1133
300.910,map,2.6281,2.6894,-0.1148,2.6164,2.6923,-0.1133
301.010,map,2.6281,2.6894,-0.1148,2.6164,2.6923,-0.1133
301.110,map,2.6281,2.6894,-0.1148,2.6164,2.6923,-0.1133
301.210,map,2.6281,2.6894,-0.1148,2.6164,2.6923,-0.1133
301.310,map,2.6281,2.6894,-0.1148,2.6164,2.6923,-0.1133
301.410,map,2.6281,2.6894,-0.1148,2.6164,2.6923,-0.1133
301.510,map,2.6281,2.6894,-0.1148,2.6164,2.6923,-0.1133
301.610,map,2.6281,2.6894,-0.1148,2.6164,2.6923,-0.1133
301.710,map,2.6281,2.6894,-0.1148,2.6164,2.6923,-0.1133
301.810,map,2.6281,2.6894,-0.1148,2.6164,2.6923,-0.1133
301.910,map,2.6281,2.6894,-0.1148,2.6164,2.6923,-0.1133
302.010,map,2.6281,2.6894,-0.1148,2.6164,2.6923,-0.1133
302.110,map,2.6281,2.6894,-0.1148,2.6164,2.6923,-0.1133
302.210,map,2.6281,2.6894,-0.1148,2.6164,2.6923,-0.1133
302.310,map,2.6281,2.6894,-0.1148,2.6164,2.6923,-0.1133
302.410,map,2.6281,2.6894,-0.1148,2.6164,2.6923,-0.1133
302.510,map,2.6281,2.6894,-0.1148,2.6164,2.6923,-0.1133
302.610,map,2.6281,2.6894,-0.1148,2.6164,2.6923,-0.1133
302.710,map,2.6281,2.6894,-0.1148,2.6164,2.6923,-0.1133
302.810,map,2.6281,2.6894,-0.1148,2.6164,2.6923,-0.1133
302.910,map,2.6281,2.6894,-0.1148,2.6164,2.6923,-0.1133
303.010,map,2.6281,2.6894,-0.1148,2.6164,2.6923,-0.1133
303.110,map,2.6281,2.6894,-0.1148,2.6164,2.6923,-0.1133
303.210,map,2.6281,2.6894,-0.1148,2.6164,2.6923,-0.1133
303.310,map,2.6281,2.6894,-0.1148,2.6164,2.6923,-0.1133
303.410,map,2.6281,2.6894,-0.1148,2.6164,2.6923,-0.1133
303.510,map,2.6281,2.6894,-0.1148,2.6164,2.6923,-0.1133
303.610,map,2.6281,2.6894,-0.1148,2.6164,2.6923,-0.1133
303.710,map,2.6281,2.6894,-0.1148,2.6164,2.6923,-0.1133
303.810,map,2.6281,2.6894,-0.1148,2.6164,2.6923,-0.1133
303.910,map,2.6281,2.6894,-0.1148,2.6164,2.6923,-0.1133
304.010,map,2.6281,2.6894,-0.1148,2.6164,2.6923,-0.1133
304.110,map,2.6281,2.6894,-0.1148,2.6164,2.6923,-0.1133
304.210,map,2.6281,2.6894,-0.1148,2.6164,2.6923,-0.1133
304.310,map,2.6281,2.6894,-0.1148,2.6164,2.6923,-0.1133
304.410,map,2.6281,2.6894,-0.1148,2.6164,2.6923,-0.1133
304.510,map,2.6281,2.6894,-0.1148,2.6164,2.6923,-0.1133
304.610,map,2.6281,2.6894,-0.1148,2.6164,2.6923,-0.1133
304.710,map,2.6281,2.6894,-0.1148,2.6164,2.6923,-0.1133
304.810,map,2.6281,2.6894,-0.1148,2.6164,2.6923,-0.1133
304.910,map,2.6281,2.6894,-0.1148,2.6164,2.6923,-0.1133
305.010,map,2.6281,2.6894,-0.1148,2.6164,2.6923,-0.1133
305.110,map,2.6281,2.6894,-0.1148,2.6164,2.6923,-0.1133
305.210,map,2.6281,2.6894,-0.1148,2.6164,2.6923,-0.1133
305.310,map,2.6281,2.6894,-0.1148,2.6164,2.6923,-0.1133
305.410,map,2.6281,2.6894,-0.1148,2.6164,2.6923,-0.1133
305.510,map,2.6281,2.6894,-0.1148,2.6164,2.6923,-0.1133
305.610,map,2.6281,2.6894,-0.1148,2.6164,2.6923,-0.1133
305.710,map,2.6281,2.6894,-0.1148,2.6164,2.6923,-0.1133
305.810,map,2.6281,2.6894,-0.1148,2.6164,2.6923,-0.1133
305.910,map,2.6281,2.6894,-0.1148,2.6164,2.6923,-0.1133
306.010,map,2.6281,2.6894,-0.1148,2.6164,2.6923,-0.1133
306.110,map,2.6281,2.6894,-0.1148,2.6164,2.6923,-0.1133
306.210,map,2.6281,2.6894,-0.1148,2.6164,2.6923,-0.1133
306.310,map,2.6281,2.6894,-0.1148,2.6164,2.6923,-0.1133
306.410,map,2.6281,2.6894,-0.1148,2.6164,2.6923,-0.1133
306.510,map,2.6281,2.6894,-0.1148,2.6164,2.6923,-0.1133
306.610,map,2.6281,2.6894,-0.1148,2.6164,2.6923,-0.1133
306.710,map,2.6281,2.6894,-0.1148,2.6164,2.6923,-0.1133
306.810,map,2.6281,2.6894,-0.1148,2.6164,2.6923,-0.1133
306.910,map,2.6281,2.6894,-0.1148,2.6164,2.6923,-0.1133
307.010,map,2.6281,2.6894,-0.1148,2.6164,2.6923,-0.1133
307.110,map,2.6281,2.6894,-0.1148,2.6164,2.6923,-0.1133
307.210,map,2.6281,2.6894,-0.1148,2.6164,2.6923,-0.1133
307.310,map,2.6281,2.6894,-0.1148,2.6164,2.6923,-0.1133
307.410,map,2.6281,2.6894,-0.1148,2.6164,2.6923,-0.1133
307.510,map,2.6281,2.6894,-0.1148,2.6164,2.6923,-0.1133
307.610,map,2.6281,2.6894,-0.1148,2.6164,2.6923,-0.1133
307.710,map,2.6281,2.6894,-0.1148,2.6164,2.6923,-0.1133
307.810,map,2.6281,2.6894,-0.1148,2.6164,2.6923,-0.1133
307.910,map,2.6281,2.6894,-0.1148,2.6164,2.6923,-0.1133
308.010,map,2.6281,2.6894,-0.1148,2.6164,2.6923,-0.1133
308.110,map,2.6281,2.6894,-0.1148,2.6164,2.6923,-0.1133
308.210,map,2.6281,2.6894,-0.1148,2.6164,2.6923,-0.1133
308.310,map,2.6281,2.6894,-0.1148,2.6164,2.6923,-0.1133
308.410,map,2.6281,2.6894,-0.1148,2.6164,2.6923,-0.1133
308.510,map,2.6281,2.6894,-0.1148,2.6164,2.6923,-0.1133
308.610,map,2.6281,2.6894,-0.1148,2.6164,2.6923,-0.1133
308.710,map,2.6281,2.6894,-0.1148,2.6164,2.6923,-0.1133
308.810,map,2.6281,2.6894,-0.1148,2.6164,2.6923,-0.1133
308.910,map,2.6281,2.6894,-0.1148,2.6164,2.6923,-0.1133
309.010,map,2.6281,2.6894,-0.1148,2.6164,2.6923,-0.1133
309.110,map,2.6281,2.6894,-0.1148,2.6164,2.6923,-0.1133
309.210,map,2.6281,2.6894,-0.1148,2.6164,2.6923,-0.1133
309.310,map,2.6281,2.6894,-0.1148,2.6164,2.6923,-0.1133
309.410,map,2.6281,2.6894,-0.1148,2.6164,2.6923,-0.1133
309.510,map,2.6281,2.6894,-0.1148,2.6164,2.6923,-0.1133
309.610,map,2.6281,2.6894,-0.1148,2.6164,2.6923,-0.1133
309.710,map,2.6281,2.6894,-0.1148,2.6164,2.6923,-0.1133
309.810,map,2.6281,2.6894,-0.1148,2.6164,2.6923,-0.1133
309.910,map,2.6281,2.6894,-0.1148,2.6164,2.6923,-0.1133
310.010,map,2.6281,2.6894,-0.1148,2.6164,2.6923,-0.1133
310.110,map,2.6281,2.6894,-0.1148,2.6164,2.6923,-0.1133
310.210,map,2.6281,2.6894,-0.1148,2.6164,2.6923,-0.1133
310.310,map,2.6281,2.6894,-0.1148,2.6164,2.6923,-0.1133
310.410,map,2.6281,2.6894,-0.1148,2.6164,2.6923,-0.1133
310.510,map,2.6281,2.6894,-0.1148,2.6164,2.6923,-0.1133
310.610,map,2.6281,2.6894,-0.1148,2.6164,2.6923,-0.1133
310.710,map,2.6281,2.6894,-0.1148,2.6164,2.6923,-0.1133
310.810,map,2.6281,2.6894,-0.1148,2.6164,2.6923,-0.1133
310.910,map,2.6281,2.6894,-0.1148,2.6164,2.6923,-0.1133
311.010,map,2.6281,2.6894,-0.1148,2.6164,2.6923,-0.1133
311.110,map,2.6281,2.6894,-0.1148,2.6164,2.6923,-0.1133
311.210,map,2.6281,2.6894,-0.1148,2.6164,2.6923,-0.1133
311.310,map,2.6281,2.6894,-0.1148,2.6164,2.6923,-0.1133
311.410,map,2.6281,2.6894,-0.1148,2.6164,2.6923,-0.1133
311.510,map,2.6281,2.6894,-0.1148,2.6164,2.6923,-0.1133
311.610,map,2.6281,2.6894,-0.1148,2.6164,2.6923,-0.1133
311.710,map,2.6281,2.6894,-0.1148,2.6164,2.6923,-0.1133
311.810,map,2.6281,2.6894,-0.1148,2.6164,2.6923,-0.1133
311.910,map,2.6281,2.6894,-0.1148,2.6164,2.6923,-0.1133
312.010,map,2.6281,2.6894,-0.1148,2.6164,2.6923,-0.1133
312.110,map,2.6281,2.6894,-0.1148,2.6164,2.6923,-0.1133
312.210,map,2.6281,2.6894,-0.1148,2.6164,2.6923,-0.1133
312.310,map,2.6281,2.6894,-0.1148,2.6164,2.6923,-0.1133
312.410,map,2.6281,2.6894,-0.1148,2.6164,2.6923,-0.1133
312.510,map,2.6281,2.6894,-0.1148,2.6164,2.6923,-0.1133
312.610,map,2.6281,2.6894,-0.1148,2.6164,2.6923,-0.1133
312.710,map,2.6281,2.6894,-0.1148,2.6164,2.6923,-0.1133
312.810,map,2.6281,2.6894,-0.1148,2.6164,2.6923,-0.1133
312.910,map,2.6281,2.6894,-0.1148,2.6164,2.6923,-0.1133
313.010,map,2.6281,2.6894,-0.1148,2.6164,2.6923,-0.1133
313.110,map,2.6281,2.6894,-0.1148,2.6164,2.6923,-0.1133
313.210,map,2.6281,2.6894,-0.1148,2.6164,2.6923,-0.1133
313.310,map,2.6281,2.6894,-0.1148,2.6164,2.6923,-0.1133
313.410,map,2.6281,2.6894,-0.1148,2.6164,2.6923,-0.1133
313.510,map,2.6281,2.6894,-0.1148,2.6164,2.6923,-0.1133
313.610,map,2.6281,2.6894,-0.1148,2.6164,2.6923,-0.1133
313.710,map,2.6281,2.6894,-0.1148,2.6164,2.6923,-0.1133
313.810,map,2.6281,2.6894,-0.1148,2.6164,2.6923,-0.1133
313.910,map,2.6281,2.6894,-0.1148,2.6164,2.6923,-0.1133
314.010,map,2.6281,2.6894,-0.1148,2.6164,2.6923,-0.1133
314.110,map,2.6281,2.6894,-0.1148,2.6164,2.6923,-0.1133
314.210,map,2.6281,2.6894,-0.1148,2.6164,2.6923,-0.1133
314.310,map,2.6281,2.6894,-0.1148,2.6164,2.6923,-0.1133
314.410,map,2.6281,2.6894,-0.1148,2.6164,2.6923,-0.1133
314.510,map,2.6281,2.6894,-0.1148,2.6164,2.6923,-0.1133
314.610,map,2.6281,2.6894,-0.1148,2.6164,2.6923,-0.1133
314.710,map,2.6281,2.6894,-0.1148,2.6164,2.6923,-0.1133
314.810,map,2.6281,2.6894,-0.1148,2.6164,2.6923,-0.1133
314.910,map,2.6281,2.6894,-0.1148,2.6164,2.6923,-0.1133
315.010,map,2.6281,2.6894,-0.1148,2.6164,2.6923,-0.1133
315.110,map,2.6281,2.6894,-0.1148,2.6164,2.6923,-0.1133
315.210,map,2.6281,2.6894,-0.1148,2.6164,2.6923,-0.1133
315.310,map,2.6281,2.6894,-0.1148,2.6164,2.6923,-0.1133
315.410,map,2.6281,2.6894,-0.1148,2.6164,2.6923,-0.1133
315.510,map,2.6281,2.6894,-0.1148,2.6164,2.6923,-0.1133
315.610,map,2.6281,2.6894,-0.1148,2.6164,2.6923,-0.1133
315.710,map,2.6281,2.6894,-0.1148,2.6164,2.6923,-0.1133
315.810,map,2.6281,2.6894,-0.1148,2.6164,2.6923,-0.1133
315.910,map,2.6281,2.6894,-0.1148,2.6164,2.6923,-0.1133
316.010,map,2.6281,2.6894,-0.1148,2.6164,2.6923,-0.1133
316.110,map,2.6281,2.6894,-0.1148,2.6164,2.6923,-0.1133
316.210,map,2.6281,2.6894,-0.1148,2.6164,2.6923,-0.1133
316.310,map,2.6281,2.6894,-0.1148,2.6164,2.6923,-0.1133
316.410,map,2.6281,2.6894,-0.1148,2.6164,2.6923,-0.1133
316.510,map,2.6281,2.6894,-0.1148,2.6164,2.6923,-0.1133
316.610,map,2.6281,2.6894,-0.1148,2.6164,2.6923,-0.1133
316.710,map,2.6281,2.6894,-0.1148,2.6164,2.6923,-0.1133
316.810,map,2.6281,2.6894,-0.1148,2.6164,2.6923,-0.1133
316.910,map,2.6281,2.6894,-0.1148,2.6164,2.6923,-0.1133
317.010,map,2.6281,2.6894,-0.1148,2.6164,2.6923,-0.1133
317.110,map,2.6281,2.6894,-0.1148,2.6164,2.6923,-0.1133
317.210,map,2.6281,2.6894,-0.1148,2.6164,2.6923,-0.1133
317.310,map,2.6281,2.6894,-0.1148,2.6164,2.6923,-0.1133
317.410,map,2.6281,2.6894,-0.1148,2.6164,2.6923,-0.1133
317.510,map,2.6281,2.6894,-0.1148,2.6164,2.6923,-0.1133
317.610,map,2.6281,2.6894,-0.1148,2.6164,2.6923,-0.1133
317.710,map,2.6281,2.6894,-0.1148,2.6164,2.6923,-0.1133
317.810,map,2.6281,2.6894,-0.1148,2.6164,2.6923,-0.1133
317.910,map,2.6281,2.6894,-0.1148,2.6164,2.6923,-0.1133
318.010,map,2.6281,2.6894,-0.1148,2.6164,2.6923,-0.1133
318.110,map,2.6281,2.6894,-0.1148,2.6164,2.6923,-0.1133
318.210,map,2.6281,2.6894,-0.1148,2.6164,2.6923,-0.1133
318.310,map,2.6281,2.6894,-0.1148,2.6164,2.6923,-0.1133
318.410,map,2.6281,2.6894,-0.1148,2.6164,2.6923,-0.1133
318.510,map,2.6281,2.6894,-0.1148,2.6164,2.6923,-0.1133
318.610,map,2.6281,2.6894,-0.1148,2.6164,2.6923,-0.1133
318.710,map,2.6281,2.6894,-0.1148,2.6164,2.6923,-0.1133
318.810,map,2.6281,2.6894,-0.1148,2.6164,2.6923,-0.1133
318.910,map,2.6281,2.6894,-0.1148,2.6164,2.6923,-0.1133
319.010,map,2.6281,2.6894,-0.1148,2.6164,2.6923,-0.1133
319.110,map,2.6281,2.6894,-0.1148,2.6164,2.6923,-0.1133
319.210,map,2.6281,2.6894,-0.1148,2.6164,2.6923,-0.1133
319.310,map,2.6281,2.6894,-0.1148,2.6164,2.6923,-0.1133
319.410,map,2.6281,2.6894,-0.1148,2.6164,2.6923,-0.1133
319.510,map,2.6281,2.6894,-0.1148,2.6164,2.6923,-0.1133
319.610,map,2.6281,2.6894,-0.1148,2.6164,2.6923,-0.1133
319.710,map,2.6281,2.6894,-0.1148,2.6164,2.6923,-0.1133
319.810,map,2.6281,2.6894,-0.1148,2.6164,2.6923,-0.1133
319.910,map,2.6281,2.6894,-0.1148,2.6164,2.6923,-0.1133
320.010,map,2.6281,2.6894,-0.1148,2.6164,2.6923,-0.1133
320.110,map,2.6281,2.6894,-0.1148,2.6164,2.6923,-0.1133
320.210,map,2.6281,2.6894,-0.1148,2.6164,2.6923,-0.1133
320.310,map,2.6281,2.6894,-0.1148,2.6164,2.6923,-0.1133
320.410,map,2.6281,2.6894,-0.1148,2.6164,2.6923,-0.1133
320.510,map,2.6281,2.6894,-0.1148,2.6164,2.6923,-0.1133
320.610,map,2.6281,2.6894,-0.1148,2.6164,2.6923,-0.1133
320.710,map,2.6281,2.6894,-0.1148,2.6164,2.6923,-0.1133
320.810,map,2.6281,2.6894,-0.1148,2.6164,2.6923,-0.1133
320.910,map,2.6281,2.6894,-0.1148,2.6164,2.6923,-0.1133
321.010,map,2.6281,2.6894,-0.1148,2.6164,2.6923,-0.1133
321.110,map,2.6281,2.6894,-0.1148,2.6164,2.6923,-0.1133
321.210,map,2.6281,2.6894,-0.1148,2.6164,2.6923,-0.1133
321.310,map,2.6281,2.6894,-0.1148,2.6164,2.6923,-0.1133
321.410,map,2.6281,2.6894,-0.1148,2.6164,2.6923,-0.1133
321.510,map,2.6281,2.6894,-0.1148,2.6164,2.6923,-0.1133
321.610,map,2.6281,2.6894,-0.1148,2.6164,2.6923,-0.1133
321.710,map,2.6281,2.6894,-0.1148,2.6164,2.6923,-0.1133
321.810,map,2.6281,2.6894,-0.1148,2.6164,2.6923,-0.1133
321.910,map,2.6281,2.6894,-0.1148,2.6164,2.6923,-0.1133
322.010,map,2.6281,2.6894,-0.1148,2.6164,2.6923,-0.1133
322.110,map,2.6281,2.6894,-0.1148,2.6164,2.6923,-0.1133
322.210,map,2.6281,2.6894,-0.1148,2.6164,2.6923,-0.1133
322.310,map,2.6281,2.6894,-0.1148,2.6164,2.6923,-0.1133
322.410,map,2.6281,2.6894,-0.1148,2.6164,2.6923,-0.1133
322.510,map,2.6281,2.6894,-0.1148,2.6164,2.6923,-0.1133
322.610,map,2.6281,2.6894,-0.1148,2.6164,2.6923,-0.1133
322.710,map,2.6281,2.6894,-0.1148,2.6164,2.6923,-0.1133
322.810,map,2.6281,2.6894,-0.1148,2.6164,2.6923,-0.1133
322.910,map,2.6281,2.6894,-0.1148,2.6164,2.6923,-0.1133
323.010,map,2.6281,2.6894,-0.1148,2.6164,2.6923,-0.1133
323.110,map,2.6281,2.6894,-0.1148,2.6164,2.6923,-0.1133
323.210,map,2.6281,2.6894,-0.1148,2.6164,2.6923,-0.1133
323.310,map,2.6281,2.6894,-0.1148,2.6164,2.6923,-0.1133
323.410,map,2.6281,2.6894,-0.1148,2.6164,2.6923,-0.1133
323.510,map,2.6281,2.6894,-0.1148,2.6164,2.6923,-0.1133
323.610,map,2.6281,2.6894,-0.1148,2.6164,2.6923,-0.1133
323.710,map,2.6281,2.6894,-0.1148,2.6164,2.6923,-0.1133
323.810,map,2.6281,2.6894,-0.1148,2.6164,2.6923,-0.1133
323.910,map,2.6281,2.6894,-0.1148,2.6164,2.6923,-0.1133
324.010,map,2.6281,2.6894,-0.1148,2.6164,2.6923,-0.1133
324.110,map,2.6281,2.6894,-0.1148,2.6164,2.6923,-0.1133
324.210,map,2.6281,2.6894,-0.1148,2.6164,2.6923,-0.1133
324.310,map,2.6281,2.6894,-0.1148,2.6164,2.6923,-0.1133
324.410,map,2.6281,2.6894,-0.1148,2.6164,2.6923,-0.1133
324.510,map,2.6281,2.6894,-0.1148,2.6164,2.6923,-0.1133
324.610,map,2.6281,2.6894,-0.1148,2.6164,2.6923,-0.1133
324.710,map,2.6281,2.6894,-0.1148,2.6164,2.6923,-0.1133
324.810,map,2.6281,2.6894,-0.1148,2.6164,2.6923,-0.1133
324.910,map,2.6281,2.6894,-0.1148,2.6164,2.6923,-0.1133
325.010,map,2.6281,2.6894,-0.1148,2.6164,2.6923,-0.1133
325.110,map,2.6281,2.6894,-0.1148,2.6164,2.6923,-0.1133
325.210,map,2.6281,2.6894,-0.1148,2.6164,2.6923,-0.1133
325.310,map,2.6281,2.6894,-0.1148,2.6164,2.6923,-0.1133
325.410,map,2.6281,2.6894,-0.1148,2.6164,2.6923,-0.1133
325.510,map,2.6281,2.6894,-0.1148,2.6164,2.6923,-0.1133
325.610,map,2.6281,2.6894,-0.1148,2.6164,2.6923,-0.1133
325.710,map,2.6281,2.6894,-0.1148,2.6164,2.6923,-0.1133
325.810,map,2.6281,2.6894,-0.1148,2.6164,2.6923,-0.1133
325.910,map,2.6281,2.6894,-0.1148,2.6164,2.6923,-0.1133
326.010,map,2.6281,2.6894,-0.1148,2.6164,2.6923,-0.1133
326.110,map,2.6281,2.6894,-0.1148,2.6164,2.6923,-0.1133
326.210,map,2.6281,2.6894,-0.1148,2.6164,2.6923,-0.1133
326.310,map,2.6281,2.6894,-0.1148,2.6164,2.6923,-0.1133
326.410,map,2.6281,2.6894,-0.1148,2.6164,2.6923,-0.1133
326.510,map,2.6281,2.6894,-0.1148,2.6164,2.6923,-0.1133
326.610,map,2.6281,2.6894,-0.1148,2.6164,2.6923,-0.1133
326.710,map,2.6281,2.6894,-0.1148,2.6164,2.6923,-0.1133
326.810,map,2.6281,2.6894,-0.1148,2.6164,2.6923,-0.1133
326.910,map,2.6281,2.6894,-0.1148,2.6164,2.6923,-0.1133
327.010,map,2.6281,2.6894,-0.1148,2.6164,2.6923,-0.1133
327.110,map,2.6281,2.6894,-0.1148,2.6164,2.6923,-0.1133
327.210,map,2.6281,2.6894,-0.1148,2.6164,2.6923,-0.1133
327.310,map,2.6281,2.6894,-0.1148,2.6164,2.6923,-0.1133
327.410,map,2.6281,2.6894,-0.1148,2.6164,2.6923,-0.1133
327.510,map,2.6281,2.6894,-0.1148,2.6164,2.6923,-0.1133
327.610,map,2.6281,2.6894,-0.1148,2.6164,2.6923,-0.1133
327.710,map,2.6281,2.6894,-0.1148,2.6164,2.6923,-0.1133
327.810,map,2.6281,2.6894,-0.1148,2.6164,2.6923,-0.1133
327.910,map,2.6281,2.6894,-0.1148,2.6164,2.6923,-0.1133
328.010,map,2.6281,2.6894,-0.1148,2.6164,2.6923,-0.1133
328.110,map,2.6281,2.6894,-0.1148,2.6164,2.6923,-0.1133
328.210,map,2.6281,2.6894,-0.1148,2.6164,2.6923,-0.1133
328.310,map,2.6281,2.6894,-0.1148,2.6164,2.6923,-0.1133
328.410,map,2.6281,2.6894,-0.1148,2.6164,2.6923,-0.1133
328.510,map,2.6281,2.6894,-0.1148,2.6164,2.6923,-0.1133
328.610,map,2.6281,2.6894,-0.1148,2.6164,2.6923,-0.1133
328.710,map,2.6281,2.6894,-0.1148,2.6164,2.6923,-0.1133
328.810,map,2.6281,2.6894,-0.1148,2.6164,2.6923,-0.1133
328.910,map,2.6281,2.6894,-0.1148,2.6164,2.6923,-0.1133
329.010,map,2.6281,2.6894,-0.1148,2.6164,2.6923,-0.1133
329.110,map,2.6281,2.6894,-0.1148,2.6164,2.6923,-0.1133
329.210,map,2.6281,2.6894,-0.1148,2.6164,2.6923,-0.1133
329.310,map,2.6281,2.6894,-0.1148,2.6164,2.6923,-0.1133
329.410,map,2.6281,2.6894,-0.1148,2.6164,2.6923,-0.1133
329.510,map,2.6281,2.6894,-0.1148,2.6164,2.6923,-0.1133
329.610,map,2.6281,2.6894,-0.1148,2.6164,2.6923,-0.1133
329.710,map,2.6281,2.6894,-0.1148,2.6164,2.6923,-0.1133
329.810,map,2.6281,2.6894,-0.1148,2.6164,2.6923,-0.1133
329.910,map,2.6281,2.6894,-0.1148,2.6164,2.6923,-0.1133
330.010,map,2.6281,2.6894,-0.1148,2.6164,2.6923,-0.1133
330.110,map,2.6281,2.6894,-0.1148,2.6164,2.6923,-0.1133
330.210,map,2.6281,2.6894,-0.1148,2.6164,2.6923,-0.1133
330.310,map,2.6281,2.6894,-0.1148,2.6164,2.6923,-0.1133
330.410,map,2.6281,2.6894,-0.1148,2.6164,2.6923,-0.1133
330.510,map,2.6281,2.6894,-0.1148,2.6164,2.6923,-0.1133
330.610,map,2.6281,2.6894,-0.1148,2.6164,2.6923,-0.1133
330.710,map,2.6281,2.6894,-0.1148,2.6164,2.6923,-0.1133
330.810,map,2.6281,2.6894,-0.1148,2.6164,2.6923,-0.1133
330.910,map,2.6281,2.6894,-0.1148,2.6164,2.6923,-0.1133
331.010,map,2.6281,2.6894,-0.1148,2.6164,2.6923,-0.1133
331.110,map,2.6281,2.6894,-0.1148,2.6164,2.6923,-0.1133
331.210,map,2.6281,2.6894,-0.1148,2.6164,2.6923,-0.1133
331.310,map,2.6281,2.6894,-0.1148,2.6164,2.6923,-0.1133
331.410,map,2.6281,2.6894,-0.1148,2.6164,2.6923,-0.1133
331.510,map,2.6281,2.6894,-0.1148,2.6164,2.6923,-0.1133
331.610,map,2.6281,2.6894,-0.1148,2.6164,2.6923,-0.1133
331.710,map,2.6281,2.6894,-0.1148,2.6164,2.6923,-0.1133
331.810,map,2.6281,2.6894,-0.1148,2.6164,2.6923,-0.1133
331.910,map,2.6281,2.6894,-0.1148,2.6164,2.6923,-0.1133
332.010,map,2.6281,2.6894,-0.1148,2.6164,2.6923,-0.1133
332.110,map,2.6281,2.6894,-0.1148,2.6164,2.6923,-0.1133
332.210,map,2.6281,2.6894,-0.1148,2.6164,2.6923,-0.1133
332.310,map,2.6281,2.6894,-0.1148,2.6164,2.6923,-0.1133
332.410,map,2.6281,2.6894,-0.1148,2.6164,2.6923,-0.1133
332.510,map,2.6281,2.6894,-0.1148,2.6164,2.6923,-0.1133
332.610,map,2.6281,2.6894,-0.1148,2.6164,2.6923,-0.1133
332.710,map,2.6281,2.6894,-0.1148,2.6164,2.6923,-0.1133
332.810,map,2.6281,2.6894,-0.1148,2.6164,2.6923,-0.1133
332.910,map,2.6281,2.6894,-0.1148,2.6164,2.6923,-0.1133
333.010,map,2.6281,2.6894,-0.1148,2.6164,2.6923,-0.1133
333.110,map,2.6281,2.6894,-0.1148,2.6164,2.6923,-0.1133
333.210,map,2.6281,2.6894,-0.1148,2.6164,2.6923,-0.1133
333.310,map,2.6281,2.6894,-0.1148,2.6164,2.6923,-0.1133
333.410,map,2.6281,2.6894,-0.1148,2.6164,2.6923,-0.1133
333.510,map,2.6281,2.6894,-0.1148,2.6164,2.6923,-0.1133
333.610,map,2.6281,2.6894,-0.1148,2.6164,2.6923,-0.1133
333.710,map,2.6281,2.6894,-0.1148,2.6164,2.6923,-0.1133
333.810,map,2.6281,2.6894,-0.1148,2.6164,2.6923,-0.1133
333.910,map,2.6281,2.6894,-0.1148,2.6164,2.6923,-0.1133
334.010,map,2.6281,2.6894,-0.1148,2.6164,2.6923,-0.1133
334.110,map,2.6281,2.6894,-0.1148,2.6164,2.6923,-0.1133
334.210,map,2.6281,2.6894,-0.1148,2.6164,2.6923,-0.1133
334.310,map,2.6281,2.6894,-0.1148,2.6164,2.6923,-0.1133
334.410,map,2.6281,2.6894,-0.1148,2.6164,2.6923,-0.1133
334.510,map,2.6281,2.6894,-0.1148,2.6164,2.6923,-0.1133
334.610,map,2.6281,2.6894,-0.1148,2.6164,2.6923,-0.1133
334.710,map,2.6281,2.6894,-0.1148,2.6164,2.6923,-0.1133
334.810,map,2.6281,2.6894,-0.1148,2.6164,2.6923,-0.1133
334.910,map,2.6281,2.6894,-0.1148,2.6164,2.6923,-0.1133
335.010,map,2.6281,2.6894,-0.1148,2.6164,2.6923,-0.1133
335.110,map,2.6281,2.6894,-0.1148,2.6164,2.6923,-0.1133
335.210,map,2.6281,2.6894,-0.1148,2.6164,2.6923,-0.1133
335.310,map,2.6281,2.6894,-0.1148,2.6164,2.6923,-0.1133
335.410,map,2.6281,2.6894,-0.1148,2.6164,2.6923,-0.1133
335.510,map,2.6281,2.6894,-0.1148,2.6164,2.6923,-0.1133
335.610,map,2.6281,2.6894,-0.1148,2.6164,2.6923,-0.1133
335.710,map,2.6281,2.6894,-0.1148,2.6164,2.6923,-0.1133
335.810,map,2.6281,2.6894,-0.1148,2.6164,2.6923,-0.1133
335.910,map,2.6281,2.6894,-0.1148,2.6164,2.6923,-0.1133
336.010,map,2.6281,2.6894,-0.1148,2.6164,2.6923,-0.1133
336.110,map,2.6281,2.6894,-0.1148,2.6164,2.6923,-0.1133
336.210,map,2.6281,2.6894,-0.1148,2.6164,2.6923,-0.1133
336.310,map,2.6281,2.6894,-0.1148,2.6164,2.6923,-0.1133
336.410,map,2.6281,2.6894,-0.1148,2.6164,2.6923,-0.1133
336.510,map,2.6281,2.6894,-0.1148,2.6164,2.6923,-0.1133
336.610,map,2.6281,2.6894,-0.1148,2.6164,2.6923,-0.1133
336.710,map,2.6281,2.6894,-0.1148,2.6164,2.6923,-0.1133
336.810,map,2.6281,2.6894,-0.1148,2.6164,2.6923,-0.1133
336.910,map,2.6281,2.6894,-0.1148,2.6164,2.6923,-0.1133
337.010,map,2.6281,2.6894,-0.1148,2.6164,2.6923,-0.1133
337.110,map,2.6281,2.6894,-0.1148,2.6164,2.6923,-0.1133
337.210,map,2.6281,2.6894,-0.1148,2.6164,2.6923,-0.1133
337.310,map,2.6281,2.6894,-0.1148,2.6164,2.6923,-0.1133
337.410,map,2.6281,2.6894,-0.1148,2.6164,2.6923,-0.1133
337.510,map,2.6281,2.6894,-0.1148,2.6164,2.6923,-0.1133
337.610,map,2.6281,2.6894,-0.1148,2.6164,2.6923,-0.1133
337.710,map,2.6281,2.6894,-0.1148,2.6164,2.6923,-0.1133
337.810,map,2.6281,2.6894,-0.1148,2.6164,2.6923,-0.1133
337.910,map,2.6281,2.6894,-0.1148,2.6164,2.6923,-0.1133
338.010,map,2.6281,2.6894,-0.1148,2.6164,2.6923,-0.1133
338.110,map,2.6281,2.6894,-0.1148,2.6164,2.6923,-0.1133
338.210,map,2.6281,2.6894,-0.1148,2.6164,2.6923,-0.1133
338.310,map,2.6281,2.6894,-0.1148,2.6164,2.6923,-0.1133
338.410,map,2.6281,2.6894,-0.1148,2.6164,2.6923,-0.1133
338.510,map,2.6281,2.6894,-0.1148,2.6164,2.6923,-0.1133
338.610,map,2.6281,2.6894,-0.1148,2.6164,2.6923,-0.1133
338.710,map,2.6281,2.6894,-0.1148,2.6164,2.6923,-0.1133
338.810,map,2.6281,2.6894,-0.1148,2.6164,2.6923,-0.1133
338.910,map,2.6281,2.6894,-0.1148,2.6164,2.6923,-0.1133
339.010,map,2.6281,2.6894,-0.1148,2.6164,2.6923,-0.1133
339.110,map,2.6281,2.6894,-0.1148,2.6164,2.6923,-0.1133
339.210,map,2.6281,2.6894,-0.1148,2.6164,2.6923,-0.1133
339.310,map,2.6281,2.6894,-0.1148,2.6164,2.6923,-0.1133
339.410,map,2.6281,2.6894,-0.1148,2.6164,2.6923,-0.1133
339.510,map,2.6281,2.6894,-0.1148,2.6164,2.6923,-0.1133
339.610,map,2.6281,2.6894,-0.1148,2.6164,2.6923,-0.1133
339.710,map,2.6281,2.6894,-0.1148,2.6164,2.6923,-0.1133
339.810,map,2.6281,2.6894,-0.1148,2.6164,2.6923,-0.1133
339.910,map,2.6281,2.6894,-0.1148,2.6164,2.6923,-0.1133
340.010,map,2.6281,2.6894,-0.1148,2.6164,2.6923,-0.1133
340.110,map,2.6281,2.6894,-0.1148,2.6164,2.6923,-0.1133
340.210,map,2.6281,2.6894,-0.1148,2.6164,2.6923,-0.1133
340.310,map,2.6281,2.6894,-0.1148,2.6164,2.6923,-0.1133
340.410,map,2.6281,2.6894,-0.1148,2.6164,2.6923,-0.1133
340.510,map,2.6281,2.6894,-0.1148,2.6164,2.6923,-0.1133
340.610,map,2.6281,2.6894,-0.1148,2.6164,2.6923,-0.1133
340.710,map,2.6281,2.6894,-0.1148,2.6164,2.6923,-0.1133
340.810,map,2.6281,2.6894,-0.1148,2.6164,2.6923,-0.1133
340.910,map,2.6281,2.6894,-0.1148,2.6164,2.6923,-0.1133
341.010,map,2.6281,2.6894,-0.1148,2.6164,2.6923,-0.1133
341.110,map,2.6281,2.6894,-0.1148,2.6164,2.6923,-0.1133
341.210,map,2.6281,2.6894,-0.1148,2.6164,2.6923,-0.1133
341.310,map,2.6281,2.6894,-0.1148,2.6164,2.6923,-0.1133
341.410,map,2.6281,2.6894,-0.1148,2.6164,2.6923,-0.1133
341.510,map,2.6281,2.6894,-0.1148,2.6164,2.6923,-0.1133
341.610,map,2.6281,2.6894,-0.1148,2.6164,2.6923,-0.1133
341.710,map,2.6281,2.6894,-0.1148,2.6164,2.6923,-0.1133
341.810,map,2.6281,2.6894,-0.1148,2.6164,2.6923,-0.1133
341.910,map,2.6281,2.6894,-0.1148,2.6164,2.6923,-0.1133
342.010,map,2.6281,2.6894,-0.1148,2.6164,2.6923,-0.1133
342.110,map,2.6281,2.6894,-0.1148,2.6164,2.6923,-0.1133
342.210,map,2.6281,2.6894,-0.1148,2.6164,2.6923,-0.1133
342.310,map,2.6281,2.6894,-0.1148,2.6164,2.6923,-0.1133
342.410,map,2.6281,2.6894,-0.1148,2.6164,2.6923,-0.1133
342.510,map,2.6281,2.6894,-0.1148,2.6164,2.6923,-0.1133
342.610,map,2.6281,2.6894,-0.1148,2.6164,2.6923,-0.1133
342.710,map,2.6281,2.6894,-0.1148,2.6164,2.6923,-0.1133
342.810,map,2.6281,2.6894,-0.1148,2.6164,2.6923,-0.1133
342.910,map,2.6281,2.6894,-0.1148,2.6164,2.6923,-0.1133
343.010,map,2.6281,2.6894,-0.1148,2.6164,2.6923,-0.1133
343.110,map,2.6281,2.6894,-0.1148,2.6164,2.6923,-0.1133
343.210,map,2.6281,2.6894,-0.1148,2.6164,2.6923,-0.1133
343.310,map,2.6281,2.6894,-0.1148,2.6164,2.6923,-0.1133
343.410,map,2.6281,2.6894,-0.1148,2.6164,2.6923,-0.1133
343.510,map,2.6281,2.6894,-0.1148,2.6164,2.6923,-0.1133
343.610,map,2.6281,2.6894,-0.1148,2.6164,2.6923,-0.1133
343.710,map,2.6281,2.6894,-0.1148,2.6164,2.6923,-0.1133
343.810,map,2.6281,2.6894,-0.1148,2.6164,2.6923,-0.1133
343.910,map,2.6281,2.6894,-0.1148,2.6164,2.6923,-0.1133
344.010,map,2.6281,2.6894,-0.1148,2.6164,2.6923,-0.1133
344.110,map,2.6281,2.6894,-0.1148,2.6164,2.6923,-0.1133
344.210,map,2.6281,2.6894,-0.1148,2.6164,2.6923,-0.1133
344.310,map,2.6281,2.6894,-0.1148,2.6164,2.6923,-0.1133
344.410,map,2.6281,2.6894,-0.1148,2.6164,2.6923,-0.1133
344.510,map,2.6281,2.6894,-0.1148,2.6164,2.6923,-0.1133
344.610,map,2.6281,2.6894,-0.1148,2.6164,2.6923,-0.1133
344.710,map,2.6281,2.6894,-0.1148,2.6164,2.6923,-0.1133
344.810,map,2.6281,2.6894,-0.1148,2.6164,2.6923,-0.1133
344.910,map,2.6281,2.6894,-0.1148,2.6164,2.6923,-0.1133
345.010,map,2.6281,2.6894,-0.1148,2.6164,2.6923,-0.1133
345.110,map,2.6281,2.6894,-0.1148,2.6164,2.6923,-0.1133
345.210,map,2.6281,2.6894,-0.1148,2.6164,2.6923,-0.1133
345.310,map,2.6281,2.6894,-0.1148,2.6164,2.6923,-0.1133
345.410,map,2.6281,2.6894,-0.1148,2.6164,2.6923,-0.1133
345.510,map,2.6281,2.6894,-0.1148,2.6164,2.6923,-0.1133
345.610,map,2.6281,2.6894,-0.1148,2.6164,2.6923,-0.1133
345.710,map,2.6281,2.6894,-0.1148,2.6164,2.6923,-0.1133
345.810,map,2.6281,2.6894,-0.1148,2.6164,2.6923,-0.1133
345.910,map,2.6281,2.6894,-0.1148,2.6164,2.6923,-0.1133
346.010,map,2.6281,2.6894,-0.1148,2.6164,2.6923,-0.1133
346.110,map,2.6281,2.6894,-0.1148,2.6164,2.6923,-0.1133
346.210,map,2.6281,2.6894,-0.1148,2.6164,2.6923,-0.1133
346.310,map,2.6281,2.6894,-0.1148,2.6164,2.6923,-0.1133
346.410,map,2.6281,2.6894,-0.1148,2.6164,2.6923,-0.1133
346.510,map,2.6281,2.6894,-0.1148,2.6164,2.6923,-0.1133
346.610,map,2.6281,2.6894,-0.1148,2.6164,2.6923,-0.1133
346.710,map,2.6281,2.6894,-0.1148,2.6164,2.6923,-0.1133
346.810,map,2.6281,2.6894,-0.1148,2.6164,2.6923,-0.1133
346.910,map,2.6281,2.6894,-0.1148,2.6164,2.6923,-0.1133
347.010,map,2.6281,2.6894,-0.1148,2.6164,2.6923,-0.1133
347.110,map,2.6281,2.6894,-0.1148,2.6164,2.6923,-0.1133
347.210,map,2.6281,2.6894,-0.1148,2.6164,2.6923,-0.1133
347.310,map,2.6281,2.6894,-0.1148,2.6164,2.6923,-0.1133
347.410,map,2.6281,2.6894,-0.1148,2.6164,2.6923,-0.1133
347.510,map,2.6281,2.6894,-0.1148,2.6164,2.6923,-0.1133
347.610,map,2.6281,2.6894,-0.1148,2.6164,2.6923,-0.1133
347.710,map,2.6281,2.6894,-0.1148,2.6164,2.6923,-0.1133
347.810,map,2.6281,2.6894,-0.1148,2.6164,2.6923,-0.1133
347.910,map,2.6281,2.6894,-0.1148,2.6164,2.6923,-0.1133
348.010,map,2.6281,2.6894,-0.1148,2.6164,2.6923,-0.1133
348.110,map,2.6281,2.6894,-0.1148,2.6164,2.6923,-0.1133
348.210,map,2.6281,2.6894,-0.1148,2.6164,2.6923,-0.1133
348.310,map,2.6281,2.6894,-0.1148,2.6164,2.6923,-0.1133
348.410,map,2.6281,2.6894,-0.1148,2.6164,2.6923,-0.1133
348.510,map,2.6281,2.6894,-0.1148,2.6164,2.6923,-0.1133
348.610,map,2.6281,2.6894,-0.1148,2.6164,2.6923,-0.1133
348.710,map,2.6281,2.6894,-0.1148,2.6164,2.6923,-0.1133
348.810,map,2.6281,2.6894,-0.1148,2.6164,2.6923,-0.1133
348.910,map,2.6281,2.6894,-0.1148,2.6164,2.6923,-0.1133
349.010,map,2.6281,2.6894,-0.1148,2.6164,2.6923,-0.1133
349.110,map,2.6281,2.6894,-0.1148,2.6164,2.6923,-0.1133
349.210,map,2.6281,2.6894,-0.1148,2.6164,2.6923,-0.1133
349.310,map,2.6281,2.6894,-0.1148,2.6164,2.6923,-0.1133
349.410,map,2.6281,2.6894,-0.1148,2.6164,2.6923,-0.1133
349.510,map,2.6281,2.6894,-0.1148,2.6164,2.6923,-0.1133
349.610,map,2.6281,2.6894,-0.1148,2.6164,2.6923,-0.1133
349.710,map,2.6281,2.6894,-0.1148,2.6164,2.6923,-0.1133
349.810,map,2.6281,2.6894,-0.1148,2.6164,2.6923,-0.1133
349.910,map,2.6281,2.6894,-0.1148,2.6164,2.6923,-0.1133
350.010,map,2.6281,2.6894,-0.1148,2.6164,2.6923,-0.1133
350.110,map,2.6281,2.6894,-0.1148,2.6164,2.6923,-0.1133
350.210,map,2.6281,2.6894,-0.1148,2.6164,2.6923,-0.1133
350.310,map,2.6281,2.6894,-0.1148,2.6164,2.6923,-0.1133
350.410,map,2.6281,2.6894,-0.1148,2.6164,2.6923,-0.1133
350.510,map,2.6281,2.6894,-0.1148,2.6164,2.6923,-0.1133
350.610,map,2.6281,2.6894,-0.1148,2.6164,2.6923,-0.1133
350.710,map,2.6281,2.6894,-0.1148,2.6164,2.6923,-0.1133
350.810,map,2.6281,2.6894,-0.1148,2.6164,2.6923,-0.1133
350.910,map,2.6281,2.6894,-0.1148,2.6164,2.6923,-0.1133
351.010,map,2.6281,2.6894,-0.1148,2.6164,2.6923,-0.1133
351.110,map,2.6281,2.6894,-0.1148,2.6164,2.6923,-0.1133
351.210,map,2.6281,2.6894,-0.1148,2.6164,2.6923,-0.1133
351.310,map,2.6281,2.6894,-0.1148,2.6164,2.6923,-0.1133
351.410,map,2.6281,2.6894,-0.1148,2.6164,2.6923,-0.1133
351.510,map,2.6281,2.6894,-0.1148,2.6164,2.6923,-0.1133
351.610,map,2.6281,2.6894,-0.1148,2.6164,2.6923,-0.1133
351.710,map,2.6281,2.6894,-0.1148,2.6164,2.6923,-0.1133
351.810,map,2.6281,2.6894,-0.1148,2.6164,2.6923,-0.1133
351.910,map,2.6281,2.6894,-0.1148,2.6164,2.6923,-0.1133
352.010,map,2.6281,2.6894,-0.1148,2.6164,2.6923,-0.1133
352.110,map,2.6281,2.6894,-0.1148,2.6164,2.6923,-0.1133
352.210,map,2.6281,2.6894,-0.1148,2.6164,2.6923,-0.1133
352.310,map,2.6281,2.6894,-0.1148,2.6164,2.6923,-0.1133
352.410,map,2.6281,2.6894,-0.1148,2.6164,2.6923,-0.1133
352.510,map,2.6281,2.6894,-0.1148,2.6164,2.6923,-0.1133
352.610,map,2.6281,2.6894,-0.1148,2.6164,2.6923,-0.1133
352.710,map,2.6281,2.6894,-0.1148,2.6164,2.6923,-0.1133
352.810,map,2.6281,2.6894,-0.1148,2.6164,2.6923,-0.1133
352.910,map,2.6281,2.6894,-0.1148,2.6164,2.6923,-0.1133
353.010,map,2.6281,2.6894,-0.1148,2.6164,2.6923,-0.1133
353.110,map,2.6281,2.6894,-0.1148,2.6164,2.6923,-0.1133
353.210,map,2.6281,2.6894,-0.1148,2.6164,2.6923,-0.1133
353.310,map,2.6281,2.6894,-0.1148,2.6164,2.6923,-0.1133
353.410,map,2.6281,2.6894,-0.1148,2.6164,2.6923,-0.1133
353.510,map,2.6281,2.6894,-0.1148,2.6164,2.6923,-0.1133
353.610,map,2.6281,2.6894,-0.1148,2.6164,2.6923,-0.1133
353.710,map,2.6281,2.6894,-0.1148,2.6164,2.6923,-0.1133
353.810,map,2.6281,2.6894,-0.1148,2.6164,2.6923,-0.1133
353.910,map,2.6281,2.6894,-0.1148,2.6164,2.6923,-0.1133
354.010,map,2.6281,2.6894,-0.1148,2.6164,2.6923,-0.1133
354.110,map,2.6281,2.6894,-0.1148,2.6164,2.6923,-0.1133
354.210,map,2.6281,2.6894,-0.1148,2.6164,2.6923,-0.1133
354.310,map,2.6281,2.6894,-0.1148,2.6164,2.6923,-0.1133
354.410,map,2.6281,2.6894,-0.1148,2.6164,2.6923,-0.1133
354.510,map,2.6281,2.6894,-0.1148,2.6164,2.6923,-0.1133
354.610,map,2.6281,2.6894,-0.1148,2.6164,2.6923,-0.1133
354.710,map,2.6281,2.6894,-0.1148,2.6164,2.6923,-0.1133
354.810,map,2.6281,2.6894,-0.1148,2.6164,2.6923,-0.1133
354.910,map,2.6281,2.6894,-0.1148,2.6164,2.6923,-0.1133
355.010,map,2.6281,2.6894,-0.1148,2.6164,2.6923,-0.1133
355.110,map,2.6281,2.6894,-0.1148,2.6164,2.6923,-0.1133
355.210,map,2.6281,2.6894,-0.1148,2.6164,2.6923,-0.1133
355.310,map,2.6281,2.6894,-0.1148,2.6164,2.6923,-0.1133
355.410,map,2.6281,2.6894,-0.1148,2.6164,2.6923,-0.1133
355.510,map,2.6281,2.6894,-0.1148,2.6164,2.6923,-0.1133
355.610,map,2.6281,2.6894,-0.1148,2.6164,2.6923,-0.1133
355.710,map,2.6281,2.6894,-0.1148,2.6164,2.6923,-0.1133
355.810,map,2.6281,2.6894,-0.1148,2.6164,2.6923,-0.1133
355.910,map,2.6281,2.6894,-0.1148,2.6164,2.6923,-0.1133
356.010,map,2.6281,2.6894,-0.1148,2.6164,2.6923,-0.1133
356.110,map,2.6281,2.6894,-0.1148,2.6164,2.6923,-0.1133
356.210,map,2.6281,2.6894,-0.1148,2.6164,2.6923,-0.1133
356.310,map,2.6281,2.6894,-0.1148,2.6164,2.6923,-0.1133
356.410,map,2.6281,2.6894,-0.1148,2.6164,2.6923,-0.1133
356.510,map,2.6281,2.6894,-0.1148,2.6164,2.6923,-0.1133
356.610,map,2.6281,2.6894,-0.1148,2.6164,2.6923,-0.1133
356.710,map,2.6281,2.6894,-0.1148,2.6164,2.6923,-0.1133
356.810,map,2.6281,2.6894,-0.1148,2.6164,2.6923,-0.1133
356.910,map,2.6281,2.6894,-0.1148,2.6164,2.6923,-0.1133
357.010,map,2.6281,2.6894,-0.1148,2.6164,2.6923,-0.1133
357.110,map,2.6281,2.6894,-0.1148,2.6164,2.6923,-0.1133
357.210,map,2.6281,2.6894,-0.1148,2.6164,2.6923,-0.1133
357.310,map,2.6281,2.6894,-0.1148,2.6164,2.6923,-0.1133
357.410,map,2.6281,2.6894,-0.1148,2.6164,2.6923,-0.1133
357.510,map,2.6281,2.6894,-0.1148,2.6164,2.6923,-0.1133
357.610,map,2.6281,2.6894,-0.1148,2.6164,2.6923,-0.1133
357.710,map,2.6281,2.6894,-0.1148,2.6164,2.6923,-0.1133
357.810,map,2.6281,2.6894,-0.1148,2.6164,2.6923,-0.1133
357.910,map,2.6281,2.6894,-0.1148,2.6164,2.6923,-0.1133
358.010,map,2.6281,2.6894,-0.1148,2.6164,2.6923,-0.1133
358.110,map,2.6281,2.6894,-0.1148,2.6164,2.6923,-0.1133
358.210,map,2.6281,2.6894,-0.1148,2.6164,2.6923,-0.1133
358.310,map,2.6281,2.6894,-0.1148,2.6164,2.6923,-0.1133
358.410,map,2.6281,2.6894,-0.1148,2.6164,2.6923,-0.1133
358.510,map,2.6281,2.6894,-0.1148,2.6164,2.6923,-0.1133
358.610,map,2.6281,2.6894,-0.1148,2.6164,2.6923,-0.1133
358.710,map,2.6281,2.6894,-0.1148,2.6164,2.6923,-0.1133
358.810,map,2.6281,2.6894,-0.1148,2.6164,2.6923,-0.1133
358.910,map,2.6281,2.6894,-0.1148,2.6164,2.6923,-0.1133
359.010,map,2.6281,2.6894,-0.1148,2.6164,2.6923,-0.1133
359.110,map,2.6281,2.6894,-0.1148,2.6164,2.6923,-0.1133
359.210,map,2.6281,2.6894,-0.1148,2.6164,2.6923,-0.1133
359.310,map,2.6281,2.6894,-0.1148,2.6164,2.6923,-0.1133
359.410,map,2.6281,2.6894,-0.1148,2.6164,2.6923,-0.1133
