t,frame,x,y,yaw,gt_x,gt_y,gt_yaw
0.380,odom,2.5000,2.5000,0.0000,2.5000,2.5000,0.0000
0.440,odom,2.5000,2.5000,0.0000,2.5000,2.5000,0.0000
0.500,odom,2.5000,2.5000,0.0000,2.5000,2.5000,0.0000
0.600,map,2.5000,2.5000,0.0169,2.5000,2.5000,0.0171
0.700,map,2.5000,2.5000,0.0474,2.5000,2.5000,0.0473
0.800,map,2.5000,2.5000,0.0927,2.5000,2.5000,0.0924
0.900,map,2.5000,2.5000,0.1530,2.5000,2.5000,0.1526
1.000,map,2.5000,2.5000,0.2288,2.5000,2.5000,0.2277
1.100,map,2.5000,2.5000,0.3178,2.5000,2.5000,0.3159
1.200,map,2.5000,2.5000,0.4079,2.5000,2.5000,0.4059
1.300,map,2.5000,2.5000,0.4969,2.5000,2.5000,0.4959
1.400,map,2.5000,2.5000,0.5876,2.5000,2.5000,0.5859
1.500,map,2.5000,2.5000,0.6772,2.5000,2.5000,0.6759
1.600,map,2.5000,2.5000,0.7665,2.5000,2.5000,0.7659
1.700,map,2.5000,2.5000,0.8567,2.5000,2.5000,0.8559
1.800,map,2.5000,2.5000,0.9475,2.5000,2.5000,0.9459
1.900,map,2.5003,2.5005,1.0368,2.5003,2.5005,1.0359
2.000,map,2.5026,2.5048,1.1258,2.5026,2.5049,1.1253
2.110,map,2.5069,2.5151,1.2159,2.5069,2.5152,1.2142
2.210,map,2.5115,2.5293,1.2847,2.5116,2.5294,1.2824
2.310,map,2.5166,2.5488,1.3408,2.5167,2.5487,1.3381
2.410,map,2.5217,2.5732,1.3864,2.5219,2.5731,1.3845
2.510,map,2.5266,2.6026,1.4248,2.5268,2.6027,1.4235
2.610,map,2.5310,2.6373,1.4577,2.5313,2.6373,1.4563
2.710,map,2.5349,2.6766,1.4848,2.5353,2.6771,1.4840
2.810,map,2.5382,2.7204,1.5078,2.5386,2.7210,1.5073
2.910,map,2.5405,2.7646,1.5281,2.5410,2.7655,1.5271
3.010,map,2.5420,2.8090,1.5448,2.5426,2.8102,1.5438
3.110,map,2.5429,2.8533,1.5587,2.5434,2.8550,1.5578
3.210,map,2.5431,2.8980,1.5704,2.5438,2.8999,1.5697
3.310,map,2.5429,2.9429,1.5809,2.5436,2.9448,1.5798
3.410,map,2.5423,2.9878,1.5892,2.5430,2.9897,1.5883
3.510,map,2.5413,3.0325,1.5963,2.5420,3.0346,1.5955
3.610,map,2.5400,3.0777,1.6026,2.5408,3.0796,1.6016
3.710,map,2.5384,3.1231,1.6078,2.5393,3.1245,1.6067
3.810,map,2.5366,3.1683,1.6122,2.5375,3.1695,1.6110
3.910,map,2.5347,3.2135,1.6157,2.5357,3.2144,1.6147
4.010,map,2.5326,3.2589,1.6189,2.5336,3.2594,1.6178
4.110,map,2.5303,3.3036,1.6214,2.5314,3.3043,1.6204
4.210,map,2.5280,3.3486,1.6234,2.5292,3.3492,1.6226
4.310,map,2.5256,3.3931,1.6256,2.5268,3.3942,1.6245
4.410,map,2.5231,3.4381,1.6273,2.5243,3.4391,1.6261
4.510,map,2.5205,3.4833,1.6282,2.5218,3.4840,1.6275
4.610,map,2.5179,3.5281,1.6294,2.5192,3.5290,1.6286
4.710,map,2.5152,3.5734,1.6304,2.5166,3.5739,1.6296
4.810,map,2.5125,3.6183,1.6313,2.5139,3.6188,1.6304
4.910,map,2.5098,3.6628,1.6323,2.5112,3.6637,1.6312
5.010,map,2.5070,3.7080,1.6329,2.5085,3.7086,1.6317
5.110,map,2.5043,3.7525,1.6335,2.5058,3.7536,1.6322
5.210,map,2.5014,3.7970,1.6340,2.5030,3.7985,1.6326
5.310,map,2.4986,3.8419,1.6344,2.5002,3.8434,1.6329
5.410,map,2.4957,3.8871,1.6347,2.4974,3.8883,1.6331
5.510,map,2.4928,3.9321,1.6355,2.4946,3.9332,1.6333
5.610,map,2.4899,3.9772,1.6354,2.4918,3.9781,1.6334
5.710,map,2.4870,4.0222,1.6353,2.4890,4.0230,1.6334
5.810,map,2.4841,4.0669,1.6351,2.4862,4.0679,1.6335
5.910,map,2.4812,4.1121,1.6356,2.4833,4.1129,1.6336
6.010,map,2.4783,4.1567,1.6358,2.4805,4.1578,1.6337
6.110,map,2.4754,4.2015,1.6358,2.4777,4.2027,1.6337
6.210,map,2.4724,4.2466,1.6358,2.4749,4.2476,1.6337
6.310,map,2.4695,4.2915,1.6357,2.4720,4.2925,1.6337
6.410,map,2.4666,4.3362,1.6361,2.4692,4.3374,1.6337
6.510,map,2.4636,4.3812,1.6360,2.4664,4.3823,1.6337
6.610,map,2.4607,4.4259,1.6360,2.4635,4.4272,1.6336
6.710,map,2.4578,4.4708,1.6359,2.4607,4.4721,1.6336
6.810,map,2.4549,4.5152,1.6359,2.4579,4.5171,1.6336
6.910,map,2.4520,4.5602,1.6361,2.4551,4.5620,1.6336
7.010,map,2.4490,4.6055,1.6362,2.4522,4.6069,1.6336
7.110,map,2.4460,4.6507,1.6366,2.4494,4.6518,1.6336
7.210,map,2.4430,4.6960,1.6367,2.4466,4.6967,1.6335
7.310,map,2.4401,4.7414,1.6366,2.4438,4.7416,1.6333
7.410,map,2.4371,4.7864,1.6366,2.4410,4.7865,1.6332
7.510,map,2.4341,4.8315,1.6363,2.4382,4.8314,1.6331
7.610,map,2.4312,4.8760,1.6360,2.4354,4.8763,1.6330
7.710,map,2.4283,4.9210,1.6361,2.4326,4.9213,1.6330
7.810,map,2.4253,4.9662,1.6359,2.4298,4.9662,1.6329
7.910,map,2.4224,5.0108,1.6359,2.4270,5.0111,1.6329
8.010,map,2.4195,5.0560,1.6359,2.4242,5.0560,1.6329
8.110,map,2.4166,5.1007,1.6358,2.4214,5.1009,1.6329
8.210,map,2.4137,5.1454,1.6360,2.4186,5.1458,1.6329
8.310,map,2.4125,5.1906,1.6364,2.4158,5.1907,1.6329
8.410,map,2.4177,5.2356,1.6365,2.4130,5.2357,1.6328
8.510,map,2.4148,5.2807,1.6367,2.4102,5.2806,1.6329
8.610,map,2.4118,5.3249,1.6368,2.4074,5.3255,1.6330
8.710,map,2.4089,5.3698,1.6367,2.4046,5.3704,1.6331
8.810,map,2.4060,5.4141,1.6369,2.4018,5.4153,1.6332
8.910,map,2.4030,5.4592,1.6367,2.3990,5.4602,1.6333
9.010,map,2.4000,5.5040,1.6367,2.3962,5.5051,1.6334
9.110,map,2.3970,5.5489,1.6371,2.3934,5.5500,1.6335
9.210,map,2.3941,5.5937,1.6370,2.3906,5.5950,1.6335
9.310,map,2.3911,5.6385,1.6369,2.3878,5.6399,1.6336
9.410,map,2.3882,5.6826,1.6366,2.3849,5.6848,1.6337
9.510,map,2.3852,5.7278,1.6367,2.3821,5.7297,1.6338
9.610,map,2.3822,5.7728,1.6370,2.3793,5.7746,1.6339
9.710,map,2.3793,5.8174,1.6368,2.3764,5.8195,1.6340
9.810,map,2.3763,5.8625,1.6371,2.3736,5.8644,1.6340
9.910,map,2.3733,5.9076,1.6370,2.3707,5.9093,1.6341
10.010,map,2.3703,5.9525,1.6373,2.3679,5.9542,1.6342
10.110,map,2.3673,5.9971,1.6374,2.3650,5.9991,1.6342
10.210,map,2.3644,6.0420,1.6375,2.3622,6.0441,1.6342
10.310,map,2.3613,6.0869,1.6374,2.3593,6.0890,1.6342
10.410,map,2.3583,6.1317,1.6377,2.3565,6.1339,1.6342
10.510,map,2.3554,6.1763,1.6377,2.3536,6.1788,1.6342
10.610,map,2.3524,6.2210,1.6376,2.3508,6.2237,1.6341
10.710,map,2.3494,6.2659,1.6376,2.3479,6.2686,1.6341
10.810,map,2.3463,6.3109,1.6377,2.3451,6.3135,1.6341
10.910,map,2.3433,6.3557,1.6375,2.3422,6.3584,1.6340
11.010,map,2.3403,6.4081,1.6375,2.3394,6.4033,1.6340
11.110,map,2.3373,6.4556,1.6372,2.3366,6.4482,1.6340
11.210,map,2.3344,6.5008,1.6369,2.3337,6.4932,1.6341
11.310,map,2.3314,6.5456,1.6368,2.3309,6.5381,1.6342
11.410,map,2.3284,6.5901,1.6371,2.3280,6.5830,1.6343
11.510,map,2.3255,6.6350,1.6373,2.3252,6.6279,1.6344
11.610,map,2.3225,6.6796,1.6374,2.3223,6.6728,1.6344
11.710,map,2.3195,6.7242,1.6378,2.3194,6.7177,1.6344
11.810,map,2.3165,6.7694,1.6377,2.3166,6.7626,1.6344
11.910,map,2.3135,6.8144,1.6373,2.3137,6.8075,1.6344
12.010,map,2.3105,6.8593,1.6378,2.3109,6.8524,1.6344
12.110,map,2.3074,6.9044,1.6378,2.3080,6.8973,1.6345
12.210,map,2.3044,6.9492,1.6378,2.3051,6.9422,1.6344
12.310,map,2.3014,6.9888,1.6377,2.3023,6.9872,1.6344
12.410,map,2.2984,7.0287,1.6376,2.2994,7.0321,1.6344
12.510,map,2.2955,7.0735,1.6375,2.2965,7.0770,1.6344
12.610,map,2.2925,7.1182,1.6372,2.2937,7.1219,1.6343
12.710,map,2.2894,7.1621,1.6447,2.2908,7.1659,1.6420
12.810,map,2.2857,7.2061,1.6669,2.2872,7.2098,1.6646
12.910,map,2.2808,7.2501,1.6969,2.2824,7.2536,1.6948
13.010,map,2.2746,7.2942,1.7241,2.2763,7.2974,1.7219
13.110,map,2.2673,7.3382,1.7475,2.2691,7.3413,1.7456
13.210,map,2.2590,7.3820,1.7683,2.2609,7.3851,1.7664
13.310,map,2.2498,7.4254,1.7869,2.2518,7.4288,1.7847
13.410,map,2.2400,7.4687,1.8027,2.2419,7.4725,1.8007
13.510,map,2.2294,7.5120,1.8168,2.2314,7.5160,1.8147
13.610,map,2.2182,7.5590,1.8295,2.2203,7.5594,1.8272
13.710,map,2.2064,7.6092,1.8408,2.2087,7.6028,1.8382
13.810,map,2.1943,7.6517,1.8513,2.1966,7.6460,1.8483
13.910,map,2.1817,7.6952,1.8546,2.1842,7.6893,1.8513
14.010,map,2.1693,7.7376,1.8536,2.1719,7.7321,1.8503
14.110,map,2.1570,7.7803,1.8522,2.1596,7.7749,1.8493
14.210,map,2.1445,7.8235,1.8515,2.1473,7.8182,1.8484
14.310,map,2.1321,7.8666,1.8510,2.1349,7.8614,1.8477
14.410,map,2.1197,7.9094,1.8549,2.1226,7.9047,1.8515
14.510,map,2.1073,7.9516,1.8575,2.1102,7.9473,1.8544
14.610,map,2.0961,7.9900,1.8475,2.0991,7.9858,1.8441
14.710,map,2.0866,8.0247,1.8312,2.0896,8.0210,1.8274
14.810,map,2.0773,8.0605,1.8167,2.0804,8.0571,1.8126
14.910,map,2.0681,8.0984,1.8036,2.0713,8.0949,1.7998
15.010,map,2.0594,8.1359,1.7922,2.0628,8.1324,1.7886
15.110,map,2.0510,8.1742,1.7828,2.0546,8.1705,1.7790
15.210,map,2.0428,8.2132,1.7743,2.0465,8.2095,1.7706
15.310,map,2.0347,8.2530,1.7671,2.0386,8.2495,1.7632
15.410,map,2.0268,8.2933,1.7607,2.0309,8.2898,1.7568
15.510,map,2.0192,8.3336,1.7550,2.0234,8.3299,1.7512
15.610,map,2.0119,8.3736,1.7499,2.0162,8.3700,1.7463
15.710,map,2.0047,8.4137,1.7436,2.0092,8.4101,1.7401
15.810,map,1.9982,8.4523,1.7330,2.0028,8.4487,1.7297
15.910,map,1.9919,8.4917,1.7240,1.9967,8.4881,1.7205
16.010,map,1.9860,8.5310,1.7157,1.9910,8.5272,1.7125
16.110,map,1.9803,8.5710,1.7087,1.9854,8.5669,1.7056
16.210,map,1.9748,8.6117,1.7027,1.9801,8.6075,1.6996
16.310,map,1.9696,8.6520,1.6973,1.9750,8.6475,1.6943
16.410,map,1.9645,8.6925,1.6927,1.9701,8.6879,1.6898
16.510,map,1.9597,8.7326,1.6887,1.9654,8.7281,1.6858
16.610,map,1.9552,8.7715,1.6851,1.9609,8.7674,1.6824
16.710,map,1.9507,8.8106,1.6820,1.9565,8.8066,1.6794
16.810,map,1.9464,8.8502,1.6796,1.9523,8.8463,1.6768
16.910,map,1.9420,8.8903,1.6773,1.9481,8.8861,1.6745
17.010,map,1.9379,8.9298,1.6752,1.9440,8.9258,1.6725
17.110,map,1.9337,8.9695,1.6733,1.9400,8.9655,1.6707
17.210,map,1.9296,9.0200,1.6714,1.9360,9.0056,1.6692
17.310,map,1.9256,9.0604,1.6682,1.9321,9.0459,1.6659
17.410,map,1.9219,9.1001,1.6526,1.9285,9.0858,1.6504
17.510,map,1.9190,9.1406,1.6347,1.9257,9.1264,1.6324
17.610,map,1.9167,9.1817,1.6194,1.9234,9.1676,1.6168
17.710,map,1.9150,9.2227,1.6061,1.9218,9.2084,1.6035
17.810,map,1.9137,9.2651,1.5944,1.9207,9.2503,1.5920
17.900,map,1.9130,9.3033,1.5853,1.9201,9.2885,1.5830
18.000,map,1.9126,9.3453,1.5772,1.9198,9.3310,1.5746
18.100,map,1.9125,9.3876,1.5699,1.9198,9.3733,1.5671
18.200,map,1.9126,9.4300,1.5637,1.9200,9.4156,1.5607
18.300,map,1.9131,9.4724,1.5582,1.9206,9.4581,1.5552
18.400,map,1.9137,9.5152,1.5533,1.9214,9.5010,1.5504
18.500,map,1.9145,9.5585,1.5497,1.9223,9.5439,1.5463
18.600,map,1.9155,9.5924,1.5462,1.9235,9.5868,1.5428
18.700,map,1.9166,9.6341,1.5432,1.9247,9.6297,1.5397
18.800,map,1.9179,9.6770,1.5407,1.9261,9.6725,1.5370
18.900,map,1.9192,9.7206,1.5385,1.9277,9.7162,1.5346
19.000,map,1.9207,9.7650,1.5365,1.9293,9.7604,1.5326
19.100,map,1.9223,9.8094,1.5345,1.9310,9.8040,1.5308
19.200,map,1.9239,9.8529,1.5332,1.9328,9.8478,1.5293
19.300,map,1.9256,9.8978,1.5317,1.9347,9.8928,1.5279
19.400,map,1.9274,9.9427,1.5303,1.9367,9.9378,1.5268
19.500,map,1.9293,9.9882,1.5294,1.9387,9.9827,1.5258
19.600,map,1.9312,10.0332,1.5286,1.9407,10.0277,1.5249
19.700,map,1.9331,10.0780,1.5280,1.9428,10.0726,1.5242
19.800,map,1.9350,10.1233,1.5271,1.9449,10.1176,1.5236
19.900,map,1.9370,10.1678,1.5263,1.9470,10.1625,1.5230
20.000,map,1.9390,10.2127,1.5261,1.9492,10.2075,1.5225
20.100,map,1.9410,10.2573,1.5256,1.9514,10.2524,1.5221
20.200,map,1.9430,10.3022,1.5255,1.9536,10.2974,1.5218
20.300,map,1.9451,10.3468,1.5250,1.9558,10.3423,1.5214
20.400,map,1.9471,10.3908,1.5244,1.9580,10.3865,1.5211
20.500,map,1.9491,10.4341,1.5241,1.9601,10.4296,1.5209
20.600,map,1.9511,10.4759,1.5240,1.9622,10.4716,1.5207
20.700,map,1.9530,10.5170,1.5239,1.9643,10.5125,1.5206
20.800,map,1.9549,10.5569,1.5239,1.9663,10.5524,1.5204
20.900,map,1.9567,10.5964,1.5237,1.9683,10.5914,1.5203
21.000,map,1.9585,10.6344,1.5235,1.9702,10.6293,1.5202
21.100,map,1.9603,10.6713,1.5232,1.9721,10.6662,1.5201
21.200,map,1.9620,10.7070,1.5230,1.9739,10.7022,1.5200
21.300,map,1.9636,10.7420,1.5227,1.9757,10.7373,1.5200
21.400,map,1.9653,10.7762,1.5228,1.9774,10.7716,1.5200
21.500,map,1.9669,10.8099,1.5228,1.9791,10.8050,1.5200
21.600,map,1.9685,10.8422,1.5226,1.9808,10.8375,1.5200
21.700,map,1.9700,10.8738,1.5226,1.9824,10.8692,1.5200
21.800,map,1.9715,10.9046,1.5228,1.9839,10.9001,1.5201
21.900,map,1.9729,10.9348,1.5226,1.9855,10.9303,1.5201
22.000,map,1.9744,10.9734,1.5225,1.9870,10.9596,1.5201
22.100,map,1.9757,11.0028,1.5225,1.9884,10.9881,1.5201
22.200,map,1.9771,11.0305,1.5226,1.9898,11.0158,1.5200
22.300,map,1.9784,11.0575,1.5224,1.9912,11.0427,1.5199
22.400,map,1.9796,11.0836,1.5223,1.9925,11.0690,1.5198
22.500,map,1.9809,11.1089,1.5224,1.9938,11.0946,1.5198
22.600,map,1.9821,11.1338,1.5222,1.9951,11.1196,1.5197
22.700,map,1.9833,11.1585,1.5221,1.9964,11.1439,1.5196
22.800,map,1.9844,11.1820,1.5221,1.9976,11.1677,1.5196
22.900,map,1.9855,11.2049,1.5222,1.9988,11.1908,1.5195
23.000,map,1.9866,11.2270,1.5222,1.9999,11.2129,1.5195
23.100,map,1.9875,11.2449,1.5224,2.0008,11.2306,1.5195
23.200,map,1.9881,11.2576,1.5224,2.0015,11.2433,1.5195
23.300,map,1.9885,11.2653,1.5223,2.0018,11.2510,1.5195
23.400,map,1.9886,11.2681,1.5223,2.0020,11.2537,1.5195
23.500,map,1.9886,11.2681,1.5223,2.0020,11.2537,1.5195
23.600,map,1.9886,11.2681,1.5204,2.0020,11.2537,1.5176
23.700,map,1.9886,11.2681,1.5054,2.0020,11.2537,1.5024
23.800,map,1.9886,11.2681,1.4755,2.0020,11.2537,1.4723
23.900,map,1.9886,11.2681,1.4309,2.0020,11.2537,1.4271
24.000,map,1.9886,11.2681,1.3701,2.0020,11.2537,1.3670
24.100,map,1.9886,11.2681,1.2948,2.0020,11.2537,1.2918
24.200,map,1.9886,11.2681,1.2066,2.0020,11.2537,1.2036
24.300,map,1.9886,11.2681,1.1173,2.0020,11.2537,1.1136
24.400,map,1.9886,11.2681,1.0275,2.0020,11.2537,1.0236
24.500,map,1.9886,11.2681,0.9377,2.0020,11.2537,0.9336
24.600,map,1.9886,11.2681,0.8479,2.0020,11.2537,0.8436
24.700,map,1.9886,11.2681,0.7587,2.0020,11.2537,0.7536
24.800,map,1.9886,11.2681,0.6691,2.0020,11.2537,0.6636
24.900,map,1.9886,11.2681,0.5803,2.0020,11.2537,0.5736
25.000,map,1.9886,11.2681,0.4904,2.0020,11.2537,0.4836
25.100,map,1.9908,11.2691,0.4019,2.0042,11.2547,0.3936
25.200,map,1.9978,11.2717,0.3127,2.0112,11.2573,0.3060
25.300,map,2.0097,11.2750,0.2360,2.0232,11.2605,0.2304
25.400,map,2.0265,11.2784,0.1727,2.0401,11.2638,0.1668
25.500,map,2.0487,11.2816,0.1197,2.0623,11.2669,0.1143
25.600,map,2.0759,11.2843,0.0762,2.0896,11.2694,0.0703
25.700,map,2.1087,11.2861,0.0393,2.1220,11.2711,0.0334
25.800,map,2.1459,11.2870,0.0074,2.1595,11.2717,0.0023
25.900,map,2.1881,11.2867,-0.0183,2.2019,11.2712,-0.0238
26.000,map,2.2330,11.2854,-0.0404,2.2464,11.2697,-0.0458
26.100,map,2.2775,11.2832,-0.0589,2.2910,11.2672,-0.0645
26.200,map,2.3219,11.2802,-0.0750,2.3356,11.2640,-0.0803
26.300,map,2.3671,11.2675,-0.0885,2.3802,11.2601,-0.0937
26.400,map,2.4114,11.2623,-0.1001,2.4249,11.2556,-0.1049
26.500,map,2.4563,11.2575,-0.1093,2.4695,11.2507,-0.1142
26.600,map,2.5013,11.2524,-0.1171,2.5142,11.2454,-0.1223
26.700,map,2.5458,11.2470,-0.1240,2.5588,11.2397,-0.1292
26.800,map,2.5907,11.2413,-0.1295,2.6033,11.2338,-0.1348
26.900,map,2.6353,11.2354,-0.1340,2.6479,11.2277,-0.1395
27.000,map,2.6801,11.2292,-0.1383,2.6924,11.2213,-0.1436
27.100,map,2.7248,11.2229,-0.1419,2.7369,11.2148,-0.1470
27.200,map,2.7690,11.2166,-0.1448,2.7814,11.2081,-0.1499
27.300,map,2.8132,11.2101,-0.1473,2.8259,11.2014,-0.1524
27.400,map,2.8579,11.2034,-0.1491,2.8704,11.1945,-0.1544
27.500,map,2.9024,11.1967,-0.1510,2.9148,11.1875,-0.1562
27.600,map,2.9470,11.1898,-0.1525,2.9593,11.1805,-0.1577
27.700,map,2.9916,11.1829,-0.1542,3.0037,11.1734,-0.1590
27.800,map,3.0360,11.1760,-0.1553,3.0481,11.1663,-0.1600
27.900,map,3.0812,11.1689,-0.1559,3.0926,11.1591,-0.1608
28.000,map,3.1255,11.1619,-0.1569,3.1370,11.1518,-0.1615
28.100,map,3.1698,11.1549,-0.1576,3.1814,11.1446,-0.1621
28.200,map,3.2141,11.1479,-0.1580,3.2258,11.1373,-0.1626
28.300,map,3.2586,11.1408,-0.1584,3.2702,11.1300,-0.1630
28.400,map,3.3031,11.1337,-0.1584,3.3146,11.1227,-0.1634
28.500,map,3.3464,11.1267,-0.1588,3.3590,11.1154,-0.1637
28.600,map,3.3908,11.1196,-0.1592,3.4034,11.1081,-0.1640
28.700,map,3.4347,11.1126,-0.1596,3.4478,11.1007,-0.1643
28.800,map,3.4792,11.1054,-0.1598,3.4922,11.0933,-0.1644
28.900,map,3.5238,11.0982,-0.1604,3.5366,11.0860,-0.1646
29.000,map,3.5683,11.0910,-0.1603,3.5810,11.0786,-0.1646
29.100,map,3.6127,11.0838,-0.1602,3.6254,11.0712,-0.1647
29.200,map,3.6572,11.0766,-0.1604,3.6698,11.0638,-0.1648
29.300,map,3.7013,11.0695,-0.1604,3.7141,11.0565,-0.1648
29.400,map,3.7454,11.0624,-0.1603,3.7585,11.0491,-0.1649
29.500,map,3.7901,11.0551,-0.1604,3.8029,11.0417,-0.1649
29.600,map,3.8344,11.0480,-0.1602,3.8473,11.0343,-0.1647
29.700,map,3.8787,11.0408,-0.1595,3.8917,11.0269,-0.1641
29.800,map,3.9232,11.0337,-0.1588,3.9361,11.0196,-0.1636
29.900,map,3.9677,11.0266,-0.1583,3.9805,11.0123,-0.1632
30.000,map,4.0126,11.0194,-0.1578,4.0249,11.0050,-0.1628
30.100,map,4.0574,11.0123,-0.1576,4.0693,10.9977,-0.1626
30.200,map,4.1018,11.0052,-0.1573,4.1137,10.9904,-0.1623
30.300,map,4.1463,10.9982,-0.1567,4.1581,10.9831,-0.1622
30.400,map,4.1903,10.9912,-0.1567,4.2025,10.9759,-0.1620
30.500,map,4.2344,10.9843,-0.1565,4.2469,10.9686,-0.1620
30.600,map,4.2792,10.9772,-0.1565,4.2914,10.9614,-0.1619
30.700,map,4.3235,10.9702,-0.1564,4.3358,10.9541,-0.1619
30.800,map,4.3682,10.9632,-0.1567,4.3802,10.9469,-0.1618
30.900,map,4.4122,10.9562,-0.1566,4.4246,10.9396,-0.1618
31.000,map,4.4563,10.9492,-0.1567,4.4690,10.9324,-0.1617
31.100,map,4.5009,10.9422,-0.1565,4.5134,10.9251,-0.1616
31.200,map,4.5452,10.9352,-0.1563,4.5578,10.9179,-0.1616
31.300,map,4.5893,10.9283,-0.1561,4.6022,10.9106,-0.1616
31.400,map,4.6336,10.9213,-0.1558,4.6467,10.9034,-0.1616
31.500,map,4.6782,10.9143,-0.1557,4.6911,10.8962,-0.1616
31.600,map,4.7225,10.9073,-0.1556,4.7355,10.8889,-0.1617
31.700,map,4.7668,10.9004,-0.1555,4.7799,10.8817,-0.1617
31.800,map,4.8117,10.8934,-0.1556,4.8243,10.8744,-0.1618
31.900,map,4.8562,10.8864,-0.1557,4.8687,10.8672,-0.1619
32.000,map,4.9008,10.8794,-0.1560,4.9131,10.8599,-0.1620
32.100,map,4.9452,10.8724,-0.1561,4.9575,10.8526,-0.1621
32.200,map,4.9894,10.8654,-0.1562,5.0020,10.8454,-0.1621
32.300,map,5.0341,10.8502,-0.1562,5.0464,10.8381,-0.1621
32.400,map,5.0786,10.8414,-0.1555,5.0908,10.8309,-0.1619
32.500,map,5.1235,10.8343,-0.1555,5.1352,10.8236,-0.1616
32.600,map,5.1678,10.8274,-0.1549,5.1796,10.8164,-0.1614
32.700,map,5.2123,10.8205,-0.1539,5.2240,10.8092,-0.1603
32.800,map,5.2568,10.8136,-0.1528,5.2684,10.8020,-0.1592
32.900,map,5.3011,10.8068,-0.1521,5.3129,10.7949,-0.1582
33.000,map,5.3457,10.8000,-0.1513,5.3573,10.7878,-0.1574
33.100,map,5.3903,10.7932,-0.1506,5.4018,10.7808,-0.1567
33.200,map,5.4348,10.7865,-0.1498,5.4462,10.7738,-0.1561
33.300,map,5.4797,10.7797,-0.1490,5.4907,10.7668,-0.1556
33.400,map,5.5242,10.7730,-0.1485,5.5351,10.7598,-0.1552
33.500,map,5.5687,10.7664,-0.1483,5.5796,10.7529,-0.1549
33.600,map,5.6135,10.7597,-0.1480,5.6241,10.7460,-0.1546
33.700,map,5.6676,10.7612,-0.1514,5.6685,10.7390,-0.1544
33.800,map,5.7126,10.7544,-0.1510,5.7130,10.7321,-0.1540
33.900,map,5.7572,10.7476,-0.1509,5.7575,10.7252,-0.1537
34.000,map,5.8015,10.7409,-0.1505,5.8019,10.7183,-0.1534
34.100,map,5.8461,10.7341,-0.1499,5.8464,10.7115,-0.1532
34.200,map,5.8907,10.7274,-0.1497,5.8909,10.7046,-0.1530
34.300,map,5.9356,10.7206,-0.1496,5.9353,10.6978,-0.1529
34.400,map,5.9802,10.7139,-0.1494,5.9798,10.6909,-0.1528
34.500,map,6.0250,10.7072,-0.1490,6.0243,10.6841,-0.1527
34.600,map,6.0693,10.7005,-0.1490,6.0688,10.6772,-0.1527
34.700,map,6.1137,10.6938,-0.1490,6.1132,10.6704,-0.1527
34.800,map,6.1584,10.6871,-0.1487,6.1577,10.6635,-0.1527
34.900,map,6.1983,10.6805,-0.1484,6.2022,10.6567,-0.1527
35.000,map,6.2373,10.6738,-0.1486,6.2467,10.6498,-0.1527
35.100,map,6.2816,10.6672,-0.1487,6.2912,10.6430,-0.1527
35.200,map,6.3259,10.6606,-0.1488,6.3356,10.6361,-0.1527
35.300,map,6.3704,10.6539,-0.1486,6.3801,10.6293,-0.1527
35.400,map,6.4144,10.6473,-0.1486,6.4246,10.6225,-0.1526
35.500,map,6.4587,10.6407,-0.1487,6.4691,10.6156,-0.1526
35.600,map,6.5034,10.6340,-0.1484,6.5135,10.6088,-0.1526
35.700,map,6.5478,10.6273,-0.1482,6.5580,10.6019,-0.1526
35.800,map,6.5926,10.6207,-0.1481,6.6025,10.5951,-0.1526
35.900,map,6.6372,10.6140,-0.1479,6.6470,10.5882,-0.1527
36.000,map,6.6816,10.6074,-0.1483,6.6914,10.5814,-0.1528
36.100,map,6.7257,10.6008,-0.1483,6.7359,10.5746,-0.1528
36.200,map,6.7703,10.5914,-0.1485,6.7804,10.5677,-0.1528
36.300,map,6.8148,10.5775,-0.1484,6.8249,10.5609,-0.1528
36.400,map,6.8592,10.5708,-0.1479,6.8693,10.5540,-0.1524
36.500,map,6.9040,10.5642,-0.1473,6.9138,10.5472,-0.1519
36.600,map,6.9484,10.5576,-0.1468,6.9583,10.5404,-0.1514
36.700,map,6.9927,10.5511,-0.1463,7.0028,10.5336,-0.1511
36.800,map,7.0369,10.5446,-0.1463,7.0473,10.5268,-0.1508
36.900,map,7.0814,10.5380,-0.1459,7.0918,10.5201,-0.1506
37.000,map,7.1262,10.5315,-0.1452,7.1363,10.5133,-0.1503
37.100,map,7.1706,10.5250,-0.1451,7.1808,10.5066,-0.1502
37.200,map,7.2149,10.5185,-0.1451,7.2253,10.4999,-0.1501
37.300,map,7.2594,10.5120,-0.1450,7.2697,10.4932,-0.1500
37.400,map,7.3039,10.5055,-0.1450,7.3142,10.4864,-0.1499
37.500,map,7.3493,10.4990,-0.1451,7.3587,10.4797,-0.1498
37.600,map,7.4030,10.4925,-0.1449,7.4032,10.4730,-0.1498
37.700,map,7.4476,10.4860,-0.1449,7.4477,10.4663,-0.1498
37.800,map,7.4921,10.4795,-0.1450,7.4922,10.4596,-0.1498
37.900,map,7.5371,10.4729,-0.1451,7.5367,10.4529,-0.1498
38.000,map,7.5813,10.4664,-0.1453,7.5812,10.4461,-0.1498
38.100,map,7.6263,10.4599,-0.1454,7.6257,10.4394,-0.1498
38.200,map,7.6704,10.4534,-0.1455,7.6702,10.4327,-0.1498
38.300,map,7.7152,10.4468,-0.1454,7.7147,10.4260,-0.1497
38.400,map,7.7594,10.4404,-0.1454,7.7592,10.4193,-0.1497
38.500,map,7.8040,10.4338,-0.1452,7.8037,10.4126,-0.1496
38.600,map,7.8488,10.4273,-0.1453,7.8482,10.4059,-0.1496
38.700,map,7.8931,10.4208,-0.1454,7.8927,10.3992,-0.1496
38.800,map,7.9375,10.4143,-0.1449,7.9372,10.3925,-0.1489
38.900,map,7.9812,10.4079,-0.1444,7.9817,10.3858,-0.1482
39.000,map,8.0253,10.4015,-0.1437,8.0262,10.3792,-0.1476
39.100,map,8.0698,10.3951,-0.1429,8.0707,10.3726,-0.1471
39.200,map,8.1145,10.3887,-0.1424,8.1152,10.3660,-0.1466
39.300,map,8.1594,10.3823,-0.1420,8.1598,10.3594,-0.1462
39.400,map,8.2040,10.3759,-0.1418,8.2043,10.3529,-0.1459
39.500,map,8.2486,10.3695,-0.1419,8.2488,10.3463,-0.1456
39.600,map,8.2925,10.3633,-0.1413,8.2933,10.3398,-0.1453
39.700,map,8.3369,10.3570,-0.1412,8.3378,10.3333,-0.1451
39.800,map,8.3810,10.3507,-0.1414,8.3824,10.3268,-0.1449
39.900,map,8.4259,10.3443,-0.1410,8.4269,10.3203,-0.1446
40.000,map,8.4701,10.3380,-0.1408,8.4714,10.3138,-0.1444
40.100,map,8.5148,10.3317,-0.1405,8.5160,10.3073,-0.1442
40.200,map,8.5594,10.3318,-0.1403,8.5605,10.3009,-0.1440
40.300,map,8.6039,10.3291,-0.1409,8.6050,10.2944,-0.1444
40.400,map,8.6488,10.3227,-0.1441,8.6495,10.2879,-0.1475
40.500,map,8.6935,10.3161,-0.1507,8.6940,10.2811,-0.1541
40.600,map,8.7376,10.3092,-0.1565,8.7384,10.2741,-0.1601
40.700,map,8.7813,10.3021,-0.1667,8.7827,10.2667,-0.1706
40.800,map,8.8258,10.2944,-0.1762,8.8269,10.2589,-0.1799
40.900,map,8.8696,10.2864,-0.1863,8.8710,10.2507,-0.1899
41.000,map,8.9127,10.2780,-0.2013,8.9145,10.2420,-0.2049
41.100,map,8.9564,10.2687,-0.2191,8.9574,10.2327,-0.2222
41.200,map,8.9991,10.2587,-0.2391,9.0002,10.2226,-0.2421
41.300,map,9.0413,10.2480,-0.2589,9.0425,10.2117,-0.2622
41.400,map,9.0835,10.2363,-0.2800,9.0846,10.1999,-0.2835
41.500,map,9.1282,10.2243,-0.3028,9.1247,10.1877,-0.3062
41.600,map,9.1739,10.2112,-0.3254,9.1651,10.1745,-0.3288
41.700,map,9.2130,10.1975,-0.3486,9.2046,10.1605,-0.3519
41.800,map,9.2531,10.1824,-0.3723,9.2447,10.1452,-0.3756
41.900,map,9.2920,10.1667,-0.3953,9.2838,10.1293,-0.3983
42.000,map,9.3310,10.1499,-0.4170,9.3222,10.1126,-0.4203
42.100,map,9.3680,10.1331,-0.4383,9.3597,10.0954,-0.4424
42.200,map,9.4008,10.1171,-0.4736,9.3928,10.0791,-0.4775
42.300,map,9.4296,10.1015,-0.5176,9.4215,10.0634,-0.5211
42.400,map,9.4587,10.0842,-0.5563,9.4506,10.0459,-0.5599
42.500,map,9.4895,10.0643,-0.5895,9.4815,10.0258,-0.5933
42.600,map,9.5210,10.0425,-0.6186,9.5128,10.0040,-0.6222
42.700,map,9.5532,10.0189,-0.6445,9.5451,9.9802,-0.6472
42.800,map,9.5833,9.9958,-0.6656,9.5754,9.9568,-0.6688
42.900,map,9.6136,9.9697,-0.6845,9.6056,9.9325,-0.6876
43.000,map,9.6446,9.9358,-0.7009,9.6365,9.9067,-0.7039
43.110,map,9.6782,9.9070,-0.7160,9.6699,9.8778,-0.7188
43.210,map,9.7080,9.8808,-0.7276,9.6995,9.8516,-0.7304
43.310,map,9.7374,9.8543,-0.7374,9.7291,9.8248,-0.7404
43.410,map,9.7667,9.8275,-0.7463,9.7586,9.7977,-0.7492
43.510,map,9.7944,9.8017,-0.7536,9.7862,9.7717,-0.7569
43.610,map,9.8221,9.7755,-0.7604,9.8137,9.7456,-0.7637
43.710,map,9.8489,9.7498,-0.7667,9.8408,9.7195,-0.7698
43.810,map,9.8741,9.7255,-0.7720,9.8659,9.6950,-0.7751
43.910,map,9.8987,9.7012,-0.7831,9.8903,9.6709,-0.7860
44.010,map,9.9230,9.6768,-0.7954,9.9145,9.6463,-0.7983
44.110,map,9.9467,9.6523,-0.8063,9.9382,9.6218,-0.8092
44.210,map,9.9699,9.6279,-0.8158,9.9613,9.5974,-0.8188
44.310,map,9.9923,9.6039,-0.8244,9.9837,9.5732,-0.8272
44.410,map,10.0139,9.5803,-0.8322,10.0052,9.5496,-0.8347
44.510,map,10.0342,9.5579,-0.8390,10.0255,9.5271,-0.8412
44.610,map,10.0544,9.5426,-0.8446,10.0457,9.5043,-0.8469
44.710,map,10.0748,9.5222,-0.8502,10.0662,9.4810,-0.8525
44.810,map,10.0934,9.5009,-0.8561,10.0847,9.4597,-0.8582
44.910,map,10.1120,9.4793,-0.8613,10.1032,9.4381,-0.8634
45.010,map,10.1303,9.4578,-0.8660,10.1216,9.4166,-0.8679
45.110,map,10.1477,9.4374,-0.8700,10.1391,9.3959,-0.8719
45.210,map,10.1648,9.4171,-0.8736,10.1561,9.3756,-0.8755
45.310,map,10.1824,9.3959,-0.8766,10.1735,9.3546,-0.8786
45.410,map,10.1998,9.3750,-0.8796,10.1906,9.3339,-0.8814
45.510,map,10.2167,9.3544,-0.8823,10.2075,9.3134,-0.8840
45.610,map,10.2333,9.3343,-0.8848,10.2241,9.2930,-0.8862
45.710,map,10.2492,9.3148,-0.8867,10.2399,9.2736,-0.8882
45.810,map,10.2647,9.2957,-0.8886,10.2554,9.2546,-0.8899
45.910,map,10.2799,9.2770,-0.8901,10.2704,9.2360,-0.8915
46.010,map,10.2945,9.2590,-0.8916,10.2853,9.2175,-0.8929
46.110,map,10.3087,9.2413,-0.8929,10.2996,9.1997,-0.8942
46.210,map,10.3231,9.2234,-0.8944,10.3139,9.1819,-0.8954
46.310,map,10.3357,9.2077,-0.8946,10.3266,9.1661,-0.8955
46.410,map,10.3452,9.1958,-0.8946,10.3361,9.1542,-0.8955
46.510,map,10.3516,9.1879,-0.8946,10.3425,9.1462,-0.8955
46.610,map,10.3548,9.1839,-0.8946,10.3458,9.1421,-0.8955
46.710,map,10.3553,9.1833,-0.8946,10.3463,9.1415,-0.8955
46.810,map,10.3557,9.1828,-0.8927,10.3466,9.1410,-0.8936
46.910,map,10.3588,9.1790,-0.8778,10.3498,9.1372,-0.8784
47.010,map,10.3653,9.1715,-0.8495,10.3562,9.1297,-0.8498
47.110,map,10.3752,9.1605,-0.8211,10.3663,9.1186,-0.8213
47.210,map,10.3890,9.1460,-0.7969,10.3800,9.1041,-0.7971
47.310,map,10.4071,9.1258,-0.7754,10.3977,9.0865,-0.7767
47.410,map,10.4297,9.0985,-0.7558,10.4192,9.0657,-0.7596
47.510,map,10.4554,9.0746,-0.7418,10.4447,9.0418,-0.7454
47.610,map,10.4851,9.0477,-0.7293,10.4743,9.0149,-0.7334
47.710,map,10.5184,9.0183,-0.7192,10.5073,8.9854,-0.7233
47.810,map,10.5525,8.9888,-0.7111,10.5411,8.9558,-0.7148
47.910,map,10.5864,8.9597,-0.7038,10.5752,8.9265,-0.7075
48.010,map,10.6207,8.9308,-0.6975,10.6095,8.8974,-0.7013
48.110,map,10.6552,8.9021,-0.6924,10.6439,8.8685,-0.6960
48.210,map,10.6898,8.8735,-0.6878,10.6785,8.8397,-0.6916
48.310,map,10.7245,8.8451,-0.6839,10.7132,8.8111,-0.6878
48.410,map,10.7592,8.8169,-0.6809,10.7480,8.7826,-0.6846
48.510,map,10.7944,8.7885,-0.6783,10.7829,8.7542,-0.6819
48.610,map,10.8295,8.7603,-0.6760,10.8179,8.7259,-0.6795
48.710,map,10.8648,8.7320,-0.6738,10.8529,8.6976,-0.6776
48.810,map,10.9003,8.7037,-0.6718,10.8880,8.6694,-0.6759
48.910,map,10.9355,8.6758,-0.6707,10.9231,8.6413,-0.6745
49.010,map,10.9702,8.6482,-0.6694,10.9583,8.6132,-0.6734
49.110,map,11.0057,8.6202,-0.6683,10.9935,8.5852,-0.6724
49.210,map,11.0410,8.5924,-0.6674,11.0287,8.5572,-0.6716
49.310,map,11.0765,8.5644,-0.6667,11.0639,8.5292,-0.6709
49.410,map,11.1115,8.5369,-0.6661,11.0992,8.5012,-0.6703
49.510,map,11.1467,8.5092,-0.6656,11.1344,8.4733,-0.6698
49.610,map,11.1822,8.4814,-0.6647,11.1697,8.4454,-0.6694
49.710,map,11.2176,8.4537,-0.6644,11.2050,8.4174,-0.6691
49.810,map,11.2529,8.4260,-0.6643,11.2403,8.3895,-0.6688
49.910,map,11.2885,8.3981,-0.6643,11.2756,8.3616,-0.6686
50.010,map,11.3238,8.3705,-0.6643,11.3109,8.3337,-0.6684
50.110,map,11.3594,8.3426,-0.6644,11.3463,8.3059,-0.6682
50.210,map,11.3947,8.3150,-0.6646,11.3816,8.2780,-0.6680
50.310,map,11.4297,8.2875,-0.6643,11.4169,8.2501,-0.6677
50.410,map,11.4652,8.2598,-0.6643,11.4522,8.2222,-0.6675
50.510,map,11.5005,8.2321,-0.6643,11.4876,8.1944,-0.6673
50.610,map,11.5363,8.2041,-0.6641,11.5229,8.1665,-0.6671
50.710,map,11.5715,8.1765,-0.6637,11.5583,8.1387,-0.6669
50.810,map,11.6070,8.1488,-0.6634,11.5937,8.1109,-0.6668
50.910,map,11.6426,8.1210,-0.6636,11.6290,8.0830,-0.6667
51.010,map,11.6777,8.0935,-0.6636,11.6644,8.0552,-0.6666
51.110,map,11.7135,8.0656,-0.6631,11.6998,8.0274,-0.6665
51.210,map,11.7490,8.0378,-0.6633,11.7351,7.9996,-0.6664
51.310,map,11.7845,8.0101,-0.6628,11.7705,7.9718,-0.6663
51.410,map,11.8198,7.9825,-0.6628,11.8059,7.9439,-0.6663
51.510,map,11.8556,7.9546,-0.6628,11.8412,7.9161,-0.6663
51.610,map,11.8912,7.9268,-0.6631,11.8766,7.8883,-0.6663
51.710,map,11.9266,7.8991,-0.6628,11.9120,7.8605,-0.6663
51.810,map,11.9623,7.8713,-0.6627,11.9474,7.8327,-0.6663
51.910,map,11.9978,7.8435,-0.6630,11.9828,7.8049,-0.6662
52.010,map,12.0337,7.8155,-0.6632,12.0181,7.7771,-0.6662
52.110,map,12.0690,7.7880,-0.6631,12.0535,7.7493,-0.6662
52.210,map,12.1043,7.7604,-0.6630,12.0889,7.7215,-0.6661
52.310,map,12.1400,7.7325,-0.6630,12.1243,7.6936,-0.6661
52.410,map,12.1751,7.7051,-0.6632,12.1596,7.6658,-0.6661
52.510,map,12.2106,7.6774,-0.6630,12.1950,7.6380,-0.6660
52.610,map,12.2461,7.6497,-0.6629,12.2304,7.6102,-0.6660
52.710,map,12.2816,7.6219,-0.6630,12.2658,7.5824,-0.6660
52.810,map,12.3171,7.5942,-0.6629,12.3012,7.5546,-0.6659
52.910,map,12.3530,7.5662,-0.6625,12.3366,7.5268,-0.6659
53.010,map,12.3883,7.5386,-0.6622,12.3720,7.4990,-0.6660
53.110,map,12.4237,7.5111,-0.6619,12.4073,7.4712,-0.6660
53.210,map,12.4590,7.4835,-0.6624,12.4427,7.4434,-0.6661
53.310,map,12.4948,7.4556,-0.6624,12.4781,7.4156,-0.6662
53.410,map,12.5304,7.4278,-0.6626,12.5135,7.3878,-0.6663
53.510,map,12.5658,7.4002,-0.6622,12.5488,7.3600,-0.6663
53.610,map,12.6015,7.3724,-0.6622,12.5842,7.3322,-0.6664
53.710,map,12.6371,7.3446,-0.6622,12.6196,7.3043,-0.6665
53.810,map,12.6720,7.3174,-0.6620,12.6550,7.2765,-0.6666
53.910,map,12.7076,7.2897,-0.6619,12.6903,7.2487,-0.6667
54.010,map,12.7431,7.2620,-0.6621,12.7257,7.2209,-0.6668
54.110,map,12.7785,7.2345,-0.6620,12.7610,7.1930,-0.6670
54.210,map,12.8144,7.2064,-0.6623,12.7964,7.1652,-0.6671
54.310,map,12.8500,7.1787,-0.6623,12.8318,7.1374,-0.6672
54.410,map,12.8854,7.1511,-0.6622,12.8671,7.1095,-0.6673
54.510,map,12.9208,7.1235,-0.6626,12.9024,7.0817,-0.6674
54.610,map,12.9562,7.0958,-0.6627,12.9378,7.0538,-0.6675
54.710,map,12.9916,7.0682,-0.6628,12.9731,7.0259,-0.6675
54.810,map,13.0271,7.0405,-0.6632,13.0085,6.9981,-0.6675
54.910,map,13.0626,7.0128,-0.6632,13.0438,6.9702,-0.6675
55.010,map,13.0978,6.9852,-0.6633,13.0792,6.9424,-0.6675
55.110,map,13.1334,6.9574,-0.6633,13.1145,6.9145,-0.6674
55.210,map,13.1687,6.9299,-0.6632,13.1498,6.8867,-0.6673
55.310,map,13.2044,6.9020,-0.6632,13.1852,6.8588,-0.6673
55.410,map,13.2399,6.8742,-0.6635,13.2205,6.8310,-0.6673
55.510,map,13.2752,6.8466,-0.6636,13.2559,6.8031,-0.6672
55.610,map,13.3110,6.8186,-0.6633,13.2912,6.7753,-0.6671
55.710,map,13.3469,6.7906,-0.6634,13.3266,6.7474,-0.6670
55.810,map,13.3824,6.7628,-0.6635,13.3620,6.7196,-0.6669
55.910,map,13.4177,6.7352,-0.6631,13.3973,6.6918,-0.6668
56.010,map,13.4532,6.7075,-0.6632,13.4327,6.6639,-0.6668
56.110,map,13.4886,6.6799,-0.6630,13.4680,6.6361,-0.6667
56.210,map,13.5240,6.6523,-0.6632,13.5034,6.6083,-0.6667
56.310,map,13.5590,6.6249,-0.6633,13.5388,6.5805,-0.6667
56.410,map,13.5945,6.5971,-0.6633,13.5741,6.5526,-0.6666
56.510,map,13.6302,6.5693,-0.6634,13.6095,6.5248,-0.6665
56.610,map,13.6658,6.5414,-0.6636,13.6449,6.4970,-0.6664
56.710,map,13.7013,6.5137,-0.6638,13.6802,6.4692,-0.6663
56.810,map,13.7369,6.4858,-0.6636,13.7156,6.4414,-0.6661
56.910,map,13.7721,6.4583,-0.6635,13.7510,6.4136,-0.6660
57.010,map,13.8077,6.4305,-0.6633,13.7864,6.3858,-0.6659
57.110,map,13.8428,6.4030,-0.6632,13.8218,6.3580,-0.6658
57.210,map,13.8787,6.3750,-0.6633,13.8572,6.3302,-0.6657
57.310,map,13.9142,6.3472,-0.6631,13.8926,6.3024,-0.6656
57.410,map,13.9496,6.3196,-0.6627,13.9280,6.2746,-0.6655
57.510,map,13.9849,6.2921,-0.6623,13.9634,6.2468,-0.6654
57.610,map,14.0201,6.2646,-0.6623,13.9988,6.2190,-0.6654
57.710,map,14.0557,6.2369,-0.6622,14.0342,6.1912,-0.6655
57.810,map,14.0912,6.2092,-0.6624,14.0695,6.1635,-0.6655
57.910,map,14.1260,6.1820,-0.6627,14.1043,6.1362,-0.6656
58.010,map,14.1602,6.1553,-0.6627,14.1382,6.1096,-0.6656
58.110,map,14.1934,6.1294,-0.6629,14.1713,6.0836,-0.6656
58.210,map,14.2257,6.1042,-0.6630,14.2035,6.0583,-0.6655
58.310,map,14.2571,6.0797,-0.6628,14.2349,6.0337,-0.6655
58.410,map,14.2879,6.0556,-0.6626,14.2655,6.0096,-0.6655
58.510,map,14.3180,6.0321,-0.6627,14.2953,5.9862,-0.6654
58.610,map,14.3473,6.0093,-0.6625,14.3244,5.9634,-0.6654
58.710,map,14.3754,5.9874,-0.6626,14.3527,5.9412,-0.6654
58.810,map,14.4032,5.9657,-0.6629,14.3804,5.9195,-0.6654
58.910,map,14.4300,5.9447,-0.6631,14.4073,5.8983,-0.6654
59.010,map,14.4562,5.9243,-0.6632,14.4336,5.8777,-0.6653
59.110,map,14.4817,5.9044,-0.6631,14.4592,5.8576,-0.6652
59.210,map,14.5067,5.8848,-0.6630,14.4841,5.8381,-0.6651
59.310,map,14.5312,5.8657,-0.6629,14.5085,5.8190,-0.6651
59.410,map,14.5551,5.8471,-0.6630,14.5322,5.8004,-0.6650
59.510,map,14.5801,5.8293,-0.6622,14.5553,5.7823,-0.6649
59.610,map,14.6116,5.8129,-0.6594,14.5778,5.7646,-0.6650
59.710,map,14.6336,5.7958,-0.6616,14.5996,5.7475,-0.6671
59.810,map,14.6549,5.7792,-0.6643,14.6208,5.7307,-0.6698
59.910,map,14.6756,5.7629,-0.6668,14.6414,5.7144,-0.6723
60.010,map,14.6957,5.7471,-0.6689,14.6615,5.6984,-0.6745
60.110,map,14.7153,5.7315,-0.6710,14.6810,5.6827,-0.6765
60.210,map,14.7344,5.7163,-0.6729,14.7000,5.6674,-0.6783
60.310,map,14.7529,5.7016,-0.6748,14.7185,5.6525,-0.6800
60.410,map,14.7709,5.6871,-0.6762,14.7365,5.6379,-0.6815
60.510,map,14.7869,5.6743,-0.6764,14.7525,5.6250,-0.6816
60.610,map,14.7989,5.6646,-0.6765,14.7645,5.6152,-0.6816
60.710,map,14.8072,5.6580,-0.6765,14.7727,5.6086,-0.6816
60.810,map,14.8115,5.6545,-0.6765,14.7770,5.6051,-0.6816
60.910,map,14.8122,5.6540,-0.6765,14.7777,5.6045,-0.6816
61.010,map,14.8122,5.6540,-0.6745,14.7777,5.6045,-0.6797
61.110,map,14.8122,5.6540,-0.6596,14.7777,5.6045,-0.6645
61.210,map,14.8122,5.6540,-0.6296,14.7777,5.6045,-0.6344
61.310,map,14.8122,5.6540,-0.5836,14.7777,5.6045,-0.5892
61.410,map,14.8122,5.6540,-0.5228,14.7777,5.6045,-0.5291
61.510,map,14.8122,5.6540,-0.4484,14.7777,5.6045,-0.4539
61.610,map,14.8122,5.6540,-0.3595,14.7777,5.6045,-0.3657
61.710,map,14.8122,5.6540,-0.2673,14.7777,5.6045,-0.2757
61.810,map,14.8122,5.6540,-0.1753,14.7777,5.6045,-0.1857
61.910,map,14.8122,5.6540,-0.0856,14.7777,5.6045,-0.0957
62.010,map,14.8122,5.6540,0.0051,14.7777,5.6045,-0.0057
62.110,map,14.8122,5.6540,0.0941,14.7777,5.6045,0.0843
62.210,map,14.8122,5.6540,0.1847,14.7777,5.6045,0.1743
62.310,map,14.8122,5.6540,0.2749,14.7777,5.6045,0.2643
62.410,map,14.8145,5.6548,0.3635,14.7800,5.6053,0.3543
62.510,map,14.8213,5.6577,0.4493,14.7869,5.6082,0.4396
62.610,map,14.8323,5.6636,0.5206,14.7979,5.6140,0.5125
62.710,map,14.8470,5.6726,0.5810,14.8128,5.6230,0.5737
62.810,map,14.8655,5.6856,0.6327,14.8313,5.6357,0.6252
62.910,map,14.8875,5.7024,0.6757,14.8532,5.6523,0.6686
63.010,map,14.9125,5.7233,0.7125,14.8783,5.6729,0.7052
63.110,map,14.9404,5.7482,0.7434,14.9062,5.6975,0.7364
63.210,map,14.9711,5.7772,0.7699,14.9372,5.7263,0.7627
63.310,map,15.0023,5.8082,0.7923,14.9690,5.7574,0.7850
63.410,map,15.0332,5.8401,0.8114,15.0003,5.7893,0.8039
63.510,map,15.0641,5.8718,0.8257,15.0311,5.8218,0.8202
63.610,map,15.0950,5.9046,0.8381,15.0614,5.8548,0.8342
63.710,map,15.1247,5.9380,0.8503,15.0913,5.8882,0.8465
63.810,map,15.1542,5.9719,0.8604,15.1209,5.9219,0.8571
63.910,map,15.1831,6.0059,0.8697,15.1501,5.9560,0.8662
64.010,map,15.2120,6.0403,0.8772,15.1791,5.9904,0.8740
64.110,map,15.2404,6.0748,0.8835,15.2078,6.0250,0.8806
64.210,map,15.2719,6.1134,0.8898,15.2392,6.0632,0.8870
64.310,map,15.2973,6.1449,0.8940,15.2647,6.0946,0.8913
64.410,map,15.3254,6.1800,0.8981,15.2929,6.1297,0.8956
64.510,map,15.3532,6.2150,0.9016,15.3209,6.1649,0.8993
64.610,map,15.3808,6.2500,0.9048,15.3489,6.2001,0.9024
64.710,map,15.4083,6.2852,0.9077,15.3767,6.2355,0.9051
64.810,map,15.4347,6.3216,0.9131,15.4044,6.2709,0.9074
64.910,map,15.4619,6.3571,0.9152,15.4321,6.3064,0.9091
65.010,map,15.4895,6.3931,0.9162,15.4598,6.3419,0.9101
65.110,map,15.5170,6.4290,0.9173,15.4873,6.3774,0.9110
65.210,map,15.5443,6.4646,0.9177,15.5149,6.4130,0.9118
65.310,map,15.5718,6.5006,0.9187,15.5425,6.4486,0.9124
65.410,map,15.5992,6.5365,0.9192,15.5700,6.4842,0.9130
65.510,map,15.6265,6.5724,0.9198,15.5975,6.5198,0.9135
65.610,map,15.6537,6.6080,0.9200,15.6250,6.5554,0.9139
65.710,map,15.6808,6.6437,0.9203,15.6524,6.5911,0.9143
65.810,map,15.7077,6.6790,0.9211,15.6799,6.6267,0.9146
65.910,map,15.7351,6.7151,0.9216,15.7074,6.6624,0.9148
66.010,map,15.7638,6.7502,0.9187,15.7348,6.6980,0.9150
66.110,map,15.7908,6.7854,0.9190,15.7622,6.7337,0.9154
66.210,map,15.8179,6.8209,0.9195,15.7896,6.7694,0.9161
66.310,map,15.8452,6.8567,0.9201,15.8170,6.8051,0.9167
66.410,map,15.8724,6.8925,0.9208,15.8444,6.8408,0.9172
66.510,map,15.8997,6.9284,0.9217,15.8718,6.8766,0.9177
66.610,map,15.9268,6.9641,0.9219,15.8991,6.9123,0.9180
66.710,map,15.9538,6.9998,0.9222,15.9264,6.9481,0.9183
66.810,map,15.9811,7.0358,0.9228,15.9537,6.9838,0.9185
66.910,map,16.0081,7.0715,0.9228,15.9811,7.0196,0.9187
67.010,map,16.0352,7.1073,0.9233,16.0084,7.0553,0.9188
67.110,map,16.0621,7.1428,0.9235,16.0357,7.0911,0.9189
67.210,map,16.0889,7.1874,0.9240,16.0630,7.1269,0.9190
67.310,map,16.1163,7.2246,0.9239,16.0903,7.1627,0.9186
67.410,map,16.1435,7.2606,0.9235,16.1176,7.1984,0.9181
67.510,map,16.1708,7.2967,0.9229,16.1449,7.2342,0.9175
67.610,map,16.1978,7.3323,0.9222,16.1723,7.2699,0.9170
67.710,map,16.2250,7.3682,0.9219,16.1997,7.3056,0.9166
67.810,map,16.2521,7.4039,0.9216,16.2271,7.3413,0.9162
67.910,map,16.2794,7.4399,0.9213,16.2545,7.3770,0.9159
68.010,map,16.3068,7.4759,0.9208,16.2819,7.4127,0.9157
68.110,map,16.3342,7.5119,0.9210,16.3093,7.4484,0.9154
68.210,map,16.3614,7.5478,0.9209,16.3367,7.4840,0.9152
68.310,map,16.3884,7.5833,0.9209,16.3642,7.5197,0.9150
68.410,map,16.4154,7.6189,0.9210,16.3916,7.5554,0.9147
68.510,map,16.4425,7.6545,0.9207,16.4191,7.5910,0.9145
68.610,map,16.4699,7.6905,0.9206,16.4465,7.6267,0.9142
68.710,map,16.4973,7.7266,0.9207,16.4740,7.6623,0.9140
68.810,map,16.5245,7.7623,0.9199,16.5015,7.6979,0.9137
68.910,map,16.5514,7.7977,0.9199,16.5290,7.7336,0.9135
69.010,map,16.5786,7.8334,0.9179,16.5565,7.7692,0.9114
69.110,map,16.6062,7.8691,0.9102,16.5841,7.8046,0.9040
69.210,map,16.6340,7.9047,0.9033,16.6121,7.8398,0.8973
69.310,map,16.6619,7.9398,0.8973,16.6402,7.8749,0.8914
69.410,map,16.6896,7.9744,0.8924,16.6686,7.9098,0.8863
69.510,map,16.7178,8.0092,0.8880,16.6971,7.9446,0.8818
69.610,map,16.7474,8.0339,0.8809,16.7257,7.9792,0.8778
69.710,map,16.7762,8.0674,0.8784,16.7545,8.0138,0.8752
69.810,map,16.8048,8.1018,0.8770,16.7834,8.0483,0.8737
69.910,map,16.8338,8.1367,0.8756,16.8123,8.0828,0.8724
70.010,map,16.8624,8.1709,0.8744,16.8413,8.1173,0.8712
70.110,map,16.8912,8.2053,0.8715,16.8703,8.1516,0.8683
70.210,map,16.9201,8.2395,0.8682,16.8994,8.1859,0.8648
70.310,map,16.9493,8.2739,0.8664,16.9286,8.2201,0.8627
70.410,map,16.9778,8.3074,0.8630,16.9575,8.2538,0.8589
70.510,map,17.0037,8.3372,0.8463,16.9839,8.2840,0.8418
70.610,map,17.0271,8.3630,0.8147,17.0076,8.3098,0.8098
70.710,map,17.0483,8.3844,0.7670,17.0288,8.3311,0.7627
70.810,map,17.0670,8.4015,0.7053,17.0474,8.3478,0.7007
70.910,map,17.0828,8.4229,0.6321,17.0632,8.3602,0.6276
71.010,map,17.0951,8.4324,0.5690,17.0756,8.3687,0.5657
71.110,map,17.1043,8.4380,0.5155,17.0848,8.3742,0.5116
71.210,map,17.1135,8.4429,0.4668,17.0941,8.3791,0.4628
71.310,map,17.1232,8.4475,0.4216,17.1037,8.3836,0.4170
71.410,map,17.1331,8.4517,0.3780,17.1136,8.3877,0.3738
71.510,map,17.1442,8.4558,0.3394,17.1248,8.3919,0.3358
71.610,map,17.1574,8.4602,0.3072,17.1379,8.3962,0.3038
71.710,map,17.1727,8.4648,0.2801,17.1531,8.4007,0.2770
71.810,map,17.1894,8.4694,0.2579,17.1697,8.4052,0.2544
71.910,map,17.2073,8.4740,0.2388,17.1874,8.4097,0.2354
72.010,map,17.2262,8.4784,0.2231,17.2062,8.4140,0.2193
72.110,map,17.2457,8.4827,0.2094,17.2260,8.4183,0.2057
72.200,map,17.2640,8.4865,0.1987,17.2444,8.4220,0.1953
72.300,map,17.2844,8.4905,0.1888,17.2647,8.4259,0.1854
72.400,map,17.3054,8.4944,0.1806,17.2856,8.4297,0.1771
72.500,map,17.3264,8.4981,0.1734,17.3068,8.4334,0.1699
72.600,map,17.3480,8.5019,0.1673,17.3286,8.4371,0.1639
72.700,map,17.3698,8.5055,0.1623,17.3504,8.4407,0.1589
72.800,map,17.3914,8.5090,0.1581,17.3721,8.4441,0.1546
72.900,map,17.4132,8.5124,0.1545,17.3941,8.4475,0.1510
73.000,map,17.4354,8.5158,0.1513,17.4162,8.4508,0.1479
73.100,map,17.4571,8.5191,0.1487,17.4381,8.4540,0.1453
73.200,map,17.4787,8.5223,0.1465,17.4600,8.4572,0.1431
73.300,map,17.4999,8.5254,0.1447,17.4811,8.4602,0.1412
73.400,map,17.5211,8.5285,0.1431,17.5024,8.4633,0.1397
73.500,map,17.5431,8.5317,0.1417,17.5247,8.4664,0.1383
73.600,map,17.5653,8.5348,0.1406,17.5469,8.4695,0.1372
73.700,map,17.5866,8.5378,0.1396,17.5683,8.4724,0.1362
73.800,map,17.6081,8.5408,0.1387,17.5896,8.4753,0.1354
73.900,map,17.6293,8.5438,0.1379,17.6108,8.4782,0.1347
74.000,map,17.6510,8.5468,0.1374,17.6325,8.4811,0.1342
74.100,map,17.6729,8.5498,0.1369,17.6545,8.4841,0.1337
74.200,map,17.6942,8.5527,0.1364,17.6758,8.4869,0.1334
74.300,map,17.7155,8.5557,0.1362,17.6974,8.4898,0.1330
74.400,map,17.7368,8.5586,0.1359,17.7188,8.4927,0.1328
74.500,map,17.7577,8.5614,0.1356,17.7397,8.4955,0.1325
74.600,map,17.7781,8.5642,0.1355,17.7601,8.4982,0.1324
74.700,map,17.8002,8.5672,0.1353,17.7820,8.5011,0.1322
74.800,map,17.8218,8.5702,0.1353,17.8037,8.5040,0.1321
74.900,map,17.8428,8.5730,0.1352,17.8249,8.5068,0.1319
75.000,map,17.8631,8.5758,0.1350,17.8455,8.5095,0.1318
75.100,map,17.8841,8.5786,0.1350,17.8665,8.5123,0.1317
75.200,map,17.9058,8.5816,0.1348,17.8881,8.5152,0.1316
75.300,map,17.9273,8.5845,0.1347,17.9096,8.5180,0.1315
75.400,map,17.9481,8.5873,0.1346,17.9307,8.5208,0.1315
75.500,map,17.9695,8.5902,0.1345,17.9520,8.5236,0.1315
75.600,map,17.9899,8.5930,0.1344,17.9726,8.5264,0.1315
75.700,map,18.0102,8.5957,0.1344,17.9930,8.5291,0.1314
75.800,map,18.0312,8.5985,0.1345,18.0139,8.5318,0.1314
75.900,map,18.0526,8.6014,0.1345,18.0353,8.5347,0.1314
76.000,map,18.0743,8.6044,0.1344,18.0570,8.5375,0.1314
76.100,map,18.0958,8.6073,0.1346,18.0782,8.5403,0.1314
76.200,map,18.1169,8.6101,0.1345,18.0991,8.5431,0.1314
76.300,map,18.1379,8.6130,0.1345,18.1202,8.5459,0.1314
76.400,map,18.1593,8.6159,0.1344,18.1417,8.5487,0.1314
76.500,map,18.1802,8.6187,0.1344,18.1625,8.5515,0.1314
76.600,map,18.2011,8.6215,0.1343,18.1835,8.5542,0.1314
76.700,map,18.2230,8.6245,0.1345,18.2054,8.5571,0.1314
76.800,map,18.2443,8.6274,0.1346,18.2269,8.5600,0.1314
76.900,map,18.2657,8.6303,0.1346,18.2482,8.5628,0.1314
77.000,map,18.2875,8.6332,0.1345,18.2704,8.5657,0.1313
77.100,map,18.3100,8.6363,0.1345,18.2926,8.5687,0.1313
77.200,map,18.3324,8.6393,0.1343,18.3150,8.5716,0.1313
77.300,map,18.3548,8.6423,0.1343,18.3373,8.5746,0.1313
77.400,map,18.3772,8.6453,0.1341,18.3596,8.5775,0.1313
77.500,map,18.3992,8.6483,0.1341,18.3818,8.5804,0.1314
77.600,map,18.4218,8.6513,0.1341,18.4043,8.5834,0.1314
77.700,map,18.4444,8.6544,0.1342,18.4270,8.5864,0.1315
77.800,map,18.4747,8.6574,0.1343,18.4495,8.5894,0.1315
77.900,map,18.4996,8.6605,0.1346,18.4724,8.5924,0.1316
78.000,map,18.5236,8.6638,0.1345,18.4962,8.5956,0.1316
78.100,map,18.5469,8.6669,0.1346,18.5197,8.5987,0.1317
78.200,map,18.5704,8.6701,0.1346,18.5432,8.6018,0.1318
78.300,map,18.5957,8.6735,0.1346,18.5686,8.6052,0.1318
78.400,map,18.6235,8.6773,0.1347,18.5966,8.6089,0.1319
78.500,map,18.6517,8.6811,0.1347,18.6249,8.6126,0.1319
78.600,map,18.6819,8.6852,0.1347,18.6548,8.6166,0.1319
78.700,map,18.7125,8.6894,0.1349,18.6855,8.6207,0.1320
78.800,map,18.7448,8.6937,0.1350,18.7179,8.6250,0.1320
78.900,map,18.7815,8.6987,0.1349,18.7539,8.6298,0.1320
79.000,map,18.8193,8.7039,0.1351,18.7917,8.6348,0.1320
79.100,map,18.8579,8.7091,0.1352,18.8304,8.6399,0.1320
79.200,map,18.9004,8.7149,0.1356,18.8725,8.6455,0.1320
79.300,map,18.9438,8.7208,0.1352,18.9161,8.6513,0.1319
79.400,map,18.9883,8.7269,0.1352,18.9607,8.6572,0.1318
79.500,map,19.0328,8.7329,0.1350,19.0053,8.6631,0.1318
79.600,map,19.0614,8.7390,0.1351,19.0500,8.6690,0.1318
79.700,map,19.1023,8.7451,0.1347,19.0946,8.6749,0.1316
79.800,map,19.1468,8.7511,0.1345,19.1392,8.6808,0.1314
79.900,map,19.1917,8.7572,0.1344,19.1838,8.6867,0.1313
80.000,map,19.2360,8.7632,0.1343,19.2284,8.6926,0.1311
80.100,map,19.2802,8.7691,0.1344,19.2730,8.6985,0.1310
80.200,map,19.3252,8.7752,0.1347,19.3176,8.7044,0.1308
80.300,map,19.3697,8.7813,0.1344,19.3622,8.7102,0.1307
80.400,map,19.4142,8.7873,0.1342,19.4069,8.7161,0.1305
80.500,map,19.4582,8.7932,0.1341,19.4515,8.7220,0.1303
80.600,map,19.5027,8.7992,0.1338,19.4961,8.7278,0.1302
80.700,map,19.5471,8.8052,0.1339,19.5407,8.7336,0.1301
80.800,map,19.5995,8.8112,0.1339,19.5853,8.7395,0.1301
80.900,map,19.6465,8.8172,0.1337,19.6300,8.7453,0.1300
81.000,map,19.6913,8.8232,0.1336,19.6746,8.7512,0.1301
81.100,map,19.7360,8.8293,0.1336,19.7192,8.7570,0.1302
81.200,map,19.7814,8.8354,0.1337,19.7638,8.7628,0.1303
81.300,map,19.8257,8.8413,0.1336,19.8084,8.7687,0.1304
81.400,map,19.8703,8.8473,0.1336,19.8529,8.7745,0.1305
81.500,map,19.9143,8.8532,0.1336,19.8964,8.7802,0.1306
81.600,map,19.9565,8.8589,0.1338,19.9388,8.7858,0.1307
81.700,map,19.9976,8.8644,0.1337,19.9802,8.7912,0.1308
81.800,map,20.0379,8.8699,0.1339,20.0205,8.7966,0.1309
81.900,map,20.0768,8.8751,0.1339,20.0598,8.8017,0.1310
82.000,map,20.1152,8.8803,0.1339,20.0981,8.8068,0.1311
82.100,map,20.1526,8.8853,0.1339,20.1354,8.8117,0.1312
82.200,map,20.1892,8.8902,0.1342,20.1718,8.8165,0.1313
82.300,map,20.2247,8.8950,0.1343,20.2073,8.8212,0.1313
82.400,map,20.2594,8.8997,0.1344,20.2418,8.8257,0.1314
82.500,map,20.2930,8.9043,0.1343,20.2755,8.8302,0.1314
82.600,map,20.3259,8.9087,0.1341,20.3084,8.8345,0.1314
82.700,map,20.3582,8.9131,0.1340,20.3404,8.8388,0.1315
82.800,map,20.3892,8.9172,0.1339,20.3716,8.8429,0.1316
82.900,map,20.4197,8.9214,0.1340,20.4020,8.8469,0.1317
83.000,map,20.4497,8.9254,0.1340,20.4317,8.8509,0.1318
83.100,map,20.4784,8.9293,0.1343,20.4606,8.8547,0.1319
83.200,map,20.5065,8.9331,0.1343,20.4887,8.8584,0.1320
83.300,map,20.5340,8.9368,0.1345,20.5162,8.8621,0.1321
83.400,map,20.5607,8.9404,0.1346,20.5429,8.8656,0.1321
83.500,map,20.5868,8.9440,0.1349,20.5690,8.8691,0.1322
83.600,map,20.6126,8.9475,0.1349,20.5944,8.8725,0.1322
83.700,map,20.6376,8.9508,0.1349,20.6192,8.8758,0.1322
83.800,map,20.6620,8.9542,0.1348,20.6434,8.8790,0.1321
83.900,map,20.6857,8.9574,0.1347,20.6669,8.8821,0.1321
84.000,map,20.7086,8.9605,0.1347,20.6899,8.8852,0.1321
84.100,map,20.7290,8.9632,0.1346,20.7102,8.8879,0.1321
84.200,map,20.7443,8.9653,0.1346,20.7255,8.8899,0.1321
84.300,map,20.7548,8.9667,0.1345,20.7359,8.8913,0.1321
84.400,map,20.7602,8.9675,0.1346,20.7413,8.8920,0.1321
84.500,map,20.7611,8.9676,0.1345,20.7422,8.8921,0.1321
84.600,map,20.7611,8.9676,0.1365,20.7422,8.8921,0.1341
84.700,map,20.7611,8.9676,0.1517,20.7422,8.8921,0.1492
84.800,map,20.7611,8.9676,0.1818,20.7422,8.8921,0.1794
84.900,map,20.7611,8.9676,0.2276,20.7422,8.8921,0.2245
85.000,map,20.7611,8.9676,0.2877,20.7422,8.8921,0.2847
85.100,map,20.7611,8.9676,0.3631,20.7422,8.8921,0.3598
85.200,map,20.7611,8.9676,0.4509,20.7422,8.8921,0.4480
85.300,map,20.7611,8.9676,0.5408,20.7422,8.8921,0.5380
85.400,map,20.7611,8.9676,0.6305,20.7422,8.8921,0.6280
85.500,map,20.7611,8.9676,0.7200,20.7422,8.8921,0.7180
85.600,map,20.7611,8.9676,0.8100,20.7422,8.8921,0.8080
85.700,map,20.7611,8.9676,0.8989,20.7422,8.8921,0.8980
85.800,map,20.7611,8.9676,0.9891,20.7422,8.8921,0.9880
85.900,map,20.7611,8.9676,1.0777,20.7422,8.8921,1.0780
86.000,map,20.7611,8.9676,1.1668,20.7422,8.8921,1.1680
86.100,map,20.7611,8.9676,1.2576,20.7422,8.8921,1.2580
86.200,map,20.7611,8.9676,1.3477,20.7422,8.8921,1.3480
86.300,map,20.7611,8.9676,1.4372,20.7422,8.8921,1.4380
86.400,map,20.7611,8.9676,1.5267,20.7422,8.8921,1.5280
86.500,map,20.7611,8.9676,1.6168,20.7422,8.8921,1.6180
86.600,map,20.7611,8.9676,1.7065,20.7422,8.8921,1.7080
86.700,map,20.7611,8.9676,1.7973,20.7422,8.8921,1.7980
86.800,map,20.7611,8.9676,1.8874,20.7422,8.8921,1.8880
86.900,map,20.7611,8.9676,1.9756,20.7422,8.8921,1.9780
87.000,map,20.7611,8.9676,2.0650,20.7422,8.8921,2.0680
87.100,map,20.7611,8.9676,2.1551,20.7422,8.8921,2.1580
87.200,map,20.7611,8.9676,2.2457,20.7422,8.8921,2.2480
87.300,map,20.7611,8.9676,2.3363,20.7422,8.8921,2.3380
87.400,map,20.7611,8.9676,2.4272,20.7422,8.8921,2.4280
87.500,map,20.7592,8.9691,2.5168,20.7403,8.8936,2.5180
87.600,map,20.7529,8.9731,2.6038,20.7340,8.8977,2.6038
87.700,map,20.7419,8.9791,2.6788,20.7231,8.9036,2.6776
87.800,map,20.7259,8.9864,2.7397,20.7072,8.9109,2.7394
87.900,map,20.7051,8.9946,2.7916,20.6863,8.9191,2.7911
88.000,map,20.6793,9.0034,2.8349,20.6603,8.9279,2.8346
88.100,map,20.6484,9.0125,2.8714,20.6292,8.9371,2.8714
88.200,map,20.6123,9.0219,2.9021,20.5930,8.9465,2.9026
88.300,map,20.5710,9.0313,2.9286,20.5517,8.9560,2.9291
88.400,map,20.5268,9.0404,2.9509,20.5081,8.9649,2.9517
88.500,map,20.4825,9.0485,2.9701,20.4642,8.9729,2.9711
88.600,map,20.4384,9.0557,2.9867,20.4200,8.9801,2.9877
88.700,map,20.3941,9.0623,3.0011,20.3757,8.9866,3.0019
88.800,map,20.3492,9.0684,3.0131,20.3313,8.9926,3.0140
88.900,map,20.3040,9.0726,3.0259,20.2867,8.9981,3.0244
89.000,map,20.2595,9.0772,3.0349,20.2421,9.0031,3.0331
89.100,map,20.2149,9.0818,3.0420,20.1974,9.0078,3.0402
89.200,map,20.1700,9.0861,3.0481,20.1526,9.0122,3.0463
89.300,map,20.1251,9.0902,3.0532,20.1078,9.0164,3.0516
89.400,map,20.0799,9.0941,3.0580,20.0630,9.0203,3.0561
89.500,map,20.0346,9.0978,3.0617,20.0182,9.0241,3.0599
89.600,map,19.9898,9.1013,3.0648,19.9734,9.0277,3.0632
89.700,map,19.9450,9.1047,3.0677,19.9285,9.0311,3.0660
89.800,map,19.9002,9.1079,3.0702,19.8836,9.0345,3.0685
89.900,map,19.8558,9.1111,3.0720,19.8387,9.0377,3.0706
90.000,map,19.8112,9.1141,3.0740,19.7939,9.0409,3.0724
90.100,map,19.7661,9.1172,3.0754,19.7490,9.0439,3.0740
90.200,map,19.7213,9.1201,3.0766,19.7041,9.0469,3.0754
90.300,map,19.6761,9.1230,3.0775,19.6592,9.0499,3.0766
90.400,map,19.6312,9.1259,3.0785,19.6143,9.0528,3.0777
90.500,map,19.5865,9.1287,3.0797,19.5694,9.0556,3.0786
90.600,map,19.5416,9.1315,3.0804,19.5244,9.0585,3.0794
90.700,map,19.4964,9.1342,3.0813,19.4795,9.0612,3.0800
90.800,map,19.4515,9.1369,3.0813,19.4346,9.0640,3.0804
90.900,map,19.4060,9.1397,3.0818,19.3897,9.0667,3.0807
91.000,map,19.3614,9.1423,3.0820,19.3448,9.0695,3.0810
91.100,map,19.3164,9.1450,3.0823,19.2999,9.0722,3.0812
91.200,map,19.2714,9.1477,3.0827,19.2549,9.0749,3.0814
91.300,map,19.2268,9.1503,3.0828,19.2100,9.0776,3.0815
91.400,map,19.1819,9.1529,3.0829,19.1651,9.0803,3.0817
91.500,map,19.1367,9.1556,3.0830,19.1202,9.0830,3.0818
91.600,map,19.0913,9.1582,3.0830,19.0753,9.0857,3.0819
91.700,map,19.0465,9.1608,3.0834,19.0303,9.0884,3.0820
91.800,map,19.0018,9.1635,3.0835,18.9854,9.0911,3.0820
91.900,map,18.9569,9.1661,3.0834,18.9405,9.0937,3.0821
92.000,map,18.9128,9.1686,3.0838,18.8956,9.0964,3.0821
92.100,map,18.8679,9.1712,3.0842,18.8507,9.0991,3.0821
92.200,map,18.8231,9.1738,3.0842,18.8057,9.1018,3.0821
92.300,map,18.7779,9.1764,3.0842,18.7608,9.1044,3.0820
92.400,map,18.7327,9.1790,3.0841,18.7159,9.1071,3.0819
92.500,map,18.6880,9.1816,3.0842,18.6710,9.1098,3.0818
92.600,map,18.6433,9.1841,3.0841,18.6261,9.1125,3.0818
92.700,map,18.5982,9.1867,3.0839,18.5811,9.1152,3.0817
92.800,map,18.5533,9.1893,3.0839,18.5362,9.1179,3.0816
92.900,map,18.5084,9.1919,3.0840,18.4913,9.1206,3.0816
93.000,map,18.4638,9.1945,3.0840,18.4464,9.1233,3.0815
93.100,map,18.4195,9.1971,3.0815,18.4018,9.1260,3.0795
93.200,map,18.3753,9.2000,3.0690,18.3576,9.1290,3.0672
93.300,map,18.3313,9.2035,3.0560,18.3130,9.1326,3.0545
93.400,map,18.2866,9.2076,3.0447,18.2685,9.1367,3.0433
93.500,map,18.2443,9.2120,3.0292,18.2263,9.1412,3.0280
93.600,map,18.2024,9.2170,3.0123,18.1847,9.1463,3.0107
93.700,map,18.1612,9.2228,2.9903,18.1435,9.1521,2.9889
93.800,map,18.1217,9.2293,2.9674,18.1041,9.1587,2.9655
93.900,map,18.0844,9.2364,2.9422,18.0669,9.1658,2.9402
94.000,map,18.0463,9.2446,2.9188,18.0285,9.1741,2.9168
94.100,map,18.0085,9.2536,2.8935,17.9904,9.1833,2.8920
94.200,map,17.9722,9.2633,2.8695,17.9536,9.1932,2.8676
94.300,map,17.9363,9.2738,2.8453,17.9180,9.2037,2.8432
94.400,map,17.8988,9.2857,2.8223,17.8807,9.2156,2.8202
94.500,map,17.8637,9.2977,2.7995,17.8454,9.2278,2.7972
94.600,map,17.8296,9.3104,2.7697,17.8111,9.2406,2.7676
94.700,map,17.8003,9.3225,2.7251,17.7818,9.2528,2.7229
94.800,map,17.7762,9.3340,2.6660,17.7578,9.2643,2.6635
94.900,map,17.7573,9.3444,2.6066,17.7388,9.2748,2.6036
95.000,map,17.7395,9.3556,2.5554,17.7211,9.2861,2.5525
95.100,map,17.7197,9.3694,2.5122,17.7014,9.2999,2.5094
95.200,map,17.6988,9.3853,2.4756,17.6805,9.3158,2.4731
95.300,map,17.6760,9.4038,2.4449,17.6580,9.3342,2.4425
95.400,map,17.6539,9.4227,2.4189,17.6360,9.3532,2.4168
95.500,map,17.6321,9.4425,2.3972,17.6142,9.3729,2.3950
95.600,map,17.6098,9.4634,2.3788,17.5920,9.3939,2.3767
95.700,map,17.5885,9.4841,2.3630,17.5705,9.4148,2.3611
95.800,map,17.5676,9.5049,2.3497,17.5497,9.4357,2.3479
95.900,map,17.5463,9.5268,2.3387,17.5283,9.4577,2.3367
96.000,map,17.5247,9.5494,2.3291,17.5069,9.4802,2.3272
96.100,map,17.5041,9.5713,2.3210,17.4861,9.5024,2.3192
96.200,map,17.4834,9.5937,2.3141,17.4652,9.5250,2.3123
96.300,map,17.4626,9.6165,2.3085,17.4445,9.5478,2.3066
96.400,map,17.4423,9.6389,2.3034,17.4242,9.5704,2.3017
96.500,map,17.4219,9.6617,2.2992,17.4038,9.5932,2.2975
96.600,map,17.4010,9.6852,2.2958,17.3828,9.6170,2.2940
96.700,map,17.3807,9.7082,2.2928,17.3625,9.6400,2.2910
96.800,map,17.3604,9.7312,2.2905,17.3423,9.6631,2.2885
96.900,map,17.3397,9.7549,2.2883,17.3217,9.6867,2.2863
97.000,map,17.3166,9.7815,2.2861,17.2984,9.7136,2.2843
97.100,map,17.2989,9.8019,2.2846,17.2808,9.7339,2.2829
97.200,map,17.2793,9.8245,2.2832,17.2610,9.7569,2.2816
97.300,map,17.2677,9.8472,2.2824,17.2414,9.7797,2.2806
97.400,map,17.2501,9.8700,2.2817,17.2216,9.8027,2.2798
97.500,map,17.2306,9.8927,2.2811,17.2022,9.8253,2.2793
97.600,map,17.2111,9.9154,2.2808,17.1828,9.8480,2.2788
97.700,map,17.1919,9.9377,2.2805,17.1637,9.8704,2.2785
97.800,map,17.1725,9.9603,2.2803,17.1444,9.8930,2.2782
97.900,map,17.1527,9.9833,2.2799,17.1246,9.9160,2.2779
98.000,map,17.1327,10.0067,2.2794,17.1047,9.9394,2.2776
98.100,map,17.1126,10.0302,2.2792,17.0846,9.9629,2.2775
98.200,map,17.0923,10.0538,2.2790,17.0643,9.9866,2.2773
98.300,map,17.0722,10.0773,2.2789,17.0442,10.0102,2.2772
98.400,map,17.0524,10.1004,2.2786,17.0245,10.0333,2.2771
98.500,map,17.0323,10.1239,2.2786,17.0043,10.0570,2.2771
98.600,map,17.0116,10.1482,2.2788,16.9837,10.0811,2.2770
98.700,map,16.9907,10.1725,2.2786,16.9632,10.1052,2.2770
98.800,map,16.9702,10.1965,2.2785,16.9425,10.1294,2.2769
98.900,map,16.9480,10.2225,2.2784,16.9204,10.1553,2.2769
99.000,map,16.9252,10.2490,2.2784,16.8979,10.1818,2.2769
99.100,map,16.8922,10.2772,2.2802,16.8737,10.2102,2.2769
99.200,map,16.8653,10.3060,2.2802,16.8489,10.2392,2.2765
99.300,map,16.8397,10.3359,2.2796,16.8233,10.2693,2.2758
99.400,map,16.8125,10.3676,2.2789,16.7963,10.3011,2.2751
99.500,map,16.7849,10.3997,2.2791,16.7689,10.3334,2.2745
99.600,map,16.7559,10.4337,2.2786,16.7398,10.3676,2.2740
99.700,map,16.7266,10.4679,2.2781,16.7107,10.4019,2.2735
99.800,map,16.6977,10.5017,2.2776,16.6817,10.4363,2.2730
99.900,map,16.6683,10.5362,2.2770,16.6526,10.4706,2.2726
100.000,map,16.6389,10.5706,2.2768,16.6236,10.5050,2.2723
100.100,map,16.6096,10.6050,2.2768,16.5945,10.5394,2.2720
100.200,map,16.5805,10.6392,2.2762,16.5655,10.5738,2.2717
100.300,map,16.5513,10.6735,2.2758,16.5365,10.6082,2.2715
100.400,map,16.5222,10.7077,2.2757,16.5075,10.6426,2.2713
100.500,map,16.4935,10.7429,2.2736,16.4785,10.6770,2.2712
100.600,map,16.4645,10.7772,2.2737,16.4495,10.7114,2.2714
100.700,map,16.4353,10.8117,2.2739,16.4204,10.7458,2.2717
100.800,map,16.4063,10.8459,2.2737,16.3914,10.7802,2.2719
100.900,map,16.3768,10.8807,2.2738,16.3624,10.8145,2.2722
101.000,map,16.3447,10.9186,2.2743,16.3304,10.8523,2.2724
101.100,map,16.3185,10.9495,2.2743,16.3043,10.8833,2.2726
101.200,map,16.2896,10.9834,2.2746,16.2752,10.9176,2.2728
101.300,map,16.2608,11.0175,2.2744,16.2462,10.9520,2.2729
101.400,map,16.2318,11.0516,2.2745,16.2171,10.9864,2.2731
101.500,map,16.2026,11.0860,2.2746,16.1880,11.0207,2.2732
101.600,map,16.1736,11.1245,2.2749,16.1590,11.0550,2.2734
101.700,map,16.1446,11.1597,2.2752,16.1299,11.0894,2.2737
101.800,map,16.1153,11.1940,2.2757,16.1008,11.1237,2.2740
101.900,map,16.0861,11.2284,2.2761,16.0717,11.1580,2.2743
102.000,map,16.0572,11.2623,2.2766,16.0426,11.1923,2.2746
102.100,map,16.0284,11.2961,2.2765,16.0134,11.2267,2.2748
102.200,map,15.9992,11.3303,2.2769,15.9843,11.2610,2.2749
102.300,map,15.9700,11.3646,2.2767,15.9552,11.2952,2.2751
102.400,map,15.9407,11.3990,2.2767,15.9260,11.3295,2.2753
102.500,map,15.9115,11.4332,2.2767,15.8969,11.3638,2.2754
102.600,map,15.8826,11.4672,2.2764,15.8677,11.3981,2.2756
102.700,map,15.8535,11.5013,2.2768,15.8386,11.4324,2.2758
102.800,map,15.8197,11.5313,2.2785,15.8094,11.4666,2.2760
102.900,map,15.7893,11.5645,2.2786,15.7803,11.5009,2.2756
103.000,map,15.7599,11.5989,2.2775,15.7511,11.5352,2.2746
103.100,map,15.7308,11.6330,2.2768,15.7222,11.5694,2.2736
103.200,map,15.7024,11.6664,2.2760,15.6939,11.6028,2.2728
103.300,map,15.6750,11.6985,2.2754,15.6664,11.6353,2.2720
103.400,map,15.6479,11.7304,2.2747,15.6396,11.6671,2.2713
103.500,map,15.6216,11.7694,2.2741,15.6135,11.6981,2.2706
103.600,map,15.5961,11.8015,2.2738,15.5881,11.7282,2.2706
103.700,map,15.5711,11.8310,2.2743,15.5634,11.7575,2.2710
103.800,map,15.5466,11.8599,2.2748,15.5394,11.7860,2.2715
103.900,map,15.5230,11.8877,2.2749,15.5159,11.8138,2.2720
104.000,map,15.5000,11.9148,2.2754,15.4930,11.8409,2.2724
104.100,map,15.4776,11.9411,2.2757,15.4707,11.8673,2.2728
104.200,map,15.4558,11.9668,2.2760,15.4490,11.8930,2.2731
104.300,map,15.4347,11.9915,2.2763,15.4278,11.9181,2.2734
104.400,map,15.4140,12.0158,2.2764,15.4071,11.9425,2.2737
104.500,map,15.3937,12.0396,2.2767,15.3869,11.9663,2.2740
104.600,map,15.3740,12.0628,2.2768,15.3672,11.9895,2.2742
104.700,map,15.3548,12.0852,2.2770,15.3480,12.0121,2.2745
104.800,map,15.3360,12.1073,2.2770,15.3293,12.0341,2.2747
104.900,map,15.3176,12.1289,2.2772,15.3111,12.0556,2.2749
105.000,map,15.2997,12.1499,2.2774,15.2933,12.0765,2.2751
105.100,map,15.2824,12.1701,2.2774,15.2760,12.0969,2.2753
105.200,map,15.2654,12.1900,2.2774,15.2591,12.1168,2.2755
105.300,map,15.2490,12.2092,2.2776,15.2426,12.1362,2.2757
105.400,map,15.2328,12.2282,2.2780,15.2266,12.1551,2.2759
105.500,map,15.2171,12.2465,2.2783,15.2109,12.1735,2.2761
105.600,map,15.2017,12.2646,2.2783,15.1956,12.1914,2.2762
105.700,map,15.1868,12.2820,2.2785,15.1807,12.2089,2.2763
105.800,map,15.1736,12.2973,2.2783,15.1676,12.2243,2.2763
105.900,map,15.1636,12.3091,2.2783,15.1577,12.2360,2.2763
106.000,map,15.1570,12.3168,2.2783,15.1510,12.2438,2.2763
106.100,map,15.1536,12.3208,2.2783,15.1475,12.2479,2.2763
106.200,map,15.1531,12.3214,2.2783,15.1470,12.2485,2.2763
106.300,map,15.1531,12.3214,2.2783,15.1470,12.2485,2.2763
106.400,map,15.1531,12.3214,2.2783,15.1470,12.2485,2.2763
106.500,map,15.1531,12.3214,2.2803,15.1470,12.2485,2.2783
106.600,map,15.1531,12.3214,2.2952,15.1470,12.2485,2.2934
106.700,map,15.1531,12.3214,2.3254,15.1470,12.2485,2.3236
106.800,map,15.1531,12.3214,2.3706,15.1470,12.2485,2.3687
106.900,map,15.1531,12.3214,2.4315,15.1470,12.2485,2.4289
107.000,map,15.1531,12.3214,2.5063,15.1470,12.2485,2.5040
107.100,map,15.1531,12.3214,2.5948,15.1470,12.2485,2.5922
107.200,map,15.1531,12.3214,2.6853,15.1470,12.2485,2.6822
107.300,map,15.1531,12.3214,2.7754,15.1470,12.2485,2.7722
107.400,map,15.1531,12.3214,2.8645,15.1470,12.2485,2.8622
107.500,map,15.1531,12.3214,2.9555,15.1470,12.2485,2.9522
107.600,map,15.1531,12.3214,3.0463,15.1470,12.2485,3.0422
107.700,map,15.1531,12.3214,3.1360,15.1470,12.2485,3.1322
107.800,map,15.1525,12.3214,-3.0571,15.1464,12.2484,-3.0609
107.900,map,15.1476,12.3207,-2.9671,15.1415,12.2478,-2.9713
108.000,map,15.1379,12.3185,-2.8847,15.1318,12.2456,-2.8895
108.100,map,15.1237,12.3142,-2.8164,15.1175,12.2414,-2.8207
108.200,map,15.1048,12.3072,-2.7591,15.0987,12.2345,-2.7633
108.300,map,15.0820,12.2973,-2.7111,15.0758,12.2247,-2.7152
108.400,map,15.0550,12.2842,-2.6703,15.0488,12.2117,-2.6749
108.500,map,15.0239,12.2677,-2.6364,15.0179,12.1954,-2.6410
108.600,map,14.9893,12.2478,-2.6079,14.9831,12.1757,-2.6125
108.700,map,14.9516,12.2249,-2.5835,14.9454,12.1531,-2.5886
108.800,map,14.9141,12.2010,-2.5634,14.9077,12.1292,-2.5684
108.900,map,14.8766,12.1760,-2.5464,14.8704,12.1047,-2.5513
109.000,map,14.8395,12.1505,-2.5322,14.8333,12.0795,-2.5368
109.100,map,14.8026,12.1244,-2.5197,14.7966,12.0537,-2.5245
109.200,map,14.7651,12.0990,-2.5119,14.7601,12.0275,-2.5140
109.300,map,14.7286,12.0726,-2.5032,14.7239,12.0010,-2.5050
109.400,map,14.6928,12.0457,-2.4947,14.6879,11.9741,-2.4963
109.500,map,14.6574,12.0188,-2.4861,14.6521,11.9470,-2.4879
109.600,map,14.6221,11.9915,-2.4807,14.6165,11.9195,-2.4822
109.700,map,14.5867,11.9638,-2.4761,14.5810,11.8919,-2.4777
109.800,map,14.5515,11.9361,-2.4722,14.5456,11.8641,-2.4739
109.900,map,14.5162,11.9080,-2.4685,14.5103,11.8362,-2.4707
110.000,map,14.4812,11.8800,-2.4658,14.4751,11.8081,-2.4680
110.100,map,14.4463,11.8520,-2.4634,14.4400,11.7800,-2.4658
110.200,map,14.4112,11.8236,-2.4617,14.4049,11.7519,-2.4639
110.300,map,14.3759,11.7951,-2.4603,14.3699,11.7236,-2.4624
110.400,map,14.3408,11.7666,-2.4588,14.3349,11.6953,-2.4610
110.500,map,14.3060,11.7382,-2.4577,14.3000,11.6670,-2.4598
110.600,map,14.2715,11.7101,-2.4565,14.2650,11.6386,-2.4589
110.700,map,14.2365,11.6815,-2.4556,14.2301,11.6102,-2.4580
110.800,map,14.2017,11.6530,-2.4549,14.1952,11.5818,-2.4574
110.900,map,14.1671,11.6245,-2.4545,14.1604,11.5533,-2.4569
111.000,map,14.1322,11.5959,-2.4541,14.1255,11.5249,-2.4564
111.100,map,14.0976,11.5675,-2.4537,14.0907,11.4964,-2.4560
111.200,map,14.0630,11.5391,-2.4533,14.0559,11.4679,-2.4556
111.300,map,14.0282,11.5104,-2.4525,14.0211,11.4394,-2.4553
111.400,map,13.9934,11.4817,-2.4524,13.9862,11.4108,-2.4551
111.500,map,13.9583,11.4528,-2.4521,13.9514,11.3823,-2.4549
111.600,map,13.9236,11.4242,-2.4517,13.9166,11.3538,-2.4548
111.700,map,13.8886,11.3953,-2.4517,13.8818,11.3253,-2.4547
111.800,map,13.8540,11.3668,-2.4516,13.8470,11.2967,-2.4547
111.900,map,13.8192,11.3380,-2.4513,13.8123,11.2682,-2.4546
112.000,map,13.7847,11.3095,-2.4514,13.7775,11.2396,-2.4546
112.100,map,13.7501,11.2810,-2.4517,13.7427,11.2111,-2.4546
112.200,map,13.7151,11.2521,-2.4516,13.7079,11.1826,-2.4546
112.300,map,13.6808,11.2238,-2.4518,13.6731,11.1540,-2.4546
112.400,map,13.6455,11.1947,-2.4520,13.6383,11.1255,-2.4545
112.500,map,13.6111,11.1663,-2.4519,13.6035,11.0969,-2.4545
112.600,map,13.5764,11.1377,-2.4525,13.5687,11.0684,-2.4546
112.700,map,13.5420,11.1094,-2.4527,13.5339,11.0399,-2.4546
112.800,map,13.5075,11.0810,-2.4526,13.4991,11.0113,-2.4546
112.900,map,13.4727,11.0523,-2.4528,13.4643,10.9828,-2.4545
113.000,map,13.4377,11.0235,-2.4532,13.4296,10.9542,-2.4545
113.100,map,13.4029,10.9949,-2.4529,13.3948,10.9257,-2.4544
113.200,map,13.3683,10.9664,-2.4526,13.3600,10.8971,-2.4543
113.300,map,13.3335,10.9377,-2.4528,13.3252,10.8686,-2.4543
113.400,map,13.2988,10.9091,-2.4525,13.2904,10.8400,-2.4542
113.500,map,13.2640,10.8805,-2.4522,13.2556,10.8115,-2.4542
113.600,map,13.2289,10.8515,-2.4522,13.2209,10.7829,-2.4543
113.700,map,13.1943,10.8230,-2.4523,13.1861,10.7544,-2.4543
113.800,map,13.1592,10.7941,-2.4522,13.1513,10.7258,-2.4543
113.900,map,13.1242,10.7652,-2.4522,13.1165,10.6973,-2.4544
114.000,map,13.0893,10.7250,-2.4524,13.0817,10.6687,-2.4544
114.100,map,13.0544,10.6934,-2.4526,13.0469,10.6402,-2.4546
114.200,map,13.0195,10.6647,-2.4531,13.0121,10.6117,-2.4549
114.300,map,12.9849,10.6362,-2.4531,12.9773,10.5831,-2.4551
114.400,map,12.9502,10.6077,-2.4532,12.9425,10.5546,-2.4554
114.500,map,12.9152,10.5789,-2.4534,12.9077,10.5261,-2.4556
114.600,map,12.8805,10.5504,-2.4538,12.8729,10.4976,-2.4558
114.700,map,12.8455,10.5216,-2.4537,12.8380,10.4691,-2.4559
114.800,map,12.8107,10.4931,-2.4539,12.8032,10.4406,-2.4561
114.900,map,12.7764,10.4649,-2.4540,12.7684,10.4121,-2.4562
115.000,map,12.7415,10.4362,-2.4543,12.7335,10.3836,-2.4563
115.100,map,12.7066,10.4076,-2.4545,12.6987,10.3552,-2.4564
115.200,map,12.6721,10.3749,-2.4532,12.6639,10.3267,-2.4564
115.300,map,12.6374,10.3452,-2.4527,12.6290,10.2982,-2.4566
115.400,map,12.6023,10.3163,-2.4532,12.5942,10.2698,-2.4570
115.500,map,12.5675,10.2877,-2.4538,12.5593,10.2413,-2.4575
115.600,map,12.5325,10.2590,-2.4545,12.5244,10.2129,-2.4583
115.700,map,12.4979,10.2306,-2.4552,12.4895,10.1845,-2.4589
115.800,map,12.4632,10.2022,-2.4557,12.4546,10.1561,-2.4596
115.900,map,12.4284,10.1737,-2.4561,12.4196,10.1277,-2.4601
116.000,map,12.3937,10.1454,-2.4567,12.3847,10.0994,-2.4605
116.100,map,12.3589,10.1170,-2.4568,12.3497,10.0711,-2.4609
116.200,map,12.3242,10.0886,-2.4575,12.3147,10.0428,-2.4613
116.300,map,12.2892,10.0600,-2.4575,12.2798,10.0145,-2.4615
116.400,map,12.2501,10.0317,-2.4575,12.2448,9.9862,-2.4618
116.500,map,12.2139,10.0031,-2.4575,12.2098,9.9579,-2.4620
116.600,map,12.1793,9.9749,-2.4579,12.1748,9.9296,-2.4621
116.700,map,12.1446,9.9466,-2.4579,12.1398,9.9013,-2.4621
116.800,map,12.1098,9.9183,-2.4577,12.1047,9.8731,-2.4622
116.900,map,12.0747,9.8896,-2.4578,12.0697,9.8448,-2.4623
117.000,map,12.0399,9.8613,-2.4580,12.0347,9.8165,-2.4623
117.100,map,12.0050,9.8328,-2.4577,11.9997,9.7882,-2.4624
117.200,map,11.9700,9.8044,-2.4581,11.9647,9.7600,-2.4625
117.300,map,11.9348,9.7757,-2.4582,11.9297,9.7317,-2.4625
117.400,map,11.8999,9.7472,-2.4584,11.8947,9.7034,-2.4626
117.500,map,11.8648,9.7187,-2.4585,11.8596,9.6752,-2.4626
117.600,map,11.8297,9.6901,-2.4585,11.8246,9.6469,-2.4625
117.700,map,11.7949,9.6618,-2.4585,11.7896,9.6187,-2.4625
117.800,map,11.7598,9.6333,-2.4584,11.7546,9.5904,-2.4625
117.900,map,11.7250,9.6049,-2.4580,11.7196,9.5621,-2.4624
118.000,map,11.6900,9.5764,-2.4584,11.6846,9.5339,-2.4625
118.100,map,11.6555,9.5484,-2.4585,11.6495,9.5056,-2.4625
118.200,map,11.6209,9.5201,-2.4584,11.6145,9.4773,-2.4625
118.300,map,11.5859,9.4917,-2.4581,11.5795,9.4491,-2.4624
118.400,map,11.5514,9.4635,-2.4580,11.5445,9.4208,-2.4625
118.500,map,11.5164,9.4350,-2.4582,11.5095,9.3925,-2.4625
118.600,map,11.4814,9.4065,-2.4577,11.4745,9.3643,-2.4621
118.700,map,11.4465,9.3780,-2.4572,11.4395,9.3360,-2.4617
118.800,map,11.4073,9.3495,-2.4569,11.4045,9.3077,-2.4613
118.900,map,11.3716,9.3211,-2.4568,11.3695,9.2794,-2.4609
119.000,map,11.3367,9.2926,-2.4563,11.3345,9.2511,-2.4605
119.100,map,11.3015,9.2638,-2.4558,11.2996,9.2227,-2.4601
119.200,map,11.2662,9.2349,-2.4556,11.2646,9.1944,-2.4598
119.300,map,11.2314,9.2064,-2.4554,11.2297,9.1660,-2.4595
119.400,map,11.1967,9.1780,-2.4553,11.1948,9.1376,-2.4593
119.500,map,11.1618,9.1495,-2.4553,11.1599,9.1092,-2.4590
119.600,map,11.1270,9.1209,-2.4552,11.1249,9.0809,-2.4588
119.700,map,11.0927,9.0928,-2.4551,11.0900,9.0525,-2.4586
119.800,map,11.0577,9.0641,-2.4544,11.0551,9.0240,-2.4583
119.900,map,11.0229,9.0356,-2.4542,11.0202,8.9956,-2.4582
120.000,map,10.9915,9.0066,-2.4538,10.9853,8.9672,-2.4581
120.100,map,10.9576,8.9780,-2.4540,10.9505,8.9388,-2.4581
120.200,map,10.9232,8.9497,-2.4539,10.9156,8.9104,-2.4583
120.300,map,10.8888,8.9214,-2.4539,10.8807,8.8820,-2.4584
120.400,map,10.8539,8.8928,-2.4542,10.8458,8.8536,-2.4585
120.500,map,10.8189,8.8641,-2.4544,10.8109,8.8252,-2.4586
120.600,map,10.7845,8.8358,-2.4545,10.7759,8.7968,-2.4587
120.700,map,10.7498,8.8073,-2.4542,10.7410,8.7684,-2.4587
120.800,map,10.7151,8.7789,-2.4541,10.7061,8.7400,-2.4588
120.900,map,10.6804,8.7503,-2.4545,10.6712,8.7116,-2.4589
121.000,map,10.6452,8.7215,-2.4544,10.6363,8.6832,-2.4590
121.100,map,10.6102,8.6927,-2.4546,10.6014,8.6548,-2.4591
121.200,map,10.5751,8.6602,-2.4549,10.5665,8.6264,-2.4591
121.300,map,10.5400,8.6305,-2.4547,10.5315,8.5981,-2.4592
121.400,map,10.5054,8.6021,-2.4546,10.4966,8.5697,-2.4595
121.500,map,10.4707,8.5736,-2.4547,10.4617,8.5413,-2.4598
121.600,map,10.4359,8.5451,-2.4553,10.4267,8.5130,-2.4602
121.700,map,10.4015,8.5169,-2.4557,10.3918,8.4846,-2.4610
121.800,map,10.3666,8.4884,-2.4564,10.3568,8.4563,-2.4616
121.900,map,10.3316,8.4598,-2.4573,10.3218,8.4280,-2.4622
122.000,map,10.2969,8.4315,-2.4577,10.2868,8.3998,-2.4627
122.100,map,10.2617,8.4028,-2.4584,10.2517,8.3715,-2.4631
122.200,map,10.2270,8.3746,-2.4589,10.2167,8.3433,-2.4635
122.300,map,10.1922,8.3463,-2.4596,10.1817,8.3151,-2.4637
122.400,map,10.1535,8.3183,-2.4598,10.1466,8.2869,-2.4639
122.500,map,10.1177,8.2901,-2.4599,10.1115,8.2586,-2.4639
122.600,map,10.0823,8.2614,-2.4597,10.0765,8.2304,-2.4637
122.700,map,10.0472,8.2329,-2.4595,10.0414,8.2022,-2.4635
122.800,map,10.0126,8.2048,-2.4595,10.0064,8.1740,-2.4634
122.900,map,9.9775,8.1763,-2.4590,9.9714,8.1457,-2.4632
123.000,map,9.9425,8.1479,-2.4591,9.9363,8.1175,-2.4631
123.100,map,9.9076,8.1195,-2.4588,9.9013,8.0892,-2.4629
123.200,map,9.8726,8.0910,-2.4589,9.8663,8.0610,-2.4629
123.300,map,9.8379,8.0628,-2.4587,9.8312,8.0327,-2.4628
123.400,map,9.8032,8.0346,-2.4586,9.7962,8.0045,-2.4627
123.500,map,9.7684,8.0063,-2.4587,9.7612,7.9762,-2.4626
123.600,map,9.7338,7.9781,-2.4585,9.7262,7.9480,-2.4626
123.700,map,9.6989,7.9497,-2.4585,9.6912,7.9197,-2.4625
123.800,map,9.6640,7.9213,-2.4583,9.6561,7.8914,-2.4625
123.900,map,9.6291,7.8929,-2.4585,9.6211,7.8632,-2.4625
124.000,map,9.5939,7.8642,-2.4582,9.5861,7.8349,-2.4624
124.100,map,9.5591,7.8359,-2.4578,9.5511,7.8066,-2.4624
124.200,map,9.5244,7.8076,-2.4578,9.5161,7.7784,-2.4625
124.300,map,9.4899,7.7795,-2.4599,9.4815,7.7505,-2.4645
124.400,map,9.4583,7.7542,-2.4753,9.4499,7.7254,-2.4798
124.500,map,9.4272,7.7304,-2.5052,9.4185,7.7016,-2.5100
124.600,map,9.3949,7.7076,-2.5505,9.3859,7.6788,-2.5553
124.700,map,9.3606,7.6860,-2.6102,9.3515,7.6574,-2.6150
124.800,map,9.3244,7.6662,-2.6700,9.3150,7.6376,-2.6744
124.900,map,9.2864,7.6480,-2.7195,9.2766,7.6195,-2.7252
125.000,map,9.2470,7.6314,-2.7627,9.2367,7.6029,-2.7682
125.100,map,9.2058,7.6159,-2.7997,9.1957,7.5877,-2.8049
125.200,map,9.1642,7.6018,-2.8305,9.1539,7.5739,-2.8361
125.300,map,9.1221,7.5889,-2.8568,9.1115,7.5611,-2.8625
125.400,map,9.0791,7.5768,-2.8793,9.0686,7.5494,-2.8851
125.500,map,9.0357,7.5657,-2.8991,9.0253,7.5385,-2.9044
125.600,map,8.9925,7.5561,-2.9170,8.9818,7.5283,-2.9208
125.700,map,8.9490,7.5467,-2.9313,8.9380,7.5188,-2.9347
125.800,map,8.9053,7.5376,-2.9432,8.8940,7.5099,-2.9463
125.900,map,8.8609,7.5289,-2.9534,8.8499,7.5014,-2.9562
126.000,map,8.8162,7.5206,-2.9620,8.8057,7.4933,-2.9645
126.100,map,8.7719,7.5128,-2.9698,8.7615,7.4855,-2.9717
126.200,map,8.7271,7.5051,-2.9757,8.7171,7.4781,-2.9777
126.300,map,8.6828,7.4978,-2.9808,8.6727,7.4708,-2.9828
126.400,map,8.6383,7.4907,-2.9854,8.6283,7.4638,-2.9871
126.500,map,8.5937,7.4838,-2.9889,8.5838,7.4570,-2.9908
126.600,map,8.5491,7.4770,-2.9919,8.5393,7.4503,-2.9940
126.700,map,8.5053,7.4704,-2.9947,8.4948,7.4438,-2.9967
126.800,map,8.4649,7.4627,-2.9942,8.4503,7.4373,-2.9991
126.900,map,8.4209,7.4557,-2.9957,8.4058,7.4310,-3.0014
127.000,map,8.3764,7.4492,-2.9980,8.3612,7.4247,-3.0038
127.100,map,8.3320,7.4428,-3.0001,8.3166,7.4186,-3.0058
127.200,map,8.2876,7.4365,-3.0019,8.2720,7.4126,-3.0076
127.300,map,8.2430,7.4303,-3.0033,8.2274,7.4066,-3.0091
127.400,map,8.1981,7.4241,-3.0050,8.1828,7.4007,-3.0104
127.500,map,8.1528,7.4179,-3.0061,8.1382,7.3948,-3.0115
127.600,map,8.1081,7.4118,-3.0072,8.0936,7.3890,-3.0124
127.700,map,8.0633,7.4058,-3.0079,8.0490,7.3832,-3.0131
127.800,map,8.0188,7.3998,-3.0085,8.0043,7.3775,-3.0138
127.900,map,7.9744,7.3939,-3.0090,7.9597,7.3717,-3.0143
128.000,map,7.9297,7.3842,-3.0091,7.9151,7.3660,-3.0148
128.100,map,7.8853,7.3774,-3.0102,7.8704,7.3603,-3.0154
128.200,map,7.8409,7.3716,-3.0113,7.8258,7.3547,-3.0160
128.300,map,7.7964,7.3658,-3.0116,7.7811,7.3491,-3.0166
128.400,map,7.7517,7.3599,-3.0118,7.7365,7.3435,-3.0170
128.500,map,7.7072,7.3541,-3.0125,7.6918,7.3379,-3.0174
128.600,map,7.6625,7.3483,-3.0128,7.6472,7.3323,-3.0177
128.700,map,7.6180,7.3426,-3.0130,7.6025,7.3268,-3.0180
128.800,map,7.5735,7.3368,-3.0136,7.5579,7.3212,-3.0182
128.900,map,7.5289,7.3311,-3.0136,7.5132,7.3157,-3.0184
129.000,map,7.4844,7.3254,-3.0135,7.4685,7.3102,-3.0186
129.100,map,7.4399,7.3196,-3.0132,7.4239,7.3047,-3.0187
129.200,map,7.3953,7.3139,-3.0138,7.3792,7.2991,-3.0189
129.300,map,7.3463,7.3089,-3.0155,7.3346,7.2936,-3.0191
129.400,map,7.3004,7.3034,-3.0157,7.2899,7.2881,-3.0190
129.500,map,7.2556,7.2977,-3.0155,7.2452,7.2826,-3.0187
129.600,map,7.2109,7.2920,-3.0149,7.2006,7.2771,-3.0184
129.700,map,7.1666,7.2864,-3.0144,7.1559,7.2716,-3.0182
129.800,map,7.1221,7.2807,-3.0144,7.1113,7.2660,-3.0181
129.900,map,7.0774,7.2750,-3.0145,7.0666,7.2605,-3.0179
130.000,map,7.0324,7.2692,-3.0142,7.0219,7.2549,-3.0178
130.100,map,6.9878,7.2635,-3.0137,6.9773,7.2494,-3.0177
130.200,map,6.9431,7.2577,-3.0138,6.9326,7.2438,-3.0177
130.300,map,6.8987,7.2520,-3.0138,6.8880,7.2382,-3.0176
130.400,map,6.8538,7.2463,-3.0139,6.8433,7.2327,-3.0176
130.500,map,6.8084,7.2404,-3.0138,6.7987,7.2271,-3.0176
130.600,map,6.7638,7.2347,-3.0137,6.7540,7.2215,-3.0175
130.700,map,6.7189,7.2289,-3.0143,6.7094,7.2160,-3.0181
130.800,map,6.6743,7.2232,-3.0156,6.6647,7.2105,-3.0197
130.900,map,6.6294,7.2176,-3.0167,6.6200,7.2050,-3.0212
131.000,map,6.5850,7.2120,-3.0183,6.5754,7.1997,-3.0225
131.100,map,6.5414,7.2067,-3.0193,6.5307,7.1943,-3.0237
131.200,map,6.4967,7.2012,-3.0207,6.4860,7.1891,-3.0247
131.300,map,6.4518,7.1958,-3.0216,6.4413,7.1838,-3.0256
131.400,map,6.4065,7.1902,-3.0153,6.3967,7.1786,-3.0193
131.500,map,6.3627,7.1844,-3.0042,6.3522,7.1728,-3.0083
131.600,map,6.3187,7.1781,-2.9942,6.3077,7.1666,-2.9984
131.700,map,6.2743,7.1713,-2.9859,6.2633,7.1600,-2.9897
131.800,map,6.2324,7.1644,-2.9698,6.2213,7.1533,-2.9736
131.900,map,6.1958,7.1576,-2.9389,6.1845,7.1466,-2.9426
132.000,map,6.1642,7.1504,-2.8924,6.1528,7.1395,-2.8965
132.100,map,6.1377,7.1429,-2.8360,6.1263,7.1321,-2.8405
132.200,map,6.1165,7.1356,-2.7824,6.1050,7.1249,-2.7868
132.300,map,6.0991,7.1286,-2.7367,6.0877,7.1180,-2.7404
132.400,map,6.0799,7.1198,-2.6979,6.0684,7.1093,-2.7012
132.500,map,6.0588,7.1094,-2.6647,6.0473,7.0989,-2.6680
132.600,map,6.0370,7.0977,-2.6367,6.0253,7.0872,-2.6399
132.700,map,6.0143,7.0848,-2.6132,6.0026,7.0744,-2.6161
132.800,map,5.9903,7.0704,-2.5928,5.9784,7.0600,-2.5958
132.900,map,5.9653,7.0548,-2.5757,5.9532,7.0444,-2.5786
133.000,map,5.9375,7.0407,-2.5608,5.9281,7.0283,-2.5640
133.100,map,5.9090,7.0264,-2.5480,5.9025,7.0114,-2.5514
133.200,map,5.8830,7.0087,-2.5371,5.8764,6.9937,-2.5405
133.300,map,5.8566,6.9903,-2.5277,5.8503,6.9756,-2.5311
133.400,map,5.8296,6.9711,-2.5197,5.8232,6.9565,-2.5230
133.500,map,5.8027,6.9516,-2.5127,5.7962,6.9371,-2.5162
133.600,map,5.7763,6.9323,-2.5069,5.7698,6.9179,-2.5104
133.700,map,5.7503,6.9131,-2.5023,5.7436,6.8987,-2.5054
133.800,map,5.7262,6.8950,-2.4901,5.7195,6.8807,-2.4931
133.900,map,5.7065,6.8796,-2.4626,5.6998,6.8654,-2.4657
134.000,map,5.6904,6.8660,-2.4237,5.6835,6.8518,-2.4268
134.100,map,5.6740,6.8512,-2.3887,5.6673,6.8372,-2.3913
134.200,map,5.6575,6.8353,-2.3584,5.6507,6.8213,-2.3613
134.300,map,5.6409,6.8183,-2.3334,5.6340,6.8043,-2.3360
134.400,map,5.6233,6.7994,-2.3119,5.6165,6.7856,-2.3147
134.500,map,5.6067,6.7810,-2.2941,5.5999,6.7673,-2.2967
134.600,map,5.5906,6.7625,-2.2789,5.5839,6.7490,-2.2815
134.700,map,5.5746,6.7435,-2.2662,5.5677,6.7300,-2.2687
134.800,map,5.5574,6.7227,-2.2551,5.5507,6.7094,-2.2578
134.900,map,5.5409,6.7023,-2.2458,5.5342,6.6891,-2.2486
135.000,map,5.5251,6.6823,-2.2381,5.5182,6.6690,-2.2409
135.100,map,5.5080,6.6605,-2.2318,5.5010,6.6472,-2.2343
135.200,map,5.4915,6.6391,-2.2259,5.4846,6.6260,-2.2287
135.300,map,5.4763,6.6192,-2.2213,5.4694,6.6063,-2.2241
135.400,map,5.4607,6.5987,-2.2177,5.4538,6.5858,-2.2201
135.500,map,5.4459,6.5790,-2.2147,5.4390,6.5662,-2.2167
135.600,map,5.4309,6.5590,-2.2118,5.4239,6.5462,-2.2138
135.700,map,5.4157,6.5385,-2.2096,5.4087,6.5259,-2.2113
135.800,map,5.4002,6.5177,-2.2076,5.3932,6.5051,-2.2092
135.900,map,5.3842,6.4960,-2.2059,5.3773,6.4835,-2.2074
136.000,map,5.3691,6.4755,-2.2042,5.3623,6.4633,-2.2058
136.100,map,5.3540,6.4548,-2.2028,5.3472,6.4426,-2.2044
136.200,map,5.3388,6.4340,-2.2017,5.3318,6.4217,-2.2033
136.300,map,5.3247,6.4147,-2.2007,5.3175,6.4022,-2.2024
136.400,map,5.3101,6.3947,-2.2000,5.3029,6.3822,-2.2016
136.500,map,5.2945,6.3732,-2.1994,5.2872,6.3607,-2.2010
136.600,map,5.2795,6.3526,-2.1988,5.2722,6.3401,-2.2004
136.700,map,5.2646,6.3320,-2.1984,5.2572,6.3196,-2.1999
136.800,map,5.2500,6.3120,-2.1980,5.2425,6.2994,-2.1995
136.900,map,5.2356,6.2921,-2.1976,5.2280,6.2794,-2.1992
137.000,map,5.2206,6.2714,-2.1973,5.2130,6.2588,-2.1988
137.100,map,5.2060,6.2511,-2.1971,5.1982,6.2383,-2.1986
137.200,map,5.1912,6.2307,-2.1969,5.1834,6.2179,-2.1984
137.300,map,5.1761,6.1998,-2.1966,5.1682,6.1970,-2.1982
137.400,map,5.1606,6.1784,-2.1967,5.1526,6.1755,-2.1982
137.500,map,5.1448,6.1565,-2.1966,5.1369,6.1538,-2.1983
137.600,map,5.1294,6.1352,-2.1965,5.1214,6.1325,-2.1983
137.700,map,5.1140,6.1139,-2.1967,5.1059,6.1111,-2.1984
137.800,map,5.0985,6.0925,-2.1967,5.0905,6.0898,-2.1984
137.900,map,5.0833,6.0714,-2.1966,5.0752,6.0687,-2.1985
138.000,map,5.0682,6.0505,-2.1965,5.0599,6.0476,-2.1985
138.100,map,5.0525,6.0288,-2.1966,5.0440,6.0258,-2.1986
138.200,map,5.0364,6.0066,-2.1968,5.0278,6.0035,-2.1986
138.300,map,5.0201,5.9840,-2.1969,5.0113,5.9808,-2.1987
138.400,map,5.0033,5.9608,-2.1969,4.9945,5.9576,-2.1987
138.500,map,4.9862,5.9372,-2.1969,4.9774,5.9340,-2.1987
138.600,map,4.9685,5.9127,-2.1968,4.9596,5.9095,-2.1987
138.700,map,4.9500,5.8871,-2.1968,4.9410,5.8839,-2.1987
138.800,map,4.9313,5.8613,-2.1970,4.9221,5.8579,-2.1988
138.900,map,4.9113,5.8336,-2.1967,4.9021,5.8303,-2.1988
139.000,map,4.8904,5.8047,-2.1968,4.8812,5.8015,-2.1988
139.100,map,4.8682,5.7739,-2.1967,4.8590,5.7709,-2.1989
139.200,map,4.8367,5.7417,-2.1966,4.8357,5.7389,-2.1989
139.300,map,4.8109,5.7085,-2.1967,4.8115,5.7056,-2.1988
139.400,map,4.7870,5.6754,-2.1964,4.7874,5.6723,-2.1985
139.500,map,4.7608,5.6392,-2.1964,4.7612,5.6362,-2.1983
139.600,map,4.7344,5.6026,-2.1963,4.7348,5.5998,-2.1981
139.700,map,4.7082,5.5664,-2.1959,4.7084,5.5633,-2.1979
139.800,map,4.6820,5.5300,-2.1960,4.6820,5.5269,-2.1977
139.900,map,4.6560,5.4940,-2.1957,4.6556,5.4905,-2.1975
140.000,map,4.6296,5.4574,-2.1954,4.6292,5.4540,-2.1974
140.100,map,4.6033,5.4209,-2.1954,4.6028,5.4176,-2.1973
140.200,map,4.5771,5.3845,-2.1950,4.5764,5.3811,-2.1972
140.300,map,4.5508,5.3480,-2.1950,4.5500,5.3446,-2.1972
140.400,map,4.5247,5.3118,-2.1948,4.5237,5.3082,-2.1972
140.500,map,4.4981,5.2748,-2.1949,4.4973,5.2717,-2.1972
140.600,map,4.4716,5.2380,-2.1948,4.4709,5.2353,-2.1972
140.700,map,4.4451,5.2012,-2.1948,4.4445,5.1988,-2.1972
140.800,map,4.4190,5.1649,-2.1950,4.4181,5.1624,-2.1972
140.900,map,4.3924,5.1281,-2.1950,4.3918,5.1259,-2.1972
141.000,map,4.3664,5.0920,-2.1947,4.3654,5.0894,-2.1972
141.100,map,4.3403,5.0556,-2.1945,4.3390,5.0530,-2.1972
141.200,map,4.3139,5.0190,-2.1943,4.3126,5.0165,-2.1972
141.300,map,4.2876,4.9823,-2.1948,4.2862,4.9801,-2.1973
141.400,map,4.2611,4.9456,-2.1950,4.2599,4.9436,-2.1974
141.500,map,4.2349,4.9092,-2.1949,4.2335,4.9072,-2.1974
141.600,map,4.2087,4.8728,-2.1951,4.2071,4.8707,-2.1974
141.700,map,4.1823,4.8363,-2.1952,4.1807,4.8343,-2.1974
141.800,map,4.1561,4.8044,-2.1953,4.1543,4.7978,-2.1973
141.900,map,4.1297,4.7732,-2.1954,4.1279,4.7614,-2.1972
142.000,map,4.1037,4.7371,-2.1953,4.1016,4.7249,-2.1968
142.100,map,4.0746,4.6968,-2.1950,4.0726,4.6848,-2.1964
142.200,map,4.0511,4.6641,-2.1946,4.0488,4.6519,-2.1961
142.300,map,4.0245,4.6271,-2.1950,4.0225,4.6155,-2.1957
142.400,map,3.9984,4.5910,-2.1950,3.9962,4.5790,-2.1954
142.500,map,3.9720,4.5542,-2.1948,3.9699,4.5425,-2.1951
142.600,map,3.9459,4.5181,-2.1944,3.9436,4.5059,-2.1947
142.700,map,3.9200,4.4820,-2.1940,3.9173,4.4694,-2.1944
142.800,map,3.8936,4.4452,-2.1935,3.8910,4.4329,-2.1942
142.900,map,3.8672,4.4085,-2.1934,3.8648,4.3963,-2.1940
143.000,map,3.8411,4.3721,-2.1935,3.8385,4.3598,-2.1938
143.100,map,3.8154,4.3328,-2.1922,3.8122,4.3232,-2.1937
143.200,map,3.7902,4.2881,-2.1900,3.7860,4.2867,-2.1937
143.300,map,3.7641,4.2515,-2.1906,3.7597,4.2502,-2.1943
143.400,map,3.7381,4.2151,-2.1917,3.7334,4.2136,-2.1952
143.500,map,3.7119,4.1785,-2.1927,3.7071,4.1771,-2.1958
143.600,map,3.6857,4.1420,-2.1931,3.6808,4.1407,-2.1964
143.700,map,3.6594,4.1054,-2.1934,3.6544,4.1042,-2.1969
143.800,map,3.6334,4.0691,-2.1940,3.6280,4.0677,-2.1973
143.900,map,3.6070,4.0325,-2.1950,3.6017,4.0313,-2.1977
144.000,map,3.5810,3.9963,-2.1952,3.5753,3.9948,-2.1979
144.100,map,3.5547,3.9598,-2.1955,3.5488,3.9584,-2.1981
144.200,map,3.5282,3.9232,-2.1957,3.5224,3.9220,-2.1983
144.300,map,3.5018,3.8865,-2.1958,3.4960,3.8855,-2.1985
144.400,map,3.4756,3.8503,-2.1961,3.4696,3.8491,-2.1986
144.500,map,3.4491,3.8143,-2.1965,3.4431,3.8127,-2.1987
144.600,map,3.4226,3.7775,-2.1965,3.4167,3.7763,-2.1986
144.700,map,3.3961,3.7408,-2.1961,3.3903,3.7399,-2.1986
144.800,map,3.3699,3.7045,-2.1960,3.3638,3.7035,-2.1986
144.900,map,3.3436,3.6682,-2.1963,3.3374,3.6670,-2.1987
145.000,map,3.3174,3.6319,-2.1963,3.3110,3.6306,-2.1987
145.100,map,3.2910,3.5952,-2.1964,3.2845,3.5942,-2.1987
145.200,map,3.2646,3.5587,-2.1961,3.2581,3.5578,-2.1986
145.300,map,3.2383,3.5223,-2.1960,3.2317,3.5214,-2.1986
145.400,map,3.2119,3.4857,-2.1959,3.2052,3.4849,-2.1987
145.500,map,3.1857,3.4494,-2.1957,3.1788,3.4485,-2.1987
145.600,map,3.1593,3.4129,-2.1959,3.1526,3.4124,-2.1988
145.700,map,3.1338,3.3775,-2.1958,3.1270,3.3772,-2.1989
145.800,map,3.1090,3.3431,-2.1956,3.1021,3.3428,-2.1989
145.900,map,3.0847,3.3094,-2.1955,3.0777,3.3094,-2.1991
146.000,map,3.0611,3.2767,-2.1958,3.0540,3.2767,-2.1992
146.100,map,3.0384,3.2452,-2.1959,3.0309,3.2449,-2.1993
146.200,map,3.0159,3.2141,-2.1959,3.0084,3.2139,-2.1994
146.300,map,2.9943,3.1840,-2.1959,2.9864,3.1837,-2.1995
146.400,map,2.9726,3.1541,-2.1960,2.9650,3.1543,-2.1996
146.500,map,2.9520,3.1255,-2.1961,2.9441,3.1256,-2.1996
146.600,map,2.9317,3.0973,-2.1962,2.9238,3.0976,-2.1997
146.700,map,2.9118,3.0698,-2.1962,2.9039,3.0703,-2.1998
146.800,map,2.8925,3.0431,-2.1962,2.8846,3.0437,-2.1998
146.900,map,2.8737,3.0170,-2.1962,2.8658,3.0178,-2.1999
147.000,map,2.8554,2.9918,-2.1964,2.8474,2.9926,-2.2000
147.100,map,2.8373,2.9667,-2.1963,2.8295,2.9680,-2.2000
147.200,map,2.8199,2.9426,-2.1965,2.8120,2.9440,-2.2000
147.300,map,2.8031,2.9194,-2.1964,2.7950,2.9206,-2.2001
147.400,map,2.7867,2.8966,-2.1962,2.7784,2.8978,-2.2001
147.500,map,2.7706,2.8744,-2.1966,2.7622,2.8756,-2.2002
147.600,map,2.7547,2.8524,-2.1967,2.7464,2.8539,-2.2002
147.700,map,2.7394,2.8312,-2.1968,2.7311,2.8328,-2.2002
147.800,map,2.7244,2.8104,-2.1968,2.7161,2.8122,-2.2002
147.900,map,2.7100,2.7906,-2.1969,2.7015,2.7922,-2.2002
148.000,map,2.6959,2.7710,-2.1970,2.6872,2.7726,-2.2002
148.100,map,2.6821,2.7520,-2.1970,2.6734,2.7536,-2.2001
148.200,map,2.6686,2.7333,-2.1970,2.6598,2.7350,-2.2001
148.300,map,2.6567,2.7167,-2.1890,2.6479,2.7185,-2.1924
148.400,map,2.6479,2.7041,-2.1667,2.6391,2.7060,-2.1697
148.500,map,2.6422,2.6954,-2.1291,2.6334,2.6974,-2.1320
148.600,map,2.6395,2.6909,-2.0759,2.6307,2.6928,-2.0793
148.700,map,2.6391,2.6901,-2.0075,2.6303,2.6921,-2.0116
148.800,map,2.6391,2.6901,-1.9242,2.6303,2.6921,-1.9289
148.900,map,2.6391,2.6901,-1.8343,2.6303,2.6921,-1.8389
149.000,map,2.6391,2.6901,-1.7452,2.6303,2.6921,-1.7489
149.100,map,2.6391,2.6901,-1.6549,2.6303,2.6921,-1.6589
149.200,map,2.6391,2.6901,-1.5657,2.6303,2.6921,-1.5689
149.300,map,2.6391,2.6901,-1.4780,2.6303,2.6921,-1.4789
149.400,map,2.6391,2.6901,-1.3872,2.6303,2.6921,-1.3889
149.500,map,2.6391,2.6901,-1.2965,2.6303,2.6921,-1.2989
149.600,map,2.6391,2.6901,-1.2080,2.6303,2.6921,-1.2089
149.700,map,2.6391,2.6901,-1.1172,2.6303,2.6921,-1.1189
149.800,map,2.6391,2.6901,-1.0275,2.6303,2.6921,-1.0289
149.900,map,2.6391,2.6901,-0.9360,2.6303,2.6921,-0.9389
150.000,map,2.6391,2.6901,-0.8467,2.6303,2.6921,-0.8489
150.100,map,2.6391,2.6901,-0.7570,2.6303,2.6921,-0.7589
150.200,map,2.6391,2.6901,-0.6681,2.6303,2.6921,-0.6689
150.300,map,2.6391,2.6901,-0.5785,2.6303,2.6921,-0.5789
150.400,map,2.6391,2.6901,-0.4881,2.6303,2.6921,-0.4901
150.500,map,2.6391,2.6901,-0.4089,2.6303,2.6921,-0.4105
150.600,map,2.6391,2.6901,-0.3423,2.6303,2.6921,-0.3440
150.700,map,2.6391,2.6901,-0.2862,2.6303,2.6921,-0.2884
150.800,map,2.6391,2.6901,-0.2405,2.6303,2.6921,-0.2422
150.900,map,2.6391,2.6901,-0.2020,2.6303,2.6921,-0.2035
151.000,map,2.6391,2.6901,-0.1691,2.6303,2.6921,-0.1710
151.100,map,2.6391,2.6901,-0.1421,2.6303,2.6921,-0.1439
151.200,map,2.6391,2.6901,-0.1205,2.6303,2.6921,-0.1223
151.300,map,2.6391,2.6901,-0.1122,2.6303,2.6921,-0.1142
151.400,map,2.6391,2.6901,-0.1122,2.6303,2.6921,-0.1141
151.500,map,2.6391,2.6901,-0.1122,2.6303,2.6921,-0.1141
151.600,map,2.6391,2.6901,-0.1122,2.6303,2.6921,-0.1141
151.700,map,2.6391,2.6901,-0.1122,2.6303,2.6921,-0.1141
151.800,map,2.6391,2.6901,-0.1122,2.6303,2.6921,-0.1141
151.900,map,2.6391,2.6901,-0.1122,2.6303,2.6921,-0.1141
152.000,map,2.6391,2.6901,-0.1122,2.6303,2.6921,-0.1141
152.100,map,2.6391,2.6901,-0.1122,2.6303,2.6921,-0.1141
152.200,map,2.6391,2.6901,-0.1122,2.6303,2.6921,-0.1141
152.300,map,2.6391,2.6901,-0.1122,2.6303,2.6921,-0.1141
152.400,map,2.6391,2.6901,-0.1122,2.6303,2.6921,-0.1141
152.500,map,2.6391,2.6901,-0.1122,2.6303,2.6921,-0.1141
152.600,map,2.6391,2.6901,-0.1122,2.6303,2.6921,-0.1141
152.700,map,2.6391,2.6901,-0.1122,2.6303,2.6921,-0.1141
152.800,map,2.6391,2.6901,-0.1122,2.6303,2.6921,-0.1141
152.900,map,2.6391,2.6901,-0.1122,2.6303,2.6921,-0.1141
153.000,map,2.6391,2.6901,-0.1122,2.6303,2.6921,-0.1141
153.100,map,2.6391,2.6901,-0.1122,2.6303,2.6921,-0.1141
153.200,map,2.6391,2.6901,-0.1122,2.6303,2.6921,-0.1141
153.300,map,2.6391,2.6901,-0.1122,2.6303,2.6921,-0.1141
153.400,map,2.6391,2.6901,-0.1122,2.6303,2.6921,-0.1141
153.500,map,2.6391,2.6901,-0.1122,2.6303,2.6921,-0.1141
153.600,map,2.6391,2.6901,-0.1122,2.6303,2.6921,-0.1141
153.700,map,2.6391,2.6901,-0.1122,2.6303,2.6921,-0.1141
153.800,map,2.6391,2.6901,-0.1122,2.6303,2.6921,-0.1141
153.900,map,2.6391,2.6901,-0.1122,2.6303,2.6921,-0.1141
154.000,map,2.6391,2.6901,-0.1122,2.6303,2.6921,-0.1141
154.100,map,2.6391,2.6901,-0.1122,2.6303,2.6921,-0.1141
154.200,map,2.6391,2.6901,-0.1122,2.6303,2.6921,-0.1141
154.300,map,2.6391,2.6901,-0.1122,2.6303,2.6921,-0.1141
154.400,map,2.6391,2.6901,-0.1122,2.6303,2.6921,-0.1141
154.500,map,2.6391,2.6901,-0.1122,2.6303,2.6921,-0.1141
154.600,map,2.6391,2.6901,-0.1122,2.6303,2.6921,-0.1141
154.700,map,2.6391,2.6901,-0.1122,2.6303,2.6921,-0.1141
154.800,map,2.6391,2.6901,-0.1122,2.6303,2.6921,-0.1141
154.900,map,2.6391,2.6901,-0.1122,2.6303,2.6921,-0.1141
155.000,map,2.6391,2.6901,-0.1122,2.6303,2.6921,-0.1141
155.100,map,2.6391,2.6901,-0.1122,2.6303,2.6921,-0.1141
155.200,map,2.6391,2.6901,-0.1122,2.6303,2.6921,-0.1141
155.300,map,2.6391,2.6901,-0.1122,2.6303,2.6921,-0.1141
155.400,map,2.6391,2.6901,-0.1122,2.6303,2.6921,-0.1141
155.500,map,2.6391,2.6901,-0.1122,2.6303,2.6921,-0.1141
155.600,map,2.6391,2.6901,-0.1122,2.6303,2.6921,-0.1141
155.700,map,2.6391,2.6901,-0.1122,2.6303,2.6921,-0.1141
155.800,map,2.6391,2.6901,-0.1122,2.6303,2.6921,-0.1141
155.900,map,2.6391,2.6901,-0.1122,2.6303,2.6921,-0.1141
156.000,map,2.6391,2.6901,-0.1122,2.6303,2.6921,-0.1141
156.100,map,2.6391,2.6901,-0.1122,2.6303,2.6921,-0.1141
156.200,map,2.6391,2.6901,-0.1122,2.6303,2.6921,-0.1141
156.300,map,2.6391,2.6901,-0.1122,2.6303,2.6921,-0.1141
156.400,map,2.6391,2.6901,-0.1122,2.6303,2.6921,-0.1141
156.500,map,2.6391,2.6901,-0.1122,2.6303,2.6921,-0.1141
156.600,map,2.6391,2.6901,-0.1122,2.6303,2.6921,-0.1141
156.700,map,2.6391,2.6901,-0.1122,2.6303,2.6921,-0.1141
156.800,map,2.6391,2.6901,-0.1122,2.6303,2.6921,-0.1141
156.900,map,2.6391,2.6901,-0.1122,2.6303,2.6921,-0.1141
157.000,map,2.6391,2.6901,-0.1122,2.6303,2.6921,-0.1141
157.100,map,2.6391,2.6901,-0.1122,2.6303,2.6921,-0.1141
157.200,map,2.6391,2.6901,-0.1122,2.6303,2.6921,-0.1141
157.300,map,2.6391,2.6901,-0.1122,2.6303,2.6921,-0.1141
157.400,map,2.6391,2.6901,-0.1122,2.6303,2.6921,-0.1141
157.500,map,2.6391,2.6901,-0.1122,2.6303,2.6921,-0.1141
157.600,map,2.6391,2.6901,-0.1122,2.6303,2.6921,-0.1141
157.700,map,2.6391,2.6901,-0.1122,2.6303,2.6921,-0.1141
157.800,map,2.6391,2.6901,-0.1122,2.6303,2.6921,-0.1141
157.900,map,2.6391,2.6901,-0.1122,2.6303,2.6921,-0.1141
158.000,map,2.6391,2.6901,-0.1122,2.6303,2.6921,-0.1141
158.100,map,2.6391,2.6901,-0.1122,2.6303,2.6921,-0.1141
158.200,map,2.6391,2.6901,-0.1122,2.6303,2.6921,-0.1141
158.300,map,2.6391,2.6901,-0.1122,2.6303,2.6921,-0.1141
158.400,map,2.6391,2.6901,-0.1122,2.6303,2.6921,-0.1141
158.500,map,2.6391,2.6901,-0.1122,2.6303,2.6921,-0.1141
158.600,map,2.6391,2.6901,-0.1122,2.6303,2.6921,-0.1141
158.700,map,2.6391,2.6901,-0.1122,2.6303,2.6921,-0.1141
158.800,map,2.6391,2.6901,-0.1122,2.6303,2.6921,-0.1141
158.900,map,2.6391,2.6901,-0.1122,2.6303,2.6921,-0.1141
159.000,map,2.6391,2.6901,-0.1122,2.6303,2.6921,-0.1141
159.100,map,2.6391,2.6901,-0.1122,2.6303,2.6921,-0.1141
159.200,map,2.6391,2.6901,-0.1122,2.6303,2.6921,-0.1141
159.300,map,2.6391,2.6901,-0.1122,2.6303,2.6921,-0.1141
159.400,map,2.6391,2.6901,-0.1122,2.6303,2.6921,-0.1141
159.510,map,2.6391,2.6901,-0.1122,2.6303,2.6921,-0.1141
159.610,map,2.6391,2.6901,-0.1122,2.6303,2.6921,-0.1141
159.710,map,2.6391,2.6901,-0.1122,2.6303,2.6921,-0.1141
159.810,map,2.6391,2.6901,-0.1122,2.6303,2.6921,-0.1141
159.910,map,2.6391,2.6901,-0.1122,2.6303,2.6921,-0.1141
160.010,map,2.6391,2.6901,-0.1122,2.6303,2.6921,-0.1141
160.110,map,2.6391,2.6901,-0.1122,2.6303,2.6921,-0.1141
160.210,map,2.6391,2.6901,-0.1122,2.6303,2.6921,-0.1141
160.310,map,2.6391,2.6901,-0.1122,2.6303,2.6921,-0.1141
160.410,map,2.6391,2.6901,-0.1122,2.6303,2.6921,-0.1141
160.510,map,2.6391,2.6901,-0.1122,2.6303,2.6921,-0.1141
160.610,map,2.6391,2.6901,-0.1122,2.6303,2.6921,-0.1141
160.710,map,2.6391,2.6901,-0.1122,2.6303,2.6921,-0.1141
160.810,map,2.6391,2.6901,-0.1122,2.6303,2.6921,-0.1141
160.910,map,2.6391,2.6901,-0.1122,2.6303,2.6921,-0.1141
161.010,map,2.6391,2.6901,-0.1122,2.6303,2.6921,-0.1141
161.110,map,2.6391,2.6901,-0.1122,2.6303,2.6921,-0.1141
161.210,map,2.6391,2.6901,-0.1122,2.6303,2.6921,-0.1141
161.310,map,2.6391,2.6901,-0.1122,2.6303,2.6921,-0.1141
161.410,map,2.6391,2.6901,-0.1122,2.6303,2.6921,-0.1141
161.510,map,2.6391,2.6901,-0.1122,2.6303,2.6921,-0.1141
161.610,map,2.6391,2.6901,-0.1122,2.6303,2.6921,-0.1141
161.710,map,2.6391,2.6901,-0.1122,2.6303,2.6921,-0.1141
161.810,map,2.6391,2.6901,-0.1122,2.6303,2.6921,-0.1141
161.910,map,2.6391,2.6901,-0.1122,2.6303,2.6921,-0.1141
162.010,map,2.6391,2.6901,-0.1122,2.6303,2.6921,-0.1141
162.110,map,2.6391,2.6901,-0.1122,2.6303,2.6921,-0.1141
162.210,map,2.6391,2.6901,-0.1122,2.6303,2.6921,-0.1141
162.310,map,2.6391,2.6901,-0.1122,2.6303,2.6921,-0.1141
162.410,map,2.6391,2.6901,-0.1122,2.6303,2.6921,-0.1141
162.510,map,2.6391,2.6901,-0.1122,2.6303,2.6921,-0.1141
162.610,map,2.6391,2.6901,-0.1122,2.6303,2.6921,-0.1141
162.710,map,2.6391,2.6901,-0.1122,2.6303,2.6921,-0.1141
162.810,map,2.6391,2.6901,-0.1122,2.6303,2.6921,-0.1141
162.910,map,2.6391,2.6901,-0.1122,2.6303,2.6921,-0.1141
163.010,map,2.6391,2.6901,-0.1122,2.6303,2.6921,-0.1141
163.110,map,2.6391,2.6901,-0.1122,2.6303,2.6921,-0.1141
163.210,map,2.6391,2.6901,-0.1122,2.6303,2.6921,-0.1141
163.310,map,2.6391,2.6901,-0.1122,2.6303,2.6921,-0.1141
163.410,map,2.6391,2.6901,-0.1122,2.6303,2.6921,-0.1141
163.510,map,2.6391,2.6901,-0.1122,2.6303,2.6921,-0.1141
163.610,map,2.6391,2.6901,-0.1122,2.6303,2.6921,-0.1141
163.710,map,2.6391,2.6901,-0.1122,2.6303,2.6921,-0.1141
163.810,map,2.6391,2.6901,-0.1122,2.6303,2.6921,-0.1141
163.910,map,2.6391,2.6901,-0.1122,2.6303,2.6921,-0.1141
164.010,map,2.6391,2.6901,-0.1122,2.6303,2.6921,-0.1141
164.110,map,2.6391,2.6901,-0.1122,2.6303,2.6921,-0.1141
164.210,map,2.6391,2.6901,-0.1122,2.6303,2.6921,-0.1141
164.310,map,2.6391,2.6901,-0.1122,2.6303,2.6921,-0.1141
164.410,map,2.6391,2.6901,-0.1122,2.6303,2.6921,-0.1141
164.510,map,2.6391,2.6901,-0.1122,2.6303,2.6921,-0.1141
164.610,map,2.6391,2.6901,-0.1122,2.6303,2.6921,-0.1141
164.710,map,2.6391,2.6901,-0.1122,2.6303,2.6921,-0.1141
164.810,map,2.6391,2.6901,-0.1122,2.6303,2.6921,-0.1141
164.910,map,2.6391,2.6901,-0.1122,2.6303,2.6921,-0.1141
165.010,map,2.6391,2.6901,-0.1122,2.6303,2.6921,-0.1141
165.110,map,2.6391,2.6901,-0.1122,2.6303,2.6921,-0.1141
165.210,map,2.6391,2.6901,-0.1122,2.6303,2.6921,-0.1141
165.310,map,2.6391,2.6901,-0.1122,2.6303,2.6921,-0.1141
165.410,map,2.6391,2.6901,-0.1122,2.6303,2.6921,-0.1141
165.510,map,2.6391,2.6901,-0.1122,2.6303,2.6921,-0.1141
165.610,map,2.6391,2.6901,-0.1122,2.6303,2.6921,-0.1141
165.710,map,2.6391,2.6901,-0.1122,2.6303,2.6921,-0.1141
165.810,map,2.6391,2.6901,-0.1122,2.6303,2.6921,-0.1141
165.910,map,2.6391,2.6901,-0.1122,2.6303,2.6921,-0.1141
166.010,map,2.6391,2.6901,-0.1122,2.6303,2.6921,-0.1141
166.110,map,2.6391,2.6901,-0.1122,2.6303,2.6921,-0.1141
166.210,map,2.6391,2.6901,-0.1122,2.6303,2.6921,-0.1141
166.310,map,2.6391,2.6901,-0.1122,2.6303,2.6921,-0.1141
166.410,map,2.6391,2.6901,-0.1122,2.6303,2.6921,-0.1141
166.510,map,2.6391,2.6901,-0.1122,2.6303,2.6921,-0.1141
166.610,map,2.6391,2.6901,-0.1122,2.6303,2.6921,-0.1141
166.710,map,2.6391,2.6901,-0.1122,2.6303,2.6921,-0.1141
166.810,map,2.6391,2.6901,-0.1122,2.6303,2.6921,-0.1141
166.910,map,2.6391,2.6901,-0.1122,2.6303,2.6921,-0.1141
167.010,map,2.6391,2.6901,-0.1122,2.6303,2.6921,-0.1141
167.110,map,2.6391,2.6901,-0.1122,2.6303,2.6921,-0.1141
167.210,map,2.6391,2.6901,-0.1122,2.6303,2.6921,-0.1141
167.310,map,2.6391,2.6901,-0.1122,2.6303,2.6921,-0.1141
167.410,map,2.6391,2.6901,-0.1122,2.6303,2.6921,-0.1141
167.510,map,2.6391,2.6901,-0.1122,2.6303,2.6921,-0.1141
167.610,map,2.6391,2.6901,-0.1122,2.6303,2.6921,-0.1141
167.710,map,2.6391,2.6901,-0.1122,2.6303,2.6921,-0.1141
167.810,map,2.6391,2.6901,-0.1122,2.6303,2.6921,-0.1141
167.910,map,2.6391,2.6901,-0.1122,2.6303,2.6921,-0.1141
168.010,map,2.6391,2.6901,-0.1122,2.6303,2.6921,-0.1141
168.110,map,2.6391,2.6901,-0.1122,2.6303,2.6921,-0.1141
168.210,map,2.6391,2.6901,-0.1122,2.6303,2.6921,-0.1141
168.310,map,2.6391,2.6901,-0.1122,2.6303,2.6921,-0.1141
168.410,map,2.6391,2.6901,-0.1122,2.6303,2.6921,-0.1141
168.510,map,2.6391,2.6901,-0.1122,2.6303,2.6921,-0.1141
168.610,map,2.6391,2.6901,-0.1122,2.6303,2.6921,-0.1141
168.710,map,2.6391,2.6901,-0.1122,2.6303,2.6921,-0.1141
168.810,map,2.6391,2.6901,-0.1122,2.6303,2.6921,-0.1141
168.910,map,2.6391,2.6901,-0.1122,2.6303,2.6921,-0.1141
169.010,map,2.6391,2.6901,-0.1122,2.6303,2.6921,-0.1141
169.110,map,2.6391,2.6901,-0.1122,2.6303,2.6921,-0.1141
169.210,map,2.6391,2.6901,-0.1122,2.6303,2.6921,-0.1141
169.310,map,2.6391,2.6901,-0.1122,2.6303,2.6921,-0.1141
169.410,map,2.6391,2.6901,-0.1122,2.6303,2.6921,-0.1141
169.510,map,2.6391,2.6901,-0.1122,2.6303,2.6921,-0.1141
169.610,map,2.6391,2.6901,-0.1122,2.6303,2.6921,-0.1141
169.710,map,2.6391,2.6901,-0.1122,2.6303,2.6921,-0.1141
169.810,map,2.6391,2.6901,-0.1122,2.6303,2.6921,-0.1141
169.910,map,2.6391,2.6901,-0.1122,2.6303,2.6921,-0.1141
170.010,map,2.6391,2.6901,-0.1122,2.6303,2.6921,-0.1141
170.110,map,2.6391,2.6901,-0.1122,2.6303,2.6921,-0.1141
170.210,map,2.6391,2.6901,-0.1122,2.6303,2.6921,-0.1141
170.310,map,2.6391,2.6901,-0.1122,2.6303,2.6921,-0.1141
170.410,map,2.6391,2.6901,-0.1122,2.6303,2.6921,-0.1141
170.510,map,2.6391,2.6901,-0.1122,2.6303,2.6921,-0.1141
170.610,map,2.6391,2.6901,-0.1122,2.6303,2.6921,-0.1141
170.710,map,2.6391,2.6901,-0.1122,2.6303,2.6921,-0.1141
170.810,map,2.6391,2.6901,-0.1122,2.6303,2.6921,-0.1141
170.910,map,2.6391,2.6901,-0.1122,2.6303,2.6921,-0.1141
171.010,map,2.6391,2.6901,-0.1122,2.6303,2.6921,-0.1141
171.110,map,2.6391,2.6901,-0.1122,2.6303,2.6921,-0.1141
171.210,map,2.6391,2.6901,-0.1122,2.6303,2.6921,-0.1141
171.310,map,2.6391,2.6901,-0.1122,2.6303,2.6921,-0.1141
171.410,map,2.6391,2.6901,-0.1122,2.6303,2.6921,-0.1141
171.510,map,2.6391,2.6901,-0.1122,2.6303,2.6921,-0.1141
171.610,map,2.6391,2.6901,-0.1122,2.6303,2.6921,-0.1141
171.710,map,2.6391,2.6901,-0.1122,2.6303,2.6921,-0.1141
171.810,map,2.6391,2.6901,-0.1122,2.6303,2.6921,-0.1141
171.910,map,2.6391,2.6901,-0.1122,2.6303,2.6921,-0.1141
172.010,map,2.6391,2.6901,-0.1122,2.6303,2.6921,-0.1141
172.110,map,2.6391,2.6901,-0.1122,2.6303,2.6921,-0.1141
172.210,map,2.6391,2.6901,-0.1122,2.6303,2.6921,-0.1141
172.310,map,2.6391,2.6901,-0.1122,2.6303,2.6921,-0.1141
172.410,map,2.6391,2.6901,-0.1122,2.6303,2.6921,-0.1141
172.510,map,2.6391,2.6901,-0.1122,2.6303,2.6921,-0.1141
172.610,map,2.6391,2.6901,-0.1122,2.6303,2.6921,-0.1141
172.710,map,2.6391,2.6901,-0.1122,2.6303,2.6921,-0.1141
172.810,map,2.6391,2.6901,-0.1122,2.6303,2.6921,-0.1141
172.910,map,2.6391,2.6901,-0.1122,2.6303,2.6921,-0.1141
173.010,map,2.6391,2.6901,-0.1122,2.6303,2.6921,-0.1141
173.110,map,2.6391,2.6901,-0.1122,2.6303,2.6921,-0.1141
173.210,map,2.6391,2.6901,-0.1122,2.6303,2.6921,-0.1141
173.310,map,2.6391,2.6901,-0.1122,2.6303,2.6921,-0.1141
173.410,map,2.6391,2.6901,-0.1122,2.6303,2.6921,-0.1141
173.510,map,2.6391,2.6901,-0.1122,2.6303,2.6921,-0.1141
173.610,map,2.6391,2.6901,-0.1122,2.6303,2.6921,-0.1141
173.710,map,2.6391,2.6901,-0.1122,2.6303,2.6921,-0.1141
173.810,map,2.6391,2.6901,-0.1122,2.6303,2.6921,-0.1141
173.910,map,2.6391,2.6901,-0.1122,2.6303,2.6921,-0.1141
174.010,map,2.6391,2.6901,-0.1122,2.6303,2.6921,-0.1141
174.110,map,2.6391,2.6901,-0.1122,2.6303,2.6921,-0.1141
174.210,map,2.6391,2.6901,-0.1122,2.6303,2.6921,-0.1141
174.310,map,2.6391,2.6901,-0.1122,2.6303,2.6921,-0.1141
174.410,map,2.6391,2.6901,-0.1122,2.6303,2.6921,-0.1141
174.510,map,2.6391,2.6901,-0.1122,2.6303,2.6921,-0.1141
174.610,map,2.6391,2.6901,-0.1122,2.6303,2.6921,-0.1141
174.710,map,2.6391,2.6901,-0.1122,2.6303,2.6921,-0.1141
174.810,map,2.6391,2.6901,-0.1122,2.6303,2.6921,-0.1141
174.910,map,2.6391,2.6901,-0.1122,2.6303,2.6921,-0.1141
175.010,map,2.6391,2.6901,-0.1122,2.6303,2.6921,-0.1141
175.110,map,2.6391,2.6901,-0.1122,2.6303,2.6921,-0.1141
175.210,map,2.6391,2.6901,-0.1122,2.6303,2.6921,-0.1141
175.310,map,2.6391,2.6901,-0.1122,2.6303,2.6921,-0.1141
175.410,map,2.6391,2.6901,-0.1122,2.6303,2.6921,-0.1141
175.510,map,2.6391,2.6901,-0.1122,2.6303,2.6921,-0.1141
175.610,map,2.6391,2.6901,-0.1122,2.6303,2.6921,-0.1141
175.710,map,2.6391,2.6901,-0.1122,2.6303,2.6921,-0.1141
175.810,map,2.6391,2.6901,-0.1122,2.6303,2.6921,-0.1141
175.910,map,2.6391,2.6901,-0.1122,2.6303,2.6921,-0.1141
176.010,map,2.6391,2.6901,-0.1122,2.6303,2.6921,-0.1141
176.110,map,2.6391,2.6901,-0.1122,2.6303,2.6921,-0.1141
176.210,map,2.6391,2.6901,-0.1122,2.6303,2.6921,-0.1141
176.310,map,2.6391,2.6901,-0.1122,2.6303,2.6921,-0.1141
176.410,map,2.6391,2.6901,-0.1122,2.6303,2.6921,-0.1141
176.510,map,2.6391,2.6901,-0.1122,2.6303,2.6921,-0.1141
176.610,map,2.6391,2.6901,-0.1122,2.6303,2.6921,-0.1141
176.710,map,2.6391,2.6901,-0.1122,2.6303,2.6921,-0.1141
176.810,map,2.6391,2.6901,-0.1122,2.6303,2.6921,-0.1141
176.910,map,2.6391,2.6901,-0.1122,2.6303,2.6921,-0.1141
177.010,map,2.6391,2.6901,-0.1122,2.6303,2.6921,-0.1141
177.110,map,2.6391,2.6901,-0.1122,2.6303,2.6921,-0.1141
177.210,map,2.6391,2.6901,-0.1122,2.6303,2.6921,-0.1141
177.310,map,2.6391,2.6901,-0.1122,2.6303,2.6921,-0.1141
177.410,map,2.6391,2.6901,-0.1122,2.6303,2.6921,-0.1141
177.510,map,2.6391,2.6901,-0.1122,2.6303,2.6921,-0.1141
177.610,map,2.6391,2.6901,-0.1122,2.6303,2.6921,-0.1141
177.710,map,2.6391,2.6901,-0.1122,2.6303,2.6921,-0.1141
177.810,map,2.6391,2.6901,-0.1122,2.6303,2.6921,-0.1141
177.910,map,2.6391,2.6901,-0.1122,2.6303,2.6921,-0.1141
178.010,map,2.6391,2.6901,-0.1122,2.6303,2.6921,-0.1141
178.110,map,2.6391,2.6901,-0.1122,2.6303,2.6921,-0.1141
178.210,map,2.6391,2.6901,-0.1122,2.6303,2.6921,-0.1141
178.310,map,2.6391,2.6901,-0.1122,2.6303,2.6921,-0.1141
178.410,map,2.6391,2.6901,-0.1122,2.6303,2.6921,-0.1141
178.510,map,2.6391,2.6901,-0.1122,2.6303,2.6921,-0.1141
178.610,map,2.6391,2.6901,-0.1122,2.6303,2.6921,-0.1141
178.710,map,2.6391,2.6901,-0.1122,2.6303,2.6921,-0.1141
178.810,map,2.6391,2.6901,-0.1122,2.6303,2.6921,-0.1141
178.910,map,2.6391,2.6901,-0.1122,2.6303,2.6921,-0.1141
179.010,map,2.6391,2.6901,-0.1122,2.6303,2.6921,-0.1141
179.110,map,2.6391,2.6901,-0.1122,2.6303,2.6921,-0.1141
179.210,map,2.6391,2.6901,-0.1122,2.6303,2.6921,-0.1141
179.310,map,2.6391,2.6901,-0.1122,2.6303,2.6921,-0.1141
179.410,map,2.6391,2.6901,-0.1122,2.6303,2.6921,-0.1141
179.510,map,2.6391,2.6901,-0.1122,2.6303,2.6921,-0.1141
179.610,map,2.6391,2.6901,-0.1122,2.6303,2.6921,-0.1141
179.710,map,2.6391,2.6901,-0.1122,2.6303,2.6921,-0.1141
179.810,map,2.6391,2.6901,-0.1122,2.6303,2.6921,-0.1141
179.910,map,2.6391,2.6901,-0.1122,2.6303,2.6921,-0.1141
180.010,map,2.6391,2.6901,-0.1122,2.6303,2.6921,-0.1141
180.110,map,2.6391,2.6901,-0.1122,2.6303,2.6921,-0.1141
180.210,map,2.6391,2.6901,-0.1122,2.6303,2.6921,-0.1141
180.310,map,2.6391,2.6901,-0.1122,2.6303,2.6921,-0.1141
180.410,map,2.6391,2.6901,-0.1122,2.6303,2.6921,-0.1141
180.510,map,2.6391,2.6901,-0.1122,2.6303,2.6921,-0.1141
180.610,map,2.6391,2.6901,-0.1122,2.6303,2.6921,-0.1141
180.710,map,2.6391,2.6901,-0.1122,2.6303,2.6921,-0.1141
180.810,map,2.6391,2.6901,-0.1122,2.6303,2.6921,-0.1141
180.910,map,2.6391,2.6901,-0.1122,2.6303,2.6921,-0.1141
181.010,map,2.6391,2.6901,-0.1122,2.6303,2.6921,-0.1141
181.110,map,2.6391,2.6901,-0.1122,2.6303,2.6921,-0.1141
181.210,map,2.6391,2.6901,-0.1122,2.6303,2.6921,-0.1141
181.310,map,2.6391,2.6901,-0.1122,2.6303,2.6921,-0.1141
181.410,map,2.6391,2.6901,-0.1122,2.6303,2.6921,-0.1141
181.510,map,2.6391,2.6901,-0.1122,2.6303,2.6921,-0.1141
181.610,map,2.6391,2.6901,-0.1122,2.6303,2.6921,-0.1141
181.710,map,2.6391,2.6901,-0.1122,2.6303,2.6921,-0.1141
181.810,map,2.6391,2.6901,-0.1122,2.6303,2.6921,-0.1141
181.910,map,2.6391,2.6901,-0.1122,2.6303,2.6921,-0.1141
182.010,map,2.6391,2.6901,-0.1122,2.6303,2.6921,-0.1141
182.110,map,2.6391,2.6901,-0.1122,2.6303,2.6921,-0.1141
182.210,map,2.6391,2.6901,-0.1122,2.6303,2.6921,-0.1141
182.310,map,2.6391,2.6901,-0.1122,2.6303,2.6921,-0.1141
182.410,map,2.6391,2.6901,-0.1122,2.6303,2.6921,-0.1141
182.510,map,2.6391,2.6901,-0.1122,2.6303,2.6921,-0.1141
182.610,map,2.6391,2.6901,-0.1122,2.6303,2.6921,-0.1141
182.710,map,2.6391,2.6901,-0.1122,2.6303,2.6921,-0.1141
182.810,map,2.6391,2.6901,-0.1122,2.6303,2.6921,-0.1141
182.910,map,2.6391,2.6901,-0.1122,2.6303,2.6921,-0.1141
183.010,map,2.6391,2.6901,-0.1122,2.6303,2.6921,-0.1141
183.110,map,2.6391,2.6901,-0.1122,2.6303,2.6921,-0.1141
183.210,map,2.6391,2.6901,-0.1122,2.6303,2.6921,-0.1141
183.310,map,2.6391,2.6901,-0.1122,2.6303,2.6921,-0.1141
183.410,map,2.6391,2.6901,-0.1122,2.6303,2.6921,-0.1141
183.510,map,2.6391,2.6901,-0.1122,2.6303,2.6921,-0.1141
183.610,map,2.6391,2.6901,-0.1122,2.6303,2.6921,-0.1141
183.710,map,2.6391,2.6901,-0.1122,2.6303,2.6921,-0.1141
183.810,map,2.6391,2.6901,-0.1122,2.6303,2.6921,-0.1141
183.910,map,2.6391,2.6901,-0.1122,2.6303,2.6921,-0.1141
184.010,map,2.6391,2.6901,-0.1122,2.6303,2.6921,-0.1141
184.110,map,2.6391,2.6901,-0.1122,2.6303,2.6921,-0.1141
184.210,map,2.6391,2.6901,-0.1122,2.6303,2.6921,-0.1141
184.310,map,2.6391,2.6901,-0.1122,2.6303,2.6921,-0.1141
184.410,map,2.6391,2.6901,-0.1122,2.6303,2.6921,-0.1141
184.510,map,2.6391,2.6901,-0.1122,2.6303,2.6921,-0.1141
184.610,map,2.6391,2.6901,-0.1122,2.6303,2.6921,-0.1141
184.710,map,2.6391,2.6901,-0.1122,2.6303,2.6921,-0.1141
184.810,map,2.6391,2.6901,-0.1122,2.6303,2.6921,-0.1141
184.910,map,2.6391,2.6901,-0.1122,2.6303,2.6921,-0.1141
185.010,map,2.6391,2.6901,-0.1122,2.6303,2.6921,-0.1141
185.110,map,2.6391,2.6901,-0.1122,2.6303,2.6921,-0.1141
185.210,map,2.6391,2.6901,-0.1122,2.6303,2.6921,-0.1141
185.310,map,2.6391,2.6901,-0.1122,2.6303,2.6921,-0.1141
185.410,map,2.6391,2.6901,-0.1122,2.6303,2.6921,-0.1141
185.510,map,2.6391,2.6901,-0.1122,2.6303,2.6921,-0.1141
185.610,map,2.6391,2.6901,-0.1122,2.6303,2.6921,-0.1141
185.710,map,2.6391,2.6901,-0.1122,2.6303,2.6921,-0.1141
185.810,map,2.6391,2.6901,-0.1122,2.6303,2.6921,-0.1141
185.910,map,2.6391,2.6901,-0.1122,2.6303,2.6921,-0.1141
186.010,map,2.6391,2.6901,-0.1122,2.6303,2.6921,-0.1141
186.110,map,2.6391,2.6901,-0.1122,2.6303,2.6921,-0.1141
186.210,map,2.6391,2.6901,-0.1122,2.6303,2.6921,-0.1141
186.310,map,2.6391,2.6901,-0.1122,2.6303,2.6921,-0.1141
186.410,map,2.6391,2.6901,-0.1122,2.6303,2.6921,-0.1141
186.510,map,2.6391,2.6901,-0.1122,2.6303,2.6921,-0.1141
186.610,map,2.6391,2.6901,-0.1122,2.6303,2.6921,-0.1141
186.710,map,2.6391,2.6901,-0.1122,2.6303,2.6921,-0.1141
186.810,map,2.6391,2.6901,-0.1122,2.6303,2.6921,-0.1141
186.910,map,2.6391,2.6901,-0.1122,2.6303,2.6921,-0.1141
187.010,map,2.6391,2.6901,-0.1122,2.6303,2.6921,-0.1141
187.110,map,2.6391,2.6901,-0.1122,2.6303,2.6921,-0.1141
187.210,map,2.6391,2.6901,-0.1122,2.6303,2.6921,-0.1141
187.310,map,2.6391,2.6901,-0.1122,2.6303,2.6921,-0.1141
187.410,map,2.6391,2.6901,-0.1122,2.6303,2.6921,-0.1141
187.510,map,2.6391,2.6901,-0.1122,2.6303,2.6921,-0.1141
187.610,map,2.6391,2.6901,-0.1122,2.6303,2.6921,-0.1141
187.710,map,2.6391,2.6901,-0.1122,2.6303,2.6921,-0.1141
187.810,map,2.6391,2.6901,-0.1122,2.6303,2.6921,-0.1141
187.910,map,2.6391,2.6901,-0.1122,2.6303,2.6921,-0.1141
188.010,map,2.6391,2.6901,-0.1122,2.6303,2.6921,-0.1141
188.110,map,2.6391,2.6901,-0.1122,2.6303,2.6921,-0.1141
188.210,map,2.6391,2.6901,-0.1122,2.6303,2.6921,-0.1141
188.310,map,2.6391,2.6901,-0.1122,2.6303,2.6921,-0.1141
188.410,map,2.6391,2.6901,-0.1122,2.6303,2.6921,-0.1141
188.510,map,2.6391,2.6901,-0.1122,2.6303,2.6921,-0.1141
188.610,map,2.6391,2.6901,-0.1122,2.6303,2.6921,-0.1141
188.710,map,2.6391,2.6901,-0.1122,2.6303,2.6921,-0.1141
188.810,map,2.6391,2.6901,-0.1122,2.6303,2.6921,-0.1141
188.910,map,2.6391,2.6901,-0.1122,2.6303,2.6921,-0.1141
189.010,map,2.6391,2.6901,-0.1122,2.6303,2.6921,-0.1141
189.110,map,2.6391,2.6901,-0.1122,2.6303,2.6921,-0.1141
189.210,map,2.6391,2.6901,-0.1122,2.6303,2.6921,-0.1141
189.310,map,2.6391,2.6901,-0.1122,2.6303,2.6921,-0.1141
189.410,map,2.6391,2.6901,-0.1122,2.6303,2.6921,-0.1141
189.510,map,2.6391,2.6901,-0.1122,2.6303,2.6921,-0.1141
189.610,map,2.6391,2.6901,-0.1122,2.6303,2.6921,-0.1141
189.710,map,2.6391,2.6901,-0.1122,2.6303,2.6921,-0.1141
189.810,map,2.6391,2.6901,-0.1122,2.6303,2.6921,-0.1141
189.910,map,2.6391,2.6901,-0.1122,2.6303,2.6921,-0.1141
190.010,map,2.6391,2.6901,-0.1122,2.6303,2.6921,-0.1141
190.110,map,2.6391,2.6901,-0.1122,2.6303,2.6921,-0.1141
190.210,map,2.6391,2.6901,-0.1122,2.6303,2.6921,-0.1141
190.310,map,2.6391,2.6901,-0.1122,2.6303,2.6921,-0.1141
190.410,map,2.6391,2.6901,-0.1122,2.6303,2.6921,-0.1141
190.510,map,2.6391,2.6901,-0.1122,2.6303,2.6921,-0.1141
190.610,map,2.6391,2.6901,-0.1122,2.6303,2.6921,-0.1141
190.710,map,2.6391,2.6901,-0.1122,2.6303,2.6921,-0.1141
190.810,map,2.6391,2.6901,-0.1122,2.6303,2.6921,-0.1141
190.910,map,2.6391,2.6901,-0.1122,2.6303,2.6921,-0.1141
191.010,map,2.6391,2.6901,-0.1122,2.6303,2.6921,-0.1141
191.110,map,2.6391,2.6901,-0.1122,2.6303,2.6921,-0.1141
191.210,map,2.6391,2.6901,-0.1122,2.6303,2.6921,-0.1141
191.310,map,2.6391,2.6901,-0.1122,2.6303,2.6921,-0.1141
191.410,map,2.6391,2.6901,-0.1122,2.6303,2.6921,-0.1141
191.510,map,2.6391,2.6901,-0.1122,2.6303,2.6921,-0.1141
191.610,map,2.6391,2.6901,-0.1122,2.6303,2.6921,-0.1141
191.710,map,2.6391,2.6901,-0.1122,2.6303,2.6921,-0.1141
191.810,map,2.6391,2.6901,-0.1122,2.6303,2.6921,-0.1141
191.910,map,2.6391,2.6901,-0.1122,2.6303,2.6921,-0.1141
192.010,map,2.6391,2.6901,-0.1122,2.6303,2.6921,-0.1141
192.110,map,2.6391,2.6901,-0.1122,2.6303,2.6921,-0.1141
192.210,map,2.6391,2.6901,-0.1122,2.6303,2.6921,-0.1141
192.310,map,2.6391,2.6901,-0.1122,2.6303,2.6921,-0.1141
192.410,map,2.6391,2.6901,-0.1122,2.6303,2.6921,-0.1141
192.510,map,2.6391,2.6901,-0.1122,2.6303,2.6921,-0.1141
192.610,map,2.6391,2.6901,-0.1122,2.6303,2.6921,-0.1141
192.710,map,2.6391,2.6901,-0.1122,2.6303,2.6921,-0.1141
192.810,map,2.6391,2.6901,-0.1122,2.6303,2.6921,-0.1141
192.910,map,2.6391,2.6901,-0.1122,2.6303,2.6921,-0.1141
193.010,map,2.6391,2.6901,-0.1122,2.6303,2.6921,-0.1141
193.110,map,2.6391,2.6901,-0.1122,2.6303,2.6921,-0.1141
193.210,map,2.6391,2.6901,-0.1122,2.6303,2.6921,-0.1141
193.310,map,2.6391,2.6901,-0.1122,2.6303,2.6921,-0.1141
193.410,map,2.6391,2.6901,-0.1122,2.6303,2.6921,-0.1141
193.510,map,2.6391,2.6901,-0.1122,2.6303,2.6921,-0.1141
193.610,map,2.6391,2.6901,-0.1122,2.6303,2.6921,-0.1141
193.710,map,2.6391,2.6901,-0.1122,2.6303,2.6921,-0.1141
193.810,map,2.6391,2.6901,-0.1122,2.6303,2.6921,-0.1141
193.910,map,2.6391,2.6901,-0.1122,2.6303,2.6921,-0.1141
194.010,map,2.6391,2.6901,-0.1122,2.6303,2.6921,-0.1141
194.110,map,2.6391,2.6901,-0.1122,2.6303,2.6921,-0.1141
194.210,map,2.6391,2.6901,-0.1122,2.6303,2.6921,-0.1141
194.310,map,2.6391,2.6901,-0.1122,2.6303,2.6921,-0.1141
194.410,map,2.6391,2.6901,-0.1122,2.6303,2.6921,-0.1141
194.510,map,2.6391,2.6901,-0.1122,2.6303,2.6921,-0.1141
194.610,map,2.6391,2.6901,-0.1122,2.6303,2.6921,-0.1141
194.710,map,2.6391,2.6901,-0.1122,2.6303,2.6921,-0.1141
194.810,map,2.6391,2.6901,-0.1122,2.6303,2.6921,-0.1141
194.910,map,2.6391,2.6901,-0.1122,2.6303,2.6921,-0.1141
195.010,map,2.6391,2.6901,-0.1122,2.6303,2.6921,-0.1141
195.110,map,2.6391,2.6901,-0.1122,2.6303,2.6921,-0.1141
195.210,map,2.6391,2.6901,-0.1122,2.6303,2.6921,-0.1141
195.310,map,2.6391,2.6901,-0.1122,2.6303,2.6921,-0.1141
195.410,map,2.6391,2.6901,-0.1122,2.6303,2.6921,-0.1141
195.510,map,2.6391,2.6901,-0.1122,2.6303,2.6921,-0.1141
195.610,map,2.6391,2.6901,-0.1122,2.6303,2.6921,-0.1141
195.710,map,2.6391,2.6901,-0.1122,2.6303,2.6921,-0.1141
195.810,map,2.6391,2.6901,-0.1122,2.6303,2.6921,-0.1141
195.910,map,2.6391,2.6901,-0.1122,2.6303,2.6921,-0.1141
196.010,map,2.6391,2.6901,-0.1122,2.6303,2.6921,-0.1141
196.110,map,2.6391,2.6901,-0.1122,2.6303,2.6921,-0.1141
196.210,map,2.6391,2.6901,-0.1122,2.6303,2.6921,-0.1141
196.310,map,2.6391,2.6901,-0.1122,2.6303,2.6921,-0.1141
196.410,map,2.6391,2.6901,-0.1122,2.6303,2.6921,-0.1141
196.510,map,2.6391,2.6901,-0.1122,2.6303,2.6921,-0.1141
196.610,map,2.6391,2.6901,-0.1122,2.6303,2.6921,-0.1141
196.710,map,2.6391,2.6901,-0.1122,2.6303,2.6921,-0.1141
196.810,map,2.6391,2.6901,-0.1122,2.6303,2.6921,-0.1141
196.910,map,2.6391,2.6901,-0.1122,2.6303,2.6921,-0.1141
197.010,map,2.6391,2.6901,-0.1122,2.6303,2.6921,-0.1141
197.110,map,2.6391,2.6901,-0.1122,2.6303,2.6921,-0.1141
197.210,map,2.6391,2.6901,-0.1122,2.6303,2.6921,-0.1141
197.310,map,2.6391,2.6901,-0.1122,2.6303,2.6921,-0.1141
197.410,map,2.6391,2.6901,-0.1122,2.6303,2.6921,-0.1141
197.510,map,2.6391,2.6901,-0.1122,2.6303,2.6921,-0.1141
197.610,map,2.6391,2.6901,-0.1122,2.6303,2.6921,-0.1141
197.710,map,2.6391,2.6901,-0.1122,2.6303,2.6921,-0.1141
197.810,map,2.6391,2.6901,-0.1122,2.6303,2.6921,-0.1141
197.910,map,2.6391,2.6901,-0.1122,2.6303,2.6921,-0.1141
198.010,map,2.6391,2.6901,-0.1122,2.6303,2.6921,-0.1141
198.110,map,2.6391,2.6901,-0.1122,2.6303,2.6921,-0.1141
198.210,map,2.6391,2.6901,-0.1122,2.6303,2.6921,-0.1141
198.310,map,2.6391,2.6901,-0.1122,2.6303,2.6921,-0.1141
198.410,map,2.6391,2.6901,-0.1122,2.6303,2.6921,-0.1141
198.510,map,2.6391,2.6901,-0.1122,2.6303,2.6921,-0.1141
198.610,map,2.6391,2.6901,-0.1122,2.6303,2.6921,-0.1141
198.710,map,2.6391,2.6901,-0.1122,2.6303,2.6921,-0.1141
198.810,map,2.6391,2.6901,-0.1122,2.6303,2.6921,-0.1141
198.910,map,2.6391,2.6901,-0.1122,2.6303,2.6921,-0.1141
199.010,map,2.6391,2.6901,-0.1122,2.6303,2.6921,-0.1141
199.110,map,2.6391,2.6901,-0.1122,2.6303,2.6921,-0.1141
199.210,map,2.6391,2.6901,-0.1122,2.6303,2.6921,-0.1141
199.310,map,2.6391,2.6901,-0.1122,2.6303,2.6921,-0.1141
199.410,map,2.6391,2.6901,-0.1122,2.6303,2.6921,-0.1141
199.510,map,2.6391,2.6901,-0.1122,2.6303,2.6921,-0.1141
199.610,map,2.6391,2.6901,-0.1122,2.6303,2.6921,-0.1141
199.710,map,2.6391,2.6901,-0.1122,2.6303,2.6921,-0.1141
199.810,map,2.6391,2.6901,-0.1122,2.6303,2.6921,-0.1141
199.910,map,2.6391,2.6901,-0.1122,2.6303,2.6921,-0.1141
200.010,map,2.6391,2.6901,-0.1122,2.6303,2.6921,-0.1141
200.110,map,2.6391,2.6901,-0.1122,2.6303,2.6921,-0.1141
200.210,map,2.6391,2.6901,-0.1122,2.6303,2.6921,-0.1141
200.310,map,2.6391,2.6901,-0.1122,2.6303,2.6921,-0.1141
200.410,map,2.6391,2.6901,-0.1122,2.6303,2.6921,-0.1141
200.510,map,2.6391,2.6901,-0.1122,2.6303,2.6921,-0.1141
200.610,map,2.6391,2.6901,-0.1122,2.6303,2.6921,-0.1141
200.710,map,2.6391,2.6901,-0.1122,2.6303,2.6921,-0.1141
200.810,map,2.6391,2.6901,-0.1122,2.6303,2.6921,-0.1141
200.910,map,2.6391,2.6901,-0.1122,2.6303,2.6921,-0.1141
201.010,map,2.6391,2.6901,-0.1122,2.6303,2.6921,-0.1141
201.110,map,2.6391,2.6901,-0.1122,2.6303,2.6921,-0.1141
201.210,map,2.6391,2.6901,-0.1122,2.6303,2.6921,-0.1141
201.310,map,2.6391,2.6901,-0.1122,2.6303,2.6921,-0.1141
201.410,map,2.6391,2.6901,-0.1122,2.6303,2.6921,-0.1141
201.510,map,2.6391,2.6901,-0.1122,2.6303,2.6921,-0.1141
201.610,map,2.6391,2.6901,-0.1122,2.6303,2.6921,-0.1141
201.710,map,2.6391,2.6901,-0.1122,2.6303,2.6921,-0.1141
201.810,map,2.6391,2.6901,-0.1122,2.6303,2.6921,-0.1141
201.910,map,2.6391,2.6901,-0.1122,2.6303,2.6921,-0.1141
202.010,map,2.6391,2.6901,-0.1122,2.6303,2.6921,-0.1141
202.110,map,2.6391,2.6901,-0.1122,2.6303,2.6921,-0.1141
202.210,map,2.6391,2.6901,-0.1122,2.6303,2.6921,-0.1141
202.310,map,2.6391,2.6901,-0.1122,2.6303,2.6921,-0.1141
202.410,map,2.6391,2.6901,-0.1122,2.6303,2.6921,-0.1141
202.510,map,2.6391,2.6901,-0.1122,2.6303,2.6921,-0.1141
202.610,map,2.6391,2.6901,-0.1122,2.6303,2.6921,-0.1141
202.710,map,2.6391,2.6901,-0.1122,2.6303,2.6921,-0.1141
202.810,map,2.6391,2.6901,-0.1122,2.6303,2.6921,-0.1141
202.910,map,2.6391,2.6901,-0.1122,2.6303,2.6921,-0.1141
203.010,map,2.6391,2.6901,-0.1122,2.6303,2.6921,-0.1141
203.110,map,2.6391,2.6901,-0.1122,2.6303,2.6921,-0.1141
203.210,map,2.6391,2.6901,-0.1122,2.6303,2.6921,-0.1141
203.310,map,2.6391,2.6901,-0.1122,2.6303,2.6921,-0.1141
203.410,map,2.6391,2.6901,-0.1122,2.6303,2.6921,-0.1141
203.510,map,2.6391,2.6901,-0.1122,2.6303,2.6921,-0.1141
203.610,map,2.6391,2.6901,-0.1122,2.6303,2.6921,-0.1141
203.710,map,2.6391,2.6901,-0.1122,2.6303,2.6921,-0.1141
203.810,map,2.6391,2.6901,-0.1122,2.6303,2.6921,-0.1141
203.910,map,2.6391,2.6901,-0.1122,2.6303,2.6921,-0.1141
204.010,map,2.6391,2.6901,-0.1122,2.6303,2.6921,-0.1141
204.110,map,2.6391,2.6901,-0.1122,2.6303,2.6921,-0.1141
204.210,map,2.6391,2.6901,-0.1122,2.6303,2.6921,-0.1141
204.310,map,2.6391,2.6901,-0.1122,2.6303,2.6921,-0.1141
204.410,map,2.6391,2.6901,-0.1122,2.6303,2.6921,-0.1141
204.510,map,2.6391,2.6901,-0.1122,2.6303,2.6921,-0.1141
204.610,map,2.6391,2.6901,-0.1122,2.6303,2.6921,-0.1141
204.710,map,2.6391,2.6901,-0.1122,2.6303,2.6921,-0.1141
204.810,map,2.6391,2.6901,-0.1122,2.6303,2.6921,-0.1141
204.910,map,2.6391,2.6901,-0.1122,2.6303,2.6921,-0.1141
205.010,map,2.6391,2.6901,-0.1122,2.6303,2.6921,-0.1141
205.110,map,2.6391,2.6901,-0.1122,2.6303,2.6921,-0.1141
205.210,map,2.6391,2.6901,-0.1122,2.6303,2.6921,-0.1141
205.310,map,2.6391,2.6901,-0.1122,2.6303,2.6921,-0.1141
205.410,map,2.6391,2.6901,-0.1122,2.6303,2.6921,-0.1141
205.510,map,2.6391,2.6901,-0.1122,2.6303,2.6921,-0.1141
205.610,map,2.6391,2.6901,-0.1122,2.6303,2.6921,-0.1141
205.710,map,2.6391,2.6901,-0.1122,2.6303,2.6921,-0.1141
205.810,map,2.6391,2.6901,-0.1122,2.6303,2.6921,-0.1141
205.910,map,2.6391,2.6901,-0.1122,2.6303,2.6921,-0.1141
206.010,map,2.6391,2.6901,-0.1122,2.6303,2.6921,-0.1141
206.110,map,2.6391,2.6901,-0.1122,2.6303,2.6921,-0.1141
206.210,map,2.6391,2.6901,-0.1122,2.6303,2.6921,-0.1141
206.310,map,2.6391,2.6901,-0.1122,2.6303,2.6921,-0.1141
206.410,map,2.6391,2.6901,-0.1122,2.6303,2.6921,-0.1141
206.510,map,2.6391,2.6901,-0.1122,2.6303,2.6921,-0.1141
206.610,map,2.6391,2.6901,-0.1122,2.6303,2.6921,-0.1141
206.710,map,2.6391,2.6901,-0.1122,2.6303,2.6921,-0.1141
206.810,map,2.6391,2.6901,-0.1122,2.6303,2.6921,-0.1141
206.910,map,2.6391,2.6901,-0.1122,2.6303,2.6921,-0.1141
207.010,map,2.6391,2.6901,-0.1122,2.6303,2.6921,-0.1141
207.110,map,2.6391,2.6901,-0.1122,2.6303,2.6921,-0.1141
207.210,map,2.6391,2.6901,-0.1122,2.6303,2.6921,-0.1141
207.310,map,2.6391,2.6901,-0.1122,2.6303,2.6921,-0.1141
207.410,map,2.6391,2.6901,-0.1122,2.6303,2.6921,-0.1141
207.510,map,2.6391,2.6901,-0.1122,2.6303,2.6921,-0.1141
207.610,map,2.6391,2.6901,-0.1122,2.6303,2.6921,-0.1141
207.710,map,2.6391,2.6901,-0.1122,2.6303,2.6921,-0.1141
207.810,map,2.6391,2.6901,-0.1122,2.6303,2.6921,-0.1141
207.910,map,2.6391,2.6901,-0.1122,2.6303,2.6921,-0.1141
208.010,map,2.6391,2.6901,-0.1122,2.6303,2.6921,-0.1141
208.110,map,2.6391,2.6901,-0.1122,2.6303,2.6921,-0.1141
208.210,map,2.6391,2.6901,-0.1122,2.6303,2.6921,-0.1141
208.310,map,2.6391,2.6901,-0.1122,2.6303,2.6921,-0.1141
208.410,map,2.6391,2.6901,-0.1122,2.6303,2.6921,-0.1141
208.510,map,2.6391,2.6901,-0.1122,2.6303,2.6921,-0.1141
208.610,map,2.6391,2.6901,-0.1122,2.6303,2.6921,-0.1141
208.710,map,2.6391,2.6901,-0.1122,2.6303,2.6921,-0.1141
208.810,map,2.6391,2.6901,-0.1122,2.6303,2.6921,-0.1141
208.910,map,2.6391,2.6901,-0.1122,2.6303,2.6921,-0.1141
209.010,map,2.6391,2.6901,-0.1122,2.6303,2.6921,-0.1141
209.110,map,2.6391,2.6901,-0.1122,2.6303,2.6921,-0.1141
209.210,map,2.6391,2.6901,-0.1122,2.6303,2.6921,-0.1141
209.310,map,2.6391,2.6901,-0.1122,2.6303,2.6921,-0.1141
209.410,map,2.6391,2.6901,-0.1122,2.6303,2.6921,-0.1141
209.510,map,2.6391,2.6901,-0.1122,2.6303,2.6921,-0.1141
209.610,map,2.6391,2.6901,-0.1122,2.6303,2.6921,-0.1141
209.710,map,2.6391,2.6901,-0.1122,2.6303,2.6921,-0.1141
209.810,map,2.6391,2.6901,-0.1122,2.6303,2.6921,-0.1141
209.910,map,2.6391,2.6901,-0.1122,2.6303,2.6921,-0.1141
210.010,map,2.6391,2.6901,-0.1122,2.6303,2.6921,-0.1141
210.110,map,2.6391,2.6901,-0.1122,2.6303,2.6921,-0.1141
210.210,map,2.6391,2.6901,-0.1122,2.6303,2.6921,-0.1141
210.310,map,2.6391,2.6901,-0.1122,2.6303,2.6921,-0.1141
210.410,map,2.6391,2.6901,-0.1122,2.6303,2.6921,-0.1141
210.510,map,2.6391,2.6901,-0.1122,2.6303,2.6921,-0.1141
210.610,map,2.6391,2.6901,-0.1122,2.6303,2.6921,-0.1141
210.710,map,2.6391,2.6901,-0.1122,2.6303,2.6921,-0.1141
210.810,map,2.6391,2.6901,-0.1122,2.6303,2.6921,-0.1141
210.910,map,2.6391,2.6901,-0.1122,2.6303,2.6921,-0.1141
211.010,map,2.6391,2.6901,-0.1122,2.6303,2.6921,-0.1141
211.110,map,2.6391,2.6901,-0.1122,2.6303,2.6921,-0.1141
211.210,map,2.6391,2.6901,-0.1122,2.6303,2.6921,-0.1141
211.310,map,2.6391,2.6901,-0.1122,2.6303,2.6921,-0.1141
211.410,map,2.6391,2.6901,-0.1122,2.6303,2.6921,-0.1141
211.510,map,2.6391,2.6901,-0.1122,2.6303,2.6921,-0.1141
211.610,map,2.6391,2.6901,-0.1122,2.6303,2.6921,-0.1141
211.710,map,2.6391,2.6901,-0.1122,2.6303,2.6921,-0.1141
211.810,map,2.6391,2.6901,-0.1122,2.6303,2.6921,-0.1141
211.910,map,2.6391,2.6901,-0.1122,2.6303,2.6921,-0.1141
212.010,map,2.6391,2.6901,-0.1122,2.6303,2.6921,-0.1141
212.110,map,2.6391,2.6901,-0.1122,2.6303,2.6921,-0.1141
212.210,map,2.6391,2.6901,-0.1122,2.6303,2.6921,-0.1141
212.310,map,2.6391,2.6901,-0.1122,2.6303,2.6921,-0.1141
212.410,map,2.6391,2.6901,-0.1122,2.6303,2.6921,-0.1141
212.510,map,2.6391,2.6901,-0.1122,2.6303,2.6921,-0.1141
212.610,map,2.6391,2.6901,-0.1122,2.6303,2.6921,-0.1141
212.710,map,2.6391,2.6901,-0.1122,2.6303,2.6921,-0.1141
212.810,map,2.6391,2.6901,-0.1122,2.6303,2.6921,-0.1141
212.910,map,2.6391,2.6901,-0.1122,2.6303,2.6921,-0.1141
213.010,map,2.6391,2.6901,-0.1122,2.6303,2.6921,-0.1141
213.110,map,2.6391,2.6901,-0.1122,2.6303,2.6921,-0.1141
213.210,map,2.6391,2.6901,-0.1122,2.6303,2.6921,-0.1141
213.310,map,2.6391,2.6901,-0.1122,2.6303,2.6921,-0.1141
213.410,map,2.6391,2.6901,-0.1122,2.6303,2.6921,-0.1141
213.510,map,2.6391,2.6901,-0.1122,2.6303,2.6921,-0.1141
213.610,map,2.6391,2.6901,-0.1122,2.6303,2.6921,-0.1141
213.710,map,2.6391,2.6901,-0.1122,2.6303,2.6921,-0.1141
213.810,map,2.6391,2.6901,-0.1122,2.6303,2.6921,-0.1141
213.910,map,2.6391,2.6901,-0.1122,2.6303,2.6921,-0.1141
214.010,map,2.6391,2.6901,-0.1122,2.6303,2.6921,-0.1141
214.110,map,2.6391,2.6901,-0.1122,2.6303,2.6921,-0.1141
214.210,map,2.6391,2.6901,-0.1122,2.6303,2.6921,-0.1141
214.310,map,2.6391,2.6901,-0.1122,2.6303,2.6921,-0.1141
214.410,map,2.6391,2.6901,-0.1122,2.6303,2.6921,-0.1141
214.510,map,2.6391,2.6901,-0.1122,2.6303,2.6921,-0.1141
214.610,map,2.6391,2.6901,-0.1122,2.6303,2.6921,-0.1141
214.710,map,2.6391,2.6901,-0.1122,2.6303,2.6921,-0.1141
214.810,map,2.6391,2.6901,-0.1122,2.6303,2.6921,-0.1141
214.910,map,2.6391,2.6901,-0.1122,2.6303,2.6921,-0.1141
215.010,map,2.6391,2.6901,-0.1122,2.6303,2.6921,-0.1141
215.110,map,2.6391,2.6901,-0.1122,2.6303,2.6921,-0.1141
215.210,map,2.6391,2.6901,-0.1122,2.6303,2.6921,-0.1141
215.310,map,2.6391,2.6901,-0.1122,2.6303,2.6921,-0.1141
215.410,map,2.6391,2.6901,-0.1122,2.6303,2.6921,-0.1141
215.510,map,2.6391,2.6901,-0.1122,2.6303,2.6921,-0.1141
215.610,map,2.6391,2.6901,-0.1122,2.6303,2.6921,-0.1141
215.710,map,2.6391,2.6901,-0.1122,2.6303,2.6921,-0.1141
215.810,map,2.6391,2.6901,-0.1122,2.6303,2.6921,-0.1141
215.910,map,2.6391,2.6901,-0.1122,2.6303,2.6921,-0.1141
216.010,map,2.6391,2.6901,-0.1122,2.6303,2.6921,-0.1141
216.110,map,2.6391,2.6901,-0.1122,2.6303,2.6921,-0.1141
216.210,map,2.6391,2.6901,-0.1122,2.6303,2.6921,-0.1141
216.310,map,2.6391,2.6901,-0.1122,2.6303,2.6921,-0.1141
216.410,map,2.6391,2.6901,-0.1122,2.6303,2.6921,-0.1141
216.510,map,2.6391,2.6901,-0.1122,2.6303,2.6921,-0.1141
216.610,map,2.6391,2.6901,-0.1122,2.6303,2.6921,-0.1141
216.710,map,2.6391,2.6901,-0.1122,2.6303,2.6921,-0.1141
216.810,map,2.6391,2.6901,-0.1122,2.6303,2.6921,-0.1141
216.910,map,2.6391,2.6901,-0.1122,2.6303,2.6921,-0.1141
217.010,map,2.6391,2.6901,-0.1122,2.6303,2.6921,-0.1141
217.110,map,2.6391,2.6901,-0.1122,2.6303,2.6921,-0.1141
217.210,map,2.6391,2.6901,-0.1122,2.6303,2.6921,-0.1141
217.310,map,2.6391,2.6901,-0.1122,2.6303,2.6921,-0.1141
217.410,map,2.6391,2.6901,-0.1122,2.6303,2.6921,-0.1141
217.510,map,2.6391,2.6901,-0.1122,2.6303,2.6921,-0.1141
217.610,map,2.6391,2.6901,-0.1122,2.6303,2.6921,-0.1141
217.710,map,2.6391,2.6901,-0.1122,2.6303,2.6921,-0.1141
217.810,map,2.6391,2.6901,-0.1122,2.6303,2.6921,-0.1141
217.910,map,2.6391,2.6901,-0.1122,2.6303,2.6921,-0.1141
218.010,map,2.6391,2.6901,-0.1122,2.6303,2.6921,-0.1141
218.110,map,2.6391,2.6901,-0.1122,2.6303,2.6921,-0.1141
218.210,map,2.6391,2.6901,-0.1122,2.6303,2.6921,-0.1141
218.310,map,2.6391,2.6901,-0.1122,2.6303,2.6921,-0.1141
218.410,map,2.6391,2.6901,-0.1122,2.6303,2.6921,-0.1141
218.510,map,2.6391,2.6901,-0.1122,2.6303,2.6921,-0.1141
218.610,map,2.6391,2.6901,-0.1122,2.6303,2.6921,-0.1141
218.710,map,2.6391,2.6901,-0.1122,2.6303,2.6921,-0.1141
218.810,map,2.6391,2.6901,-0.1122,2.6303,2.6921,-0.1141
218.910,map,2.6391,2.6901,-0.1122,2.6303,2.6921,-0.1141
219.010,map,2.6391,2.6901,-0.1122,2.6303,2.6921,-0.1141
219.110,map,2.6391,2.6901,-0.1122,2.6303,2.6921,-0.1141
219.210,map,2.6391,2.6901,-0.1122,2.6303,2.6921,-0.1141
219.310,map,2.6391,2.6901,-0.1122,2.6303,2.6921,-0.1141
219.410,map,2.6391,2.6901,-0.1122,2.6303,2.6921,-0.1141
219.510,map,2.6391,2.6901,-0.1122,2.6303,2.6921,-0.1141
219.610,map,2.6391,2.6901,-0.1122,2.6303,2.6921,-0.1141
219.710,map,2.6391,2.6901,-0.1122,2.6303,2.6921,-0.1141
219.810,map,2.6391,2.6901,-0.1122,2.6303,2.6921,-0.1141
219.910,map,2.6391,2.6901,-0.1122,2.6303,2.6921,-0.1141
220.010,map,2.6391,2.6901,-0.1122,2.6303,2.6921,-0.1141
220.110,map,2.6391,2.6901,-0.1122,2.6303,2.6921,-0.1141
220.210,map,2.6391,2.6901,-0.1122,2.6303,2.6921,-0.1141
220.310,map,2.6391,2.6901,-0.1122,2.6303,2.6921,-0.1141
220.410,map,2.6391,2.6901,-0.1122,2.6303,2.6921,-0.1141
220.510,map,2.6391,2.6901,-0.1122,2.6303,2.6921,-0.1141
220.610,map,2.6391,2.6901,-0.1122,2.6303,2.6921,-0.1141
220.710,map,2.6391,2.6901,-0.1122,2.6303,2.6921,-0.1141
220.810,map,2.6391,2.6901,-0.1122,2.6303,2.6921,-0.1141
220.910,map,2.6391,2.6901,-0.1122,2.6303,2.6921,-0.1141
221.010,map,2.6391,2.6901,-0.1122,2.6303,2.6921,-0.1141
221.110,map,2.6391,2.6901,-0.1122,2.6303,2.6921,-0.1141
221.210,map,2.6391,2.6901,-0.1122,2.6303,2.6921,-0.1141
221.310,map,2.6391,2.6901,-0.1122,2.6303,2.6921,-0.1141
221.410,map,2.6391,2.6901,-0.1122,2.6303,2.6921,-0.1141
221.510,map,2.6391,2.6901,-0.1122,2.6303,2.6921,-0.1141
221.610,map,2.6391,2.6901,-0.1122,2.6303,2.6921,-0.1141
221.710,map,2.6391,2.6901,-0.1122,2.6303,2.6921,-0.1141
221.810,map,2.6391,2.6901,-0.1122,2.6303,2.6921,-0.1141
221.910,map,2.6391,2.6901,-0.1122,2.6303,2.6921,-0.1141
222.010,map,2.6391,2.6901,-0.1122,2.6303,2.6921,-0.1141
222.110,map,2.6391,2.6901,-0.1122,2.6303,2.6921,-0.1141
222.210,map,2.6391,2.6901,-0.1122,2.6303,2.6921,-0.1141
222.310,map,2.6391,2.6901,-0.1122,2.6303,2.6921,-0.1141
222.410,map,2.6391,2.6901,-0.1122,2.6303,2.6921,-0.1141
222.510,map,2.6391,2.6901,-0.1122,2.6303,2.6921,-0.1141
222.610,map,2.6391,2.6901,-0.1122,2.6303,2.6921,-0.1141
222.710,map,2.6391,2.6901,-0.1122,2.6303,2.6921,-0.1141
222.810,map,2.6391,2.6901,-0.1122,2.6303,2.6921,-0.1141
222.910,map,2.6391,2.6901,-0.1122,2.6303,2.6921,-0.1141
223.010,map,2.6391,2.6901,-0.1122,2.6303,2.6921,-0.1141
223.110,map,2.6391,2.6901,-0.1122,2.6303,2.6921,-0.1141
223.210,map,2.6391,2.6901,-0.1122,2.6303,2.6921,-0.1141
223.310,map,2.6391,2.6901,-0.1122,2.6303,2.6921,-0.1141
223.410,map,2.6391,2.6901,-0.1122,2.6303,2.6921,-0.1141
223.510,map,2.6391,2.6901,-0.1122,2.6303,2.6921,-0.1141
223.610,map,2.6391,2.6901,-0.1122,2.6303,2.6921,-0.1141
223.710,map,2.6391,2.6901,-0.1122,2.6303,2.6921,-0.1141
223.810,map,2.6391,2.6901,-0.1122,2.6303,2.6921,-0.1141
223.910,map,2.6391,2.6901,-0.1122,2.6303,2.6921,-0.1141
224.010,map,2.6391,2.6901,-0.1122,2.6303,2.6921,-0.1141
224.110,map,2.6391,2.6901,-0.1122,2.6303,2.6921,-0.1141
224.210,map,2.6391,2.6901,-0.1122,2.6303,2.6921,-0.1141
224.310,map,2.6391,2.6901,-0.1122,2.6303,2.6921,-0.1141
224.410,map,2.6391,2.6901,-0.1122,2.6303,2.6921,-0.1141
224.510,map,2.6391,2.6901,-0.1122,2.6303,2.6921,-0.1141
224.610,map,2.6391,2.6901,-0.1122,2.6303,2.6921,-0.1141
224.710,map,2.6391,2.6901,-0.1122,2.6303,2.6921,-0.1141
224.810,map,2.6391,2.6901,-0.1122,2.6303,2.6921,-0.1141
224.910,map,2.6391,2.6901,-0.1122,2.6303,2.6921,-0.1141
225.010,map,2.6391,2.6901,-0.1122,2.6303,2.6921,-0.1141
225.110,map,2.6391,2.6901,-0.1122,2.6303,2.6921,-0.1141
225.210,map,2.6391,2.6901,-0.1122,2.6303,2.6921,-0.1141
225.310,map,2.6391,2.6901,-0.1122,2.6303,2.6921,-0.1141
225.410,map,2.6391,2.6901,-0.1122,2.6303,2.6921,-0.1141
225.510,map,2.6391,2.6901,-0.1122,2.6303,2.6921,-0.1141
225.610,map,2.6391,2.6901,-0.1122,2.6303,2.6921,-0.1141
225.710,map,2.6391,2.6901,-0.1122,2.6303,2.6921,-0.1141
225.810,map,2.6391,2.6901,-0.1122,2.6303,2.6921,-0.1141
225.910,map,2.6391,2.6901,-0.1122,2.6303,2.6921,-0.1141
226.010,map,2.6391,2.6901,-0.1122,2.6303,2.6921,-0.1141
226.110,map,2.6391,2.6901,-0.1122,2.6303,2.6921,-0.1141
226.210,map,2.6391,2.6901,-0.1122,2.6303,2.6921,-0.1141
226.310,map,2.6391,2.6901,-0.1122,2.6303,2.6921,-0.1141
226.410,map,2.6391,2.6901,-0.1122,2.6303,2.6921,-0.1141
226.510,map,2.6391,2.6901,-0.1122,2.6303,2.6921,-0.1141
226.610,map,2.6391,2.6901,-0.1122,2.6303,2.6921,-0.1141
226.710,map,2.6391,2.6901,-0.1122,2.6303,2.6921,-0.1141
226.810,map,2.6391,2.6901,-0.1122,2.6303,2.6921,-0.1141
226.910,map,2.6391,2.6901,-0.1122,2.6303,2.6921,-0.1141
227.010,map,2.6391,2.6901,-0.1122,2.6303,2.6921,-0.1141
227.110,map,2.6391,2.6901,-0.1122,2.6303,2.6921,-0.1141
227.210,map,2.6391,2.6901,-0.1122,2.6303,2.6921,-0.1141
227.310,map,2.6391,2.6901,-0.1122,2.6303,2.6921,-0.1141
227.410,map,2.6391,2.6901,-0.1122,2.6303,2.6921,-0.1141
227.510,map,2.6391,2.6901,-0.1122,2.6303,2.6921,-0.1141
227.610,map,2.6391,2.6901,-0.1122,2.6303,2.6921,-0.1141
227.710,map,2.6391,2.6901,-0.1122,2.6303,2.6921,-0.1141
227.810,map,2.6391,2.6901,-0.1122,2.6303,2.6921,-0.1141
227.910,map,2.6391,2.6901,-0.1122,2.6303,2.6921,-0.1141
228.010,map,2.6391,2.6901,-0.1122,2.6303,2.6921,-0.1141
228.110,map,2.6391,2.6901,-0.1122,2.6303,2.6921,-0.1141
228.210,map,2.6391,2.6901,-0.1122,2.6303,2.6921,-0.1141
228.310,map,2.6391,2.6901,-0.1122,2.6303,2.6921,-0.1141
228.410,map,2.6391,2.6901,-0.1122,2.6303,2.6921,-0.1141
228.510,map,2.6391,2.6901,-0.1122,2.6303,2.6921,-0.1141
228.610,map,2.6391,2.6901,-0.1122,2.6303,2.6921,-0.1141
228.710,map,2.6391,2.6901,-0.1122,2.6303,2.6921,-0.1141
228.810,map,2.6391,2.6901,-0.1122,2.6303,2.6921,-0.1141
228.910,map,2.6391,2.6901,-0.1122,2.6303,2.6921,-0.1141
229.010,map,2.6391,2.6901,-0.1122,2.6303,2.6921,-0.1141
229.110,map,2.6391,2.6901,-0.1122,2.6303,2.6921,-0.1141
229.210,map,2.6391,2.6901,-0.1122,2.6303,2.6921,-0.1141
229.310,map,2.6391,2.6901,-0.1122,2.6303,2.6921,-0.1141
229.410,map,2.6391,2.6901,-0.1122,2.6303,2.6921,-0.1141
229.510,map,2.6391,2.6901,-0.1122,2.6303,2.6921,-0.1141
229.610,map,2.6391,2.6901,-0.1122,2.6303,2.6921,-0.1141
229.710,map,2.6391,2.6901,-0.1122,2.6303,2.6921,-0.1141
229.810,map,2.6391,2.6901,-0.1122,2.6303,2.6921,-0.1141
229.910,map,2.6391,2.6901,-0.1122,2.6303,2.6921,-0.1141
230.010,map,2.6391,2.6901,-0.1122,2.6303,2.6921,-0.1141
230.110,map,2.6391,2.6901,-0.1122,2.6303,2.6921,-0.1141
230.210,map,2.6391,2.6901,-0.1122,2.6303,2.6921,-0.1141
230.310,map,2.6391,2.6901,-0.1122,2.6303,2.6921,-0.1141
230.410,map,2.6391,2.6901,-0.1122,2.6303,2.6921,-0.1141
230.510,map,2.6391,2.6901,-0.1122,2.6303,2.6921,-0.1141
230.610,map,2.6391,2.6901,-0.1122,2.6303,2.6921,-0.1141
230.710,map,2.6391,2.6901,-0.1122,2.6303,2.6921,-0.1141
230.810,map,2.6391,2.6901,-0.1122,2.6303,2.6921,-0.1141
230.910,map,2.6391,2.6901,-0.1122,2.6303,2.6921,-0.1141
231.010,map,2.6391,2.6901,-0.1122,2.6303,2.6921,-0.1141
231.110,map,2.6391,2.6901,-0.1122,2.6303,2.6921,-0.1141
231.210,map,2.6391,2.6901,-0.1122,2.6303,2.6921,-0.1141
231.310,map,2.6391,2.6901,-0.1122,2.6303,2.6921,-0.1141
231.410,map,2.6391,2.6901,-0.1122,2.6303,2.6921,-0.1141
231.510,map,2.6391,2.6901,-0.1122,2.6303,2.6921,-0.1141
231.610,map,2.6391,2.6901,-0.1122,2.6303,2.6921,-0.1141
231.710,map,2.6391,2.6901,-0.1122,2.6303,2.6921,-0.1141
231.810,map,2.6391,2.6901,-0.1122,2.6303,2.6921,-0.1141
231.910,map,2.6391,2.6901,-0.1122,2.6303,2.6921,-0.1141
232.010,map,2.6391,2.6901,-0.1122,2.6303,2.6921,-0.1141
232.110,map,2.6391,2.6901,-0.1122,2.6303,2.6921,-0.1141
232.210,map,2.6391,2.6901,-0.1122,2.6303,2.6921,-0.1141
232.310,map,2.6391,2.6901,-0.1122,2.6303,2.6921,-0.1141
232.410,map,2.6391,2.6901,-0.1122,2.6303,2.6921,-0.1141
232.510,map,2.6391,2.6901,-0.1122,2.6303,2.6921,-0.1141
232.610,map,2.6391,2.6901,-0.1122,2.6303,2.6921,-0.1141
232.710,map,2.6391,2.6901,-0.1122,2.6303,2.6921,-0.1141
232.810,map,2.6391,2.6901,-0.1122,2.6303,2.6921,-0.1141
232.910,map,2.6391,2.6901,-0.1122,2.6303,2.6921,-0.1141
233.010,map,2.6391,2.6901,-0.1122,2.6303,2.6921,-0.1141
233.110,map,2.6391,2.6901,-0.1122,2.6303,2.6921,-0.1141
233.210,map,2.6391,2.6901,-0.1122,2.6303,2.6921,-0.1141
233.310,map,2.6391,2.6901,-0.1122,2.6303,2.6921,-0.1141
233.410,map,2.6391,2.6901,-0.1122,2.6303,2.6921,-0.1141
233.510,map,2.6391,2.6901,-0.1122,2.6303,2.6921,-0.1141
233.610,map,2.6391,2.6901,-0.1122,2.6303,2.6921,-0.1141
233.710,map,2.6391,2.6901,-0.1122,2.6303,2.6921,-0.1141
233.810,map,2.6391,2.6901,-0.1122,2.6303,2.6921,-0.1141
233.910,map,2.6391,2.6901,-0.1122,2.6303,2.6921,-0.1141
234.010,map,2.6391,2.6901,-0.1122,2.6303,2.6921,-0.1141
234.110,map,2.6391,2.6901,-0.1122,2.6303,2.6921,-0.1141
234.210,map,2.6391,2.6901,-0.1122,2.6303,2.6921,-0.1141
234.310,map,2.6391,2.6901,-0.1122,2.6303,2.6921,-0.1141
234.410,map,2.6391,2.6901,-0.1122,2.6303,2.6921,-0.1141
234.510,map,2.6391,2.6901,-0.1122,2.6303,2.6921,-0.1141
234.610,map,2.6391,2.6901,-0.1122,2.6303,2.6921,-0.1141
234.710,map,2.6391,2.6901,-0.1122,2.6303,2.6921,-0.1141
234.810,map,2.6391,2.6901,-0.1122,2.6303,2.6921,-0.1141
234.910,map,2.6391,2.6901,-0.1122,2.6303,2.6921,-0.1141
235.010,map,2.6391,2.6901,-0.1122,2.6303,2.6921,-0.1141
235.110,map,2.6391,2.6901,-0.1122,2.6303,2.6921,-0.1141
235.210,map,2.6391,2.6901,-0.1122,2.6303,2.6921,-0.1141
235.310,map,2.6391,2.6901,-0.1122,2.6303,2.6921,-0.1141
235.410,map,2.6391,2.6901,-0.1122,2.6303,2.6921,-0.1141
235.510,map,2.6391,2.6901,-0.1122,2.6303,2.6921,-0.1141
235.610,map,2.6391,2.6901,-0.1122,2.6303,2.6921,-0.1141
235.710,map,2.6391,2.6901,-0.1122,2.6303,2.6921,-0.1141
235.810,map,2.6391,2.6901,-0.1122,2.6303,2.6921,-0.1141
235.910,map,2.6391,2.6901,-0.1122,2.6303,2.6921,-0.1141
236.010,map,2.6391,2.6901,-0.1122,2.6303,2.6921,-0.1141
236.110,map,2.6391,2.6901,-0.1122,2.6303,2.6921,-0.1141
236.210,map,2.6391,2.6901,-0.1122,2.6303,2.6921,-0.1141
236.310,map,2.6391,2.6901,-0.1122,2.6303,2.6921,-0.1141
236.410,map,2.6391,2.6901,-0.1122,2.6303,2.6921,-0.1141
236.510,map,2.6391,2.6901,-0.1122,2.6303,2.6921,-0.1141
236.610,map,2.6391,2.6901,-0.1122,2.6303,2.6921,-0.1141
236.710,map,2.6391,2.6901,-0.1122,2.6303,2.6921,-0.1141
236.810,map,2.6391,2.6901,-0.1122,2.6303,2.6921,-0.1141
236.910,map,2.6391,2.6901,-0.1122,2.6303,2.6921,-0.1141
237.010,map,2.6391,2.6901,-0.1122,2.6303,2.6921,-0.1141
237.110,map,2.6391,2.6901,-0.1122,2.6303,2.6921,-0.1141
237.210,map,2.6391,2.6901,-0.1122,2.6303,2.6921,-0.1141
237.310,map,2.6391,2.6901,-0.1122,2.6303,2.6921,-0.1141
237.410,map,2.6391,2.6901,-0.1122,2.6303,2.6921,-0.1141
237.510,map,2.6391,2.6901,-0.1122,2.6303,2.6921,-0.1141
237.610,map,2.6391,2.6901,-0.1122,2.6303,2.6921,-0.1141
237.710,map,2.6391,2.6901,-0.1122,2.6303,2.6921,-0.1141
237.810,map,2.6391,2.6901,-0.1122,2.6303,2.6921,-0.1141
237.910,map,2.6391,2.6901,-0.1122,2.6303,2.6921,-0.1141
238.010,map,2.6391,2.6901,-0.1122,2.6303,2.6921,-0.1141
238.110,map,2.6391,2.6901,-0.1122,2.6303,2.6921,-0.1141
238.210,map,2.6391,2.6901,-0.1122,2.6303,2.6921,-0.1141
238.310,map,2.6391,2.6901,-0.1122,2.6303,2.6921,-0.1141
238.410,map,2.6391,2.6901,-0.1122,2.6303,2.6921,-0.1141
238.510,map,2.6391,2.6901,-0.1122,2.6303,2.6921,-0.1141
238.610,map,2.6391,2.6901,-0.1122,2.6303,2.6921,-0.1141
238.710,map,2.6391,2.6901,-0.1122,2.6303,2.6921,-0.1141
238.810,map,2.6391,2.6901,-0.1122,2.6303,2.6921,-0.1141
238.910,map,2.6391,2.6901,-0.1122,2.6303,2.6921,-0.1141
239.010,map,2.6391,2.6901,-0.1122,2.6303,2.6921,-0.1141
239.110,map,2.6391,2.6901,-0.1122,2.6303,2.6921,-0.1141
239.210,map,2.6391,2.6901,-0.1122,2.6303,2.6921,-0.1141
239.310,map,2.6391,2.6901,-0.1122,2.6303,2.6921,-0.1141
239.410,map,2.6391,2.6901,-0.1122,2.6303,2.6921,-0.1141
239.510,map,2.6391,2.6901,-0.1122,2.6303,2.6921,-0.1141
239.610,map,2.6391,2.6901,-0.1122,2.6303,2.6921,-0.1141
239.710,map,2.6391,2.6901,-0.1122,2.6303,2.6921,-0.1141
239.810,map,2.6391,2.6901,-0.1122,2.6303,2.6921,-0.1141
239.910,map,2.6391,2.6901,-0.1122,2.6303,2.6921,-0.1141
240.010,map,2.6391,2.6901,-0.1122,2.6303,2.6921,-0.1141
240.110,map,2.6391,2.6901,-0.1122,2.6303,2.6921,-0.1141
240.210,map,2.6391,2.6901,-0.1122,2.6303,2.6921,-0.1141
240.310,map,2.6391,2.6901,-0.1122,2.6303,2.6921,-0.1141
240.410,map,2.6391,2.6901,-0.1122,2.6303,2.6921,-0.1141
240.510,map,2.6391,2.6901,-0.1122,2.6303,2.6921,-0.1141
240.610,map,2.6391,2.6901,-0.1122,2.6303,2.6921,-0.1141
240.710,map,2.6391,2.6901,-0.1122,2.6303,2.6921,-0.1141
240.810,map,2.6391,2.6901,-0.1122,2.6303,2.6921,-0.1141
240.910,map,2.6391,2.6901,-0.1122,2.6303,2.6921,-0.1141
241.010,map,2.6391,2.6901,-0.1122,2.6303,2.6921,-0.1141
241.110,map,2.6391,2.6901,-0.1122,2.6303,2.6921,-0.1141
241.210,map,2.6391,2.6901,-0.1122,2.6303,2.6921,-0.1141
241.310,map,2.6391,2.6901,-0.1122,2.6303,2.6921,-0.1141
241.410,map,2.6391,2.6901,-0.1122,2.6303,2.6921,-0.1141
241.510,map,2.6391,2.6901,-0.1122,2.6303,2.6921,-0.1141
241.610,map,2.6391,2.6901,-0.1122,2.6303,2.6921,-0.1141
241.710,map,2.6391,2.6901,-0.1122,2.6303,2.6921,-0.1141
241.810,map,2.6391,2.6901,-0.1122,2.6303,2.6921,-0.1141
241.910,map,2.6391,2.6901,-0.1122,2.6303,2.6921,-0.1141
242.010,map,2.6391,2.6901,-0.1122,2.6303,2.6921,-0.1141
242.110,map,2.6391,2.6901,-0.1122,2.6303,2.6921,-0.1141
242.210,map,2.6391,2.6901,-0.1122,2.6303,2.6921,-0.1141
242.310,map,2.6391,2.6901,-0.1122,2.6303,2.6921,-0.1141
242.410,map,2.6391,2.6901,-0.1122,2.6303,2.6921,-0.1141
242.510,map,2.6391,2.6901,-0.1122,2.6303,2.6921,-0.1141
242.610,map,2.6391,2.6901,-0.1122,2.6303,2.6921,-0.1141
242.710,map,2.6391,2.6901,-0.1122,2.6303,2.6921,-0.1141
242.810,map,2.6391,2.6901,-0.1122,2.6303,2.6921,-0.1141
242.910,map,2.6391,2.6901,-0.1122,2.6303,2.6921,-0.1141
243.010,map,2.6391,2.6901,-0.1122,2.6303,2.6921,-0.1141
243.110,map,2.6391,2.6901,-0.1122,2.6303,2.6921,-0.1141
243.210,map,2.6391,2.6901,-0.1122,2.6303,2.6921,-0.1141
243.310,map,2.6391,2.6901,-0.1122,2.6303,2.6921,-0.1141
243.410,map,2.6391,2.6901,-0.1122,2.6303,2.6921,-0.1141
243.510,map,2.6391,2.6901,-0.1122,2.6303,2.6921,-0.1141
243.610,map,2.6391,2.6901,-0.1122,2.6303,2.6921,-0.1141
243.710,map,2.6391,2.6901,-0.1122,2.6303,2.6921,-0.1141
243.810,map,2.6391,2.6901,-0.1122,2.6303,2.6921,-0.1141
243.910,map,2.6391,2.6901,-0.1122,2.6303,2.6921,-0.1141
244.010,map,2.6391,2.6901,-0.1122,2.6303,2.6921,-0.1141
244.110,map,2.6391,2.6901,-0.1122,2.6303,2.6921,-0.1141
244.210,map,2.6391,2.6901,-0.1122,2.6303,2.6921,-0.1141
244.310,map,2.6391,2.6901,-0.1122,2.6303,2.6921,-0.1141
244.410,map,2.6391,2.6901,-0.1122,2.6303,2.6921,-0.1141
244.510,map,2.6391,2.6901,-0.1122,2.6303,2.6921,-0.1141
244.610,map,2.6391,2.6901,-0.1122,2.6303,2.6921,-0.1141
244.710,map,2.6391,2.6901,-0.1122,2.6303,2.6921,-0.1141
244.810,map,2.6391,2.6901,-0.1122,2.6303,2.6921,-0.1141
244.910,map,2.6391,2.6901,-0.1122,2.6303,2.6921,-0.1141
245.010,map,2.6391,2.6901,-0.1122,2.6303,2.6921,-0.1141
245.110,map,2.6391,2.6901,-0.1122,2.6303,2.6921,-0.1141
245.210,map,2.6391,2.6901,-0.1122,2.6303,2.6921,-0.1141
245.310,map,2.6391,2.6901,-0.1122,2.6303,2.6921,-0.1141
245.410,map,2.6391,2.6901,-0.1122,2.6303,2.6921,-0.1141
245.510,map,2.6391,2.6901,-0.1122,2.6303,2.6921,-0.1141
245.610,map,2.6391,2.6901,-0.1122,2.6303,2.6921,-0.1141
245.710,map,2.6391,2.6901,-0.1122,2.6303,2.6921,-0.1141
245.810,map,2.6391,2.6901,-0.1122,2.6303,2.6921,-0.1141
245.910,map,2.6391,2.6901,-0.1122,2.6303,2.6921,-0.1141
246.010,map,2.6391,2.6901,-0.1122,2.6303,2.6921,-0.1141
246.110,map,2.6391,2.6901,-0.1122,2.6303,2.6921,-0.1141
246.210,map,2.6391,2.6901,-0.1122,2.6303,2.6921,-0.1141
246.310,map,2.6391,2.6901,-0.1122,2.6303,2.6921,-0.1141
246.410,map,2.6391,2.6901,-0.1122,2.6303,2.6921,-0.1141
246.510,map,2.6391,2.6901,-0.1122,2.6303,2.6921,-0.1141
246.610,map,2.6391,2.6901,-0.1122,2.6303,2.6921,-0.1141
246.710,map,2.6391,2.6901,-0.1122,2.6303,2.6921,-0.1141
246.810,map,2.6391,2.6901,-0.1122,2.6303,2.6921,-0.1141
246.910,map,2.6391,2.6901,-0.1122,2.6303,2.6921,-0.1141
247.010,map,2.6391,2.6901,-0.1122,2.6303,2.6921,-0.1141
247.110,map,2.6391,2.6901,-0.1122,2.6303,2.6921,-0.1141
247.210,map,2.6391,2.6901,-0.1122,2.6303,2.6921,-0.1141
247.310,map,2.6391,2.6901,-0.1122,2.6303,2.6921,-0.1141
247.410,map,2.6391,2.6901,-0.1122,2.6303,2.6921,-0.1141
247.510,map,2.6391,2.6901,-0.1122,2.6303,2.6921,-0.1141
247.610,map,2.6391,2.6901,-0.1122,2.6303,2.6921,-0.1141
247.710,map,2.6391,2.6901,-0.1122,2.6303,2.6921,-0.1141
247.810,map,2.6391,2.6901,-0.1122,2.6303,2.6921,-0.1141
247.910,map,2.6391,2.6901,-0.1122,2.6303,2.6921,-0.1141
248.010,map,2.6391,2.6901,-0.1122,2.6303,2.6921,-0.1141
248.110,map,2.6391,2.6901,-0.1122,2.6303,2.6921,-0.1141
248.210,map,2.6391,2.6901,-0.1122,2.6303,2.6921,-0.1141
248.310,map,2.6391,2.6901,-0.1122,2.6303,2.6921,-0.1141
248.410,map,2.6391,2.6901,-0.1122,2.6303,2.6921,-0.1141
248.510,map,2.6391,2.6901,-0.1122,2.6303,2.6921,-0.1141
248.610,map,2.6391,2.6901,-0.1122,2.6303,2.6921,-0.1141
248.710,map,2.6391,2.6901,-0.1122,2.6303,2.6921,-0.1141
248.810,map,2.6391,2.6901,-0.1122,2.6303,2.6921,-0.1141
248.910,map,2.6391,2.6901,-0.1122,2.6303,2.6921,-0.1141
249.010,map,2.6391,2.6901,-0.1122,2.6303,2.6921,-0.1141
249.110,map,2.6391,2.6901,-0.1122,2.6303,2.6921,-0.1141
249.210,map,2.6391,2.6901,-0.1122,2.6303,2.6921,-0.1141
249.310,map,2.6391,2.6901,-0.1122,2.6303,2.6921,-0.1141
249.410,map,2.6391,2.6901,-0.1122,2.6303,2.6921,-0.1141
249.510,map,2.6391,2.6901,-0.1122,2.6303,2.6921,-0.1141
249.610,map,2.6391,2.6901,-0.1122,2.6303,2.6921,-0.1141
249.710,map,2.6391,2.6901,-0.1122,2.6303,2.6921,-0.1141
249.810,map,2.6391,2.6901,-0.1122,2.6303,2.6921,-0.1141
249.910,map,2.6391,2.6901,-0.1122,2.6303,2.6921,-0.1141
250.010,map,2.6391,2.6901,-0.1122,2.6303,2.6921,-0.1141
250.110,map,2.6391,2.6901,-0.1122,2.6303,2.6921,-0.1141
250.210,map,2.6391,2.6901,-0.1122,2.6303,2.6921,-0.1141
250.310,map,2.6391,2.6901,-0.1122,2.6303,2.6921,-0.1141
250.410,map,2.6391,2.6901,-0.1122,2.6303,2.6921,-0.1141
250.510,map,2.6391,2.6901,-0.1122,2.6303,2.6921,-0.1141
250.610,map,2.6391,2.6901,-0.1122,2.6303,2.6921,-0.1141
250.710,map,2.6391,2.6901,-0.1122,2.6303,2.6921,-0.1141
250.810,map,2.6391,2.6901,-0.1122,2.6303,2.6921,-0.1141
250.910,map,2.6391,2.6901,-0.1122,2.6303,2.6921,-0.1141
251.010,map,2.6391,2.6901,-0.1122,2.6303,2.6921,-0.1141
251.110,map,2.6391,2.6901,-0.1122,2.6303,2.6921,-0.1141
251.210,map,2.6391,2.6901,-0.1122,2.6303,2.6921,-0.1141
251.310,map,2.6391,2.6901,-0.1122,2.6303,2.6921,-0.1141
251.410,map,2.6391,2.6901,-0.1122,2.6303,2.6921,-0.1141
251.510,map,2.6391,2.6901,-0.1122,2.6303,2.6921,-0.1141
251.610,map,2.6391,2.6901,-0.1122,2.6303,2.6921,-0.1141
251.710,map,2.6391,2.6901,-0.1122,2.6303,2.6921,-0.1141
251.810,map,2.6391,2.6901,-0.1122,2.6303,2.6921,-0.1141
251.910,map,2.6391,2.6901,-0.1122,2.6303,2.6921,-0.1141
252.010,map,2.6391,2.6901,-0.1122,2.6303,2.6921,-0.1141
252.110,map,2.6391,2.6901,-0.1122,2.6303,2.6921,-0.1141
252.210,map,2.6391,2.6901,-0.1122,2.6303,2.6921,-0.1141
252.310,map,2.6391,2.6901,-0.1122,2.6303,2.6921,-0.1141
252.410,map,2.6391,2.6901,-0.1122,2.6303,2.6921,-0.1141
252.510,map,2.6391,2.6901,-0.1122,2.6303,2.6921,-0.1141
252.610,map,2.6391,2.6901,-0.1122,2.6303,2.6921,-0.1141
252.710,map,2.6391,2.6901,-0.1122,2.6303,2.6921,-0.1141
252.810,map,2.6391,2.6901,-0.1122,2.6303,2.6921,-0.1141
252.910,map,2.6391,2.6901,-0.1122,2.6303,2.6921,-0.1141
253.010,map,2.6391,2.6901,-0.1122,2.6303,2.6921,-0.1141
253.110,map,2.6391,2.6901,-0.1122,2.6303,2.6921,-0.1141
253.210,map,2.6391,2.6901,-0.1122,2.6303,2.6921,-0.1141
253.310,map,2.6391,2.6901,-0.1122,2.6303,2.6921,-0.1141
253.410,map,2.6391,2.6901,-0.1122,2.6303,2.6921,-0.1141
253.510,map,2.6391,2.6901,-0.1122,2.6303,2.6921,-0.1141
253.610,map,2.6391,2.6901,-0.1122,2.6303,2.6921,-0.1141
253.710,map,2.6391,2.6901,-0.1122,2.6303,2.6921,-0.1141
253.810,map,2.6391,2.6901,-0.1122,2.6303,2.6921,-0.1141
253.910,map,2.6391,2.6901,-0.1122,2.6303,2.6921,-0.1141
254.010,map,2.6391,2.6901,-0.1122,2.6303,2.6921,-0.1141
254.110,map,2.6391,2.6901,-0.1122,2.6303,2.6921,-0.1141
254.210,map,2.6391,2.6901,-0.1122,2.6303,2.6921,-0.1141
254.310,map,2.6391,2.6901,-0.1122,2.6303,2.6921,-0.1141
254.410,map,2.6391,2.6901,-0.1122,2.6303,2.6921,-0.1141
254.510,map,2.6391,2.6901,-0.1122,2.6303,2.6921,-0.1141
254.610,map,2.6391,2.6901,-0.1122,2.6303,2.6921,-0.1141
254.710,map,2.6391,2.6901,-0.1122,2.6303,2.6921,-0.1141
254.810,map,2.6391,2.6901,-0.1122,2.6303,2.6921,-0.1141
254.910,map,2.6391,2.6901,-0.1122,2.6303,2.6921,-0.1141
255.010,map,2.6391,2.6901,-0.1122,2.6303,2.6921,-0.1141
255.110,map,2.6391,2.6901,-0.1122,2.6303,2.6921,-0.1141
255.210,map,2.6391,2.6901,-0.1122,2.6303,2.6921,-0.1141
255.310,map,2.6391,2.6901,-0.1122,2.6303,2.6921,-0.1141
255.410,map,2.6391,2.6901,-0.1122,2.6303,2.6921,-0.1141
255.510,map,2.6391,2.6901,-0.1122,2.6303,2.6921,-0.1141
255.610,map,2.6391,2.6901,-0.1122,2.6303,2.6921,-0.1141
255.710,map,2.6391,2.6901,-0.1122,2.6303,2.6921,-0.1141
255.810,map,2.6391,2.6901,-0.1122,2.6303,2.6921,-0.1141
255.910,map,2.6391,2.6901,-0.1122,2.6303,2.6921,-0.1141
256.010,map,2.6391,2.6901,-0.1122,2.6303,2.6921,-0.1141
256.110,map,2.6391,2.6901,-0.1122,2.6303,2.6921,-0.1141
256.210,map,2.6391,2.6901,-0.1122,2.6303,2.6921,-0.1141
256.310,map,2.6391,2.6901,-0.1122,2.6303,2.6921,-0.1141
256.410,map,2.6391,2.6901,-0.1122,2.6303,2.6921,-0.1141
256.510,map,2.6391,2.6901,-0.1122,2.6303,2.6921,-0.1141
256.610,map,2.6391,2.6901,-0.1122,2.6303,2.6921,-0.1141
256.710,map,2.6391,2.6901,-0.1122,2.6303,2.6921,-0.1141
256.810,map,2.6391,2.6901,-0.1122,2.6303,2.6921,-0.1141
256.910,map,2.6391,2.6901,-0.1122,2.6303,2.6921,-0.1141
257.010,map,2.6391,2.6901,-0.1122,2.6303,2.6921,-0.1141
257.110,map,2.6391,2.6901,-0.1122,2.6303,2.6921,-0.1141
257.210,map,2.6391,2.6901,-0.1122,2.6303,2.6921,-0.1141
257.310,map,2.6391,2.6901,-0.1122,2.6303,2.6921,-0.1141
257.410,map,2.6391,2.6901,-0.1122,2.6303,2.6921,-0.1141
257.510,map,2.6391,2.6901,-0.1122,2.6303,2.6921,-0.1141
257.610,map,2.6391,2.6901,-0.1122,2.6303,2.6921,-0.1141
257.710,map,2.6391,2.6901,-0.1122,2.6303,2.6921,-0.1141
257.810,map,2.6391,2.6901,-0.1122,2.6303,2.6921,-0.1141
257.910,map,2.6391,2.6901,-0.1122,2.6303,2.6921,-0.1141
258.010,map,2.6391,2.6901,-0.1122,2.6303,2.6921,-0.1141
258.110,map,2.6391,2.6901,-0.1122,2.6303,2.6921,-0.1141
258.210,map,2.6391,2.6901,-0.1122,2.6303,2.6921,-0.1141
258.310,map,2.6391,2.6901,-0.1122,2.6303,2.6921,-0.1141
258.410,map,2.6391,2.6901,-0.1122,2.6303,2.6921,-0.1141
258.510,map,2.6391,2.6901,-0.1122,2.6303,2.6921,-0.1141
258.610,map,2.6391,2.6901,-0.1122,2.6303,2.6921,-0.1141
258.710,map,2.6391,2.6901,-0.1122,2.6303,2.6921,-0.1141
258.810,map,2.6391,2.6901,-0.1122,2.6303,2.6921,-0.1141
258.910,map,2.6391,2.6901,-0.1122,2.6303,2.6921,-0.1141
259.010,map,2.6391,2.6901,-0.1122,2.6303,2.6921,-0.1141
259.110,map,2.6391,2.6901,-0.1122,2.6303,2.6921,-0.1141
259.210,map,2.6391,2.6901,-0.1122,2.6303,2.6921,-0.1141
259.310,map,2.6391,2.6901,-0.1122,2.6303,2.6921,-0.1141
259.410,map,2.6391,2.6901,-0.1122,2.6303,2.6921,-0.1141
259.510,map,2.6391,2.6901,-0.1122,2.6303,2.6921,-0.1141
259.610,map,2.6391,2.6901,-0.1122,2.6303,2.6921,-0.1141
259.710,map,2.6391,2.6901,-0.1122,2.6303,2.6921,-0.1141
259.810,map,2.6391,2.6901,-0.1122,2.6303,2.6921,-0.1141
259.910,map,2.6391,2.6901,-0.1122,2.6303,2.6921,-0.1141
260.010,map,2.6391,2.6901,-0.1122,2.6303,2.6921,-0.1141
260.110,map,2.6391,2.6901,-0.1122,2.6303,2.6921,-0.1141
260.210,map,2.6391,2.6901,-0.1122,2.6303,2.6921,-0.1141
260.310,map,2.6391,2.6901,-0.1122,2.6303,2.6921,-0.1141
260.410,map,2.6391,2.6901,-0.1122,2.6303,2.6921,-0.1141
260.510,map,2.6391,2.6901,-0.1122,2.6303,2.6921,-0.1141
260.610,map,2.6391,2.6901,-0.1122,2.6303,2.6921,-0.1141
260.710,map,2.6391,2.6901,-0.1122,2.6303,2.6921,-0.1141
260.810,map,2.6391,2.6901,-0.1122,2.6303,2.6921,-0.1141
260.910,map,2.6391,2.6901,-0.1122,2.6303,2.6921,-0.1141
261.010,map,2.6391,2.6901,-0.1122,2.6303,2.6921,-0.1141
261.110,map,2.6391,2.6901,-0.1122,2.6303,2.6921,-0.1141
261.210,map,2.6391,2.6901,-0.1122,2.6303,2.6921,-0.1141
261.310,map,2.6391,2.6901,-0.1122,2.6303,2.6921,-0.1141
261.410,map,2.6391,2.6901,-0.1122,2.6303,2.6921,-0.1141
261.510,map,2.6391,2.6901,-0.1122,2.6303,2.6921,-0.1141
261.610,map,2.6391,2.6901,-0.1122,2.6303,2.6921,-0.1141
261.710,map,2.6391,2.6901,-0.1122,2.6303,2.6921,-0.1141
261.810,map,2.6391,2.6901,-0.1122,2.6303,2.6921,-0.1141
261.910,map,2.6391,2.6901,-0.1122,2.6303,2.6921,-0.1141
262.010,map,2.6391,2.6901,-0.1122,2.6303,2.6921,-0.1141
262.110,map,2.6391,2.6901,-0.1122,2.6303,2.6921,-0.1141
262.210,map,2.6391,2.6901,-0.1122,2.6303,2.6921,-0.1141
262.310,map,2.6391,2.6901,-0.1122,2.6303,2.6921,-0.1141
262.410,map,2.6391,2.6901,-0.1122,2.6303,2.6921,-0.1141
262.510,map,2.6391,2.6901,-0.1122,2.6303,2.6921,-0.1141
262.610,map,2.6391,2.6901,-0.1122,2.6303,2.6921,-0.1141
262.710,map,2.6391,2.6901,-0.1122,2.6303,2.6921,-0.1141
262.810,map,2.6391,2.6901,-0.1122,2.6303,2.6921,-0.1141
262.910,map,2.6391,2.6901,-0.1122,2.6303,2.6921,-0.1141
263.010,map,2.6391,2.6901,-0.1122,2.6303,2.6921,-0.1141
263.110,map,2.6391,2.6901,-0.1122,2.6303,2.6921,-0.1141
263.210,map,2.6391,2.6901,-0.1122,2.6303,2.6921,-0.1141
263.310,map,2.6391,2.6901,-0.1122,2.6303,2.6921,-0.1141
263.410,map,2.6391,2.6901,-0.1122,2.6303,2.6921,-0.1141
263.510,map,2.6391,2.6901,-0.1122,2.6303,2.6921,-0.1141
263.610,map,2.6391,2.6901,-0.1122,2.6303,2.6921,-0.1141
263.710,map,2.6391,2.6901,-0.1122,2.6303,2.6921,-0.1141
263.810,map,2.6391,2.6901,-0.1122,2.6303,2.6921,-0.1141
263.910,map,2.6391,2.6901,-0.1122,2.6303,2.6921,-0.1141
264.010,map,2.6391,2.6901,-0.1122,2.6303,2.6921,-0.1141
264.110,map,2.6391,2.6901,-0.1122,2.6303,2.6921,-0.1141
264.210,map,2.6391,2.6901,-0.1122,2.6303,2.6921,-0.1141
264.310,map,2.6391,2.6901,-0.1122,2.6303,2.6921,-0.1141
264.410,map,2.6391,2.6901,-0.1122,2.6303,2.6921,-0.1141
264.510,map,2.6391,2.6901,-0.1122,2.6303,2.6921,-0.1141
264.610,map,2.6391,2.6901,-0.1122,2.6303,2.6921,-0.1141
264.710,map,2.6391,2.6901,-0.1122,2.6303,2.6921,-0.1141
264.810,map,2.6391,2.6901,-0.1122,2.6303,2.6921,-0.1141
264.910,map,2.6391,2.6901,-0.1122,2.6303,2.6921,-0.1141
265.010,map,2.6391,2.6901,-0.1122,2.6303,2.6921,-0.1141
265.110,map,2.6391,2.6901,-0.1122,2.6303,2.6921,-0.1141
265.210,map,2.6391,2.6901,-0.1122,2.6303,2.6921,-0.1141
265.310,map,2.6391,2.6901,-0.1122,2.6303,2.6921,-0.1141
265.410,map,2.6391,2.6901,-0.1122,2.6303,2.6921,-0.1141
265.510,map,2.6391,2.6901,-0.1122,2.6303,2.6921,-0.1141
265.610,map,2.6391,2.6901,-0.1122,2.6303,2.6921,-0.1141
265.710,map,2.6391,2.6901,-0.1122,2.6303,2.6921,-0.1141
265.810,map,2.6391,2.6901,-0.1122,2.6303,2.6921,-0.1141
265.910,map,2.6391,2.6901,-0.1122,2.6303,2.6921,-0.1141
266.010,map,2.6391,2.6901,-0.1122,2.6303,2.6921,-0.1141
266.110,map,2.6391,2.6901,-0.1122,2.6303,2.6921,-0.1141
266.210,map,2.6391,2.6901,-0.1122,2.6303,2.6921,-0.1141
266.310,map,2.6391,2.6901,-0.1122,2.6303,2.6921,-0.1141
266.410,map,2.6391,2.6901,-0.1122,2.6303,2.6921,-0.1141
266.510,map,2.6391,2.6901,-0.1122,2.6303,2.6921,-0.1141
266.610,map,2.6391,2.6901,-0.1122,2.6303,2.6921,-0.1141
266.710,map,2.6391,2.6901,-0.1122,2.6303,2.6921,-0.1141
266.810,map,2.6391,2.6901,-0.1122,2.6303,2.6921,-0.1141
266.910,map,2.6391,2.6901,-0.1122,2.6303,2.6921,-0.1141
267.010,map,2.6391,2.6901,-0.1122,2.6303,2.6921,-0.1141
267.110,map,2.6391,2.6901,-0.1122,2.6303,2.6921,-0.1141
267.210,map,2.6391,2.6901,-0.1122,2.6303,2.6921,-0.1141
267.310,map,2.6391,2.6901,-0.1122,2.6303,2.6921,-0.1141
267.410,map,2.6391,2.6901,-0.1122,2.6303,2.6921,-0.1141
267.510,map,2.6391,2.6901,-0.1122,2.6303,2.6921,-0.1141
267.610,map,2.6391,2.6901,-0.1122,2.6303,2.6921,-0.1141
267.710,map,2.6391,2.6901,-0.1122,2.6303,2.6921,-0.1141
267.810,map,2.6391,2.6901,-0.1122,2.6303,2.6921,-0.1141
267.910,map,2.6391,2.6901,-0.1122,2.6303,2.6921,-0.1141
268.010,map,2.6391,2.6901,-0.1122,2.6303,2.6921,-0.1141
268.110,map,2.6391,2.6901,-0.1122,2.6303,2.6921,-0.1141
268.210,map,2.6391,2.6901,-0.1122,2.6303,2.6921,-0.1141
268.310,map,2.6391,2.6901,-0.1122,2.6303,2.6921,-0.1141
268.410,map,2.6391,2.6901,-0.1122,2.6303,2.6921,-0.1141
268.510,map,2.6391,2.6901,-0.1122,2.6303,2.6921,-0.1141
268.610,map,2.6391,2.6901,-0.1122,2.6303,2.6921,-0.1141
268.710,map,2.6391,2.6901,-0.1122,2.6303,2.6921,-0.1141
268.810,map,2.6391,2.6901,-0.1122,2.6303,2.6921,-0.1141
268.910,map,2.6391,2.6901,-0.1122,2.6303,2.6921,-0.1141
269.010,map,2.6391,2.6901,-0.1122,2.6303,2.6921,-0.1141
269.110,map,2.6391,2.6901,-0.1122,2.6303,2.6921,-0.1141
269.210,map,2.6391,2.6901,-0.1122,2.6303,2.6921,-0.1141
269.310,map,2.6391,2.6901,-0.1122,2.6303,2.6921,-0.1141
269.410,map,2.6391,2.6901,-0.1122,2.6303,2.6921,-0.1141
269.510,map,2.6391,2.6901,-0.1122,2.6303,2.6921,-0.1141
269.610,map,2.6391,2.6901,-0.1122,2.6303,2.6921,-0.1141
269.710,map,2.6391,2.6901,-0.1122,2.6303,2.6921,-0.1141
269.810,map,2.6391,2.6901,-0.1122,2.6303,2.6921,-0.1141
269.910,map,2.6391,2.6901,-0.1122,2.6303,2.6921,-0.1141
270.010,map,2.6391,2.6901,-0.1122,2.6303,2.6921,-0.1141
270.110,map,2.6391,2.6901,-0.1122,2.6303,2.6921,-0.1141
270.210,map,2.6391,2.6901,-0.1122,2.6303,2.6921,-0.1141
270.310,map,2.6391,2.6901,-0.1122,2.6303,2.6921,-0.1141
270.410,map,2.6391,2.6901,-0.1122,2.6303,2.6921,-0.1141
270.510,map,2.6391,2.6901,-0.1122,2.6303,2.6921,-0.1141
270.610,map,2.6391,2.6901,-0.1122,2.6303,2.6921,-0.1141
270.710,map,2.6391,2.6901,-0.1122,2.6303,2.6921,-0.1141
270.810,map,2.6391,2.6901,-0.1122,2.6303,2.6921,-0.1141
270.910,map,2.6391,2.6901,-0.1122,2.6303,2.6921,-0.1141
271.010,map,2.6391,2.6901,-0.1122,2.6303,2.6921,-0.1141
271.110,map,2.6391,2.6901,-0.1122,2.6303,2.6921,-0.1141
271.210,map,2.6391,2.6901,-0.1122,2.6303,2.6921,-0.1141
271.310,map,2.6391,2.6901,-0.1122,2.6303,2.6921,-0.1141
271.410,map,2.6391,2.6901,-0.1122,2.6303,2.6921,-0.1141
271.510,map,2.6391,2.6901,-0.1122,2.6303,2.6921,-0.1141
271.610,map,2.6391,2.6901,-0.1122,2.6303,2.6921,-0.1141
271.710,map,2.6391,2.6901,-0.1122,2.6303,2.6921,-0.1141
271.810,map,2.6391,2.6901,-0.1122,2.6303,2.6921,-0.1141
271.910,map,2.6391,2.6901,-0.1122,2.6303,2.6921,-0.1141
272.010,map,2.6391,2.6901,-0.1122,2.6303,2.6921,-0.1141
272.110,map,2.6391,2.6901,-0.1122,2.6303,2.6921,-0.1141
272.210,map,2.6391,2.6901,-0.1122,2.6303,2.6921,-0.1141
272.310,map,2.6391,2.6901,-0.1122,2.6303,2.6921,-0.1141
272.410,map,2.6391,2.6901,-0.1122,2.6303,2.6921,-0.1141
272.510,map,2.6391,2.6901,-0.1122,2.6303,2.6921,-0.1141
272.610,map,2.6391,2.6901,-0.1122,2.6303,2.6921,-0.1141
272.710,map,2.6391,2.6901,-0.1122,2.6303,2.6921,-0.1141
272.810,map,2.6391,2.6901,-0.1122,2.6303,2.6921,-0.1141
272.910,map,2.6391,2.6901,-0.1122,2.6303,2.6921,-0.1141
273.010,map,2.6391,2.6901,-0.1122,2.6303,2.6921,-0.1141
273.110,map,2.6391,2.6901,-0.1122,2.6303,2.6921,-0.1141
273.210,map,2.6391,2.6901,-0.1122,2.6303,2.6921,-0.1141
273.310,map,2.6391,2.6901,-0.1122,2.6303,2.6921,-0.1141
273.410,map,2.6391,2.6901,-0.1122,2.6303,2.6921,-0.1141
273.510,map,2.6391,2.6901,-0.1122,2.6303,2.6921,-0.1141
273.610,map,2.6391,2.6901,-0.1122,2.6303,2.6921,-0.1141
273.710,map,2.6391,2.6901,-0.1122,2.6303,2.6921,-0.1141
273.810,map,2.6391,2.6901,-0.1122,2.6303,2.6921,-0.1141
273.910,map,2.6391,2.6901,-0.1122,2.6303,2.6921,-0.1141
274.010,map,2.6391,2.6901,-0.1122,2.6303,2.6921,-0.1141
274.110,map,2.6391,2.6901,-0.1122,2.6303,2.6921,-0.1141
274.210,map,2.6391,2.6901,-0.1122,2.6303,2.6921,-0.1141
274.310,map,2.6391,2.6901,-0.1122,2.6303,2.6921,-0.1141
274.410,map,2.6391,2.6901,-0.1122,2.6303,2.6921,-0.1141
274.510,map,2.6391,2.6901,-0.1122,2.6303,2.6921,-0.1141
274.610,map,2.6391,2.6901,-0.1122,2.6303,2.6921,-0.1141
274.710,map,2.6391,2.6901,-0.1122,2.6303,2.6921,-0.1141
274.810,map,2.6391,2.6901,-0.1122,2.6303,2.6921,-0.1141
274.910,map,2.6391,2.6901,-0.1122,2.6303,2.6921,-0.1141
275.010,map,2.6391,2.6901,-0.1122,2.6303,2.6921,-0.1141
275.110,map,2.6391,2.6901,-0.1122,2.6303,2.6921,-0.1141
275.210,map,2.6391,2.6901,-0.1122,2.6303,2.6921,-0.1141
275.310,map,2.6391,2.6901,-0.1122,2.6303,2.6921,-0.1141
275.410,map,2.6391,2.6901,-0.1122,2.6303,2.6921,-0.1141
275.510,map,2.6391,2.6901,-0.1122,2.6303,2.6921,-0.1141
275.610,map,2.6391,2.6901,-0.1122,2.6303,2.6921,-0.1141
275.710,map,2.6391,2.6901,-0.1122,2.6303,2.6921,-0.1141
275.810,map,2.6391,2.6901,-0.1122,2.6303,2.6921,-0.1141
275.910,map,2.6391,2.6901,-0.1122,2.6303,2.6921,-0.1141
276.010,map,2.6391,2.6901,-0.1122,2.6303,2.6921,-0.1141
276.110,map,2.6391,2.6901,-0.1122,2.6303,2.6921,-0.1141
276.210,map,2.6391,2.6901,-0.1122,2.6303,2.6921,-0.1141
276.310,map,2.6391,2.6901,-0.1122,2.6303,2.6921,-0.1141
276.410,map,2.6391,2.6901,-0.1122,2.6303,2.6921,-0.1141
276.510,map,2.6391,2.6901,-0.1122,2.6303,2.6921,-0.1141
276.610,map,2.6391,2.6901,-0.1122,2.6303,2.6921,-0.1141
276.710,map,2.6391,2.6901,-0.1122,2.6303,2.6921,-0.1141
276.810,map,2.6391,2.6901,-0.1122,2.6303,2.6921,-0.1141
276.910,map,2.6391,2.6901,-0.1122,2.6303,2.6921,-0.1141
277.010,map,2.6391,2.6901,-0.1122,2.6303,2.6921,-0.1141
277.110,map,2.6391,2.6901,-0.1122,2.6303,2.6921,-0.1141
277.210,map,2.6391,2.6901,-0.1122,2.6303,2.6921,-0.1141
277.310,map,2.6391,2.6901,-0.1122,2.6303,2.6921,-0.1141
277.410,map,2.6391,2.6901,-0.1122,2.6303,2.6921,-0.1141
277.510,map,2.6391,2.6901,-0.1122,2.6303,2.6921,-0.1141
277.610,map,2.6391,2.6901,-0.1122,2.6303,2.6921,-0.1141
277.710,map,2.6391,2.6901,-0.1122,2.6303,2.6921,-0.1141
277.810,map,2.6391,2.6901,-0.1122,2.6303,2.6921,-0.1141
277.910,map,2.6391,2.6901,-0.1122,2.6303,2.6921,-0.1141
278.010,map,2.6391,2.6901,-0.1122,2.6303,2.6921,-0.1141
278.110,map,2.6391,2.6901,-0.1122,2.6303,2.6921,-0.1141
278.210,map,2.6391,2.6901,-0.1122,2.6303,2.6921,-0.1141
278.310,map,2.6391,2.6901,-0.1122,2.6303,2.6921,-0.1141
278.410,map,2.6391,2.6901,-0.1122,2.6303,2.6921,-0.1141
278.510,map,2.6391,2.6901,-0.1122,2.6303,2.6921,-0.1141
278.610,map,2.6391,2.6901,-0.1122,2.6303,2.6921,-0.1141
278.710,map,2.6391,2.6901,-0.1122,2.6303,2.6921,-0.1141
278.810,map,2.6391,2.6901,-0.1122,2.6303,2.6921,-0.1141
278.910,map,2.6391,2.6901,-0.1122,2.6303,2.6921,-0.1141
279.010,map,2.6391,2.6901,-0.1122,2.6303,2.6921,-0.1141
279.110,map,2.6391,2.6901,-0.1122,2.6303,2.6921,-0.1141
279.210,map,2.6391,2.6901,-0.1122,2.6303,2.6921,-0.1141
279.310,map,2.6391,2.6901,-0.1122,2.6303,2.6921,-0.1141
279.410,map,2.6391,2.6901,-0.1122,2.6303,2.6921,-0.1141
279.510,map,2.6391,2.6901,-0.1122,2.6303,2.6921,-0.1141
279.610,map,2.6391,2.6901,-0.1122,2.6303,2.6921,-0.1141
279.710,map,2.6391,2.6901,-0.1122,2.6303,2.6921,-0.1141
279.810,map,2.6391,2.6901,-0.1122,2.6303,2.6921,-0.1141
279.910,map,2.6391,2.6901,-0.1122,2.6303,2.6921,-0.1141
280.010,map,2.6391,2.6901,-0.1122,2.6303,2.6921,-0.1141
280.110,map,2.6391,2.6901,-0.1122,2.6303,2.6921,-0.1141
280.210,map,2.6391,2.6901,-0.1122,2.6303,2.6921,-0.1141
280.310,map,2.6391,2.6901,-0.1122,2.6303,2.6921,-0.1141
280.410,map,2.6391,2.6901,-0.1122,2.6303,2.6921,-0.1141
280.510,map,2.6391,2.6901,-0.1122,2.6303,2.6921,-0.1141
280.610,map,2.6391,2.6901,-0.1122,2.6303,2.6921,-0.1141
280.710,map,2.6391,2.6901,-0.1122,2.6303,2.6921,-0.1141
280.810,map,2.6391,2.6901,-0.1122,2.6303,2.6921,-0.1141
280.910,map,2.6391,2.6901,-0.1122,2.6303,2.6921,-0.1141
281.010,map,2.6391,2.6901,-0.1122,2.6303,2.6921,-0.1141
281.110,map,2.6391,2.6901,-0.1122,2.6303,2.6921,-0.1141
281.210,map,2.6391,2.6901,-0.1122,2.6303,2.6921,-0.1141
281.310,map,2.6391,2.6901,-0.1122,2.6303,2.6921,-0.1141
281.410,map,2.6391,2.6901,-0.1122,2.6303,2.6921,-0.1141
281.510,map,2.6391,2.6901,-0.1122,2.6303,2.6921,-0.1141
281.610,map,2.6391,2.6901,-0.1122,2.6303,2.6921,-0.1141
281.710,map,2.6391,2.6901,-0.1122,2.6303,2.6921,-0.1141
281.810,map,2.6391,2.6901,-0.1122,2.6303,2.6921,-0.1141
281.910,map,2.6391,2.6901,-0.1122,2.6303,2.6921,-0.1141
282.010,map,2.6391,2.6901,-0.1122,2.6303,2.6921,-0.1141
282.110,map,2.6391,2.6901,-0.1122,2.6303,2.6921,-0.1141
282.210,map,2.6391,2.6901,-0.1122,2.6303,2.6921,-0.1141
282.310,map,2.6391,2.6901,-0.1122,2.6303,2.6921,-0.1141
282.410,map,2.6391,2.6901,-0.1122,2.6303,2.6921,-0.1141
282.510,map,2.6391,2.6901,-0.1122,2.6303,2.6921,-0.1141
282.610,map,2.6391,2.6901,-0.1122,2.6303,2.6921,-0.1141
282.710,map,2.6391,2.6901,-0.1122,2.6303,2.6921,-0.1141
282.810,map,2.6391,2.6901,-0.1122,2.6303,2.6921,-0.1141
282.910,map,2.6391,2.6901,-0.1122,2.6303,2.6921,-0.1141
283.010,map,2.6391,2.6901,-0.1122,2.6303,2.6921,-0.1141
283.110,map,2.6391,2.6901,-0.1122,2.6303,2.6921,-0.1141
283.210,map,2.6391,2.6901,-0.1122,2.6303,2.6921,-0.1141
283.310,map,2.6391,2.6901,-0.1122,2.6303,2.6921,-0.1141
283.410,map,2.6391,2.6901,-0.1122,2.6303,2.6921,-0.1141
283.510,map,2.6391,2.6901,-0.1122,2.6303,2.6921,-0.1141
283.610,map,2.6391,2.6901,-0.1122,2.6303,2.6921,-0.1141
283.710,map,2.6391,2.6901,-0.1122,2.6303,2.6921,-0.1141
283.810,map,2.6391,2.6901,-0.1122,2.6303,2.6921,-0.1141
283.910,map,2.6391,2.6901,-0.1122,2.6303,2.6921,-0.1141
284.010,map,2.6391,2.6901,-0.1122,2.6303,2.6921,-0.1141
284.110,map,2.6391,2.6901,-0.1122,2.6303,2.6921,-0.1141
284.210,map,2.6391,2.6901,-0.1122,2.6303,2.6921,-0.1141
284.310,map,2.6391,2.6901,-0.1122,2.6303,2.6921,-0.1141
284.410,map,2.6391,2.6901,-0.1122,2.6303,2.6921,-0.1141
284.510,map,2.6391,2.6901,-0.1122,2.6303,2.6921,-0.1141
284.610,map,2.6391,2.6901,-0.1122,2.6303,2.6921,-0.1141
284.710,map,2.6391,2.6901,-0.1122,2.6303,2.6921,-0.1141
284.810,map,2.6391,2.6901,-0.1122,2.6303,2.6921,-0.1141
284.910,map,2.6391,2.6901,-0.1122,2.6303,2.6921,-0.1141
285.010,map,2.6391,2.6901,-0.1122,2.6303,2.6921,-0.1141
285.110,map,2.6391,2.6901,-0.1122,2.6303,2.6921,-0.1141
285.210,map,2.6391,2.6901,-0.1122,2.6303,2.6921,-0.1141
285.310,map,2.6391,2.6901,-0.1122,2.6303,2.6921,-0.1141
285.410,map,2.6391,2.6901,-0.1122,2.6303,2.6921,-0.1141
285.510,map,2.6391,2.6901,-0.1122,2.6303,2.6921,-0.1141
285.610,map,2.6391,2.6901,-0.1122,2.6303,2.6921,-0.1141
285.710,map,2.6391,2.6901,-0.1122,2.6303,2.6921,-0.1141
285.810,map,2.6391,2.6901,-0.1122,2.6303,2.6921,-0.1141
285.910,map,2.6391,2.6901,-0.1122,2.6303,2.6921,-0.1141
286.010,map,2.6391,2.6901,-0.1122,2.6303,2.6921,-0.1141
286.110,map,2.6391,2.6901,-0.1122,2.6303,2.6921,-0.1141
286.210,map,2.6391,2.6901,-0.1122,2.6303,2.6921,-0.1141
286.310,map,2.6391,2.6901,-0.1122,2.6303,2.6921,-0.1141
286.410,map,2.6391,2.6901,-0.1122,2.6303,2.6921,-0.1141
286.510,map,2.6391,2.6901,-0.1122,2.6303,2.6921,-0.1141
286.610,map,2.6391,2.6901,-0.1122,2.6303,2.6921,-0.1141
286.710,map,2.6391,2.6901,-0.1122,2.6303,2.6921,-0.1141
286.810,map,2.6391,2.6901,-0.1122,2.6303,2.6921,-0.1141
286.910,map,2.6391,2.6901,-0.1122,2.6303,2.6921,-0.1141
287.010,map,2.6391,2.6901,-0.1122,2.6303,2.6921,-0.1141
287.110,map,2.6391,2.6901,-0.1122,2.6303,2.6921,-0.1141
287.210,map,2.6391,2.6901,-0.1122,2.6303,2.6921,-0.1141
287.310,map,2.6391,2.6901,-0.1122,2.6303,2.6921,-0.1141
287.410,map,2.6391,2.6901,-0.1122,2.6303,2.6921,-0.1141
287.510,map,2.6391,2.6901,-0.1122,2.6303,2.6921,-0.1141
287.610,map,2.6391,2.6901,-0.1122,2.6303,2.6921,-0.1141
287.710,map,2.6391,2.6901,-0.1122,2.6303,2.6921,-0.1141
287.810,map,2.6391,2.6901,-0.1122,2.6303,2.6921,-0.1141
287.910,map,2.6391,2.6901,-0.1122,2.6303,2.6921,-0.1141
288.010,map,2.6391,2.6901,-0.1122,2.6303,2.6921,-0.1141
288.110,map,2.6391,2.6901,-0.1122,2.6303,2.6921,-0.1141
288.210,map,2.6391,2.6901,-0.1122,2.6303,2.6921,-0.1141
288.310,map,2.6391,2.6901,-0.1122,2.6303,2.6921,-0.1141
288.410,map,2.6391,2.6901,-0.1122,2.6303,2.6921,-0.1141
288.510,map,2.6391,2.6901,-0.1122,2.6303,2.6921,-0.1141
288.610,map,2.6391,2.6901,-0.1122,2.6303,2.6921,-0.1141
288.710,map,2.6391,2.6901,-0.1122,2.6303,2.6921,-0.1141
288.810,map,2.6391,2.6901,-0.1122,2.6303,2.6921,-0.1141
288.910,map,2.6391,2.6901,-0.1122,2.6303,2.6921,-0.1141
289.010,map,2.6391,2.6901,-0.1122,2.6303,2.6921,-0.1141
289.110,map,2.6391,2.6901,-0.1122,2.6303,2.6921,-0.1141
289.210,map,2.6391,2.6901,-0.1122,2.6303,2.6921,-0.1141
289.310,map,2.6391,2.6901,-0.1122,2.6303,2.6921,-0.1141
289.410,map,2.6391,2.6901,-0.1122,2.6303,2.6921,-0.1141
289.510,map,2.6391,2.6901,-0.1122,2.6303,2.6921,-0.1141
289.610,map,2.6391,2.6901,-0.1122,2.6303,2.6921,-0.1141
289.710,map,2.6391,2.6901,-0.1122,2.6303,2.6921,-0.1141
289.810,map,2.6391,2.6901,-0.1122,2.6303,2.6921,-0.1141
289.910,map,2.6391,2.6901,-0.1122,2.6303,2.6921,-0.1141
290.010,map,2.6391,2.6901,-0.1122,2.6303,2.6921,-0.1141
290.110,map,2.6391,2.6901,-0.1122,2.6303,2.6921,-0.1141
290.210,map,2.6391,2.6901,-0.1122,2.6303,2.6921,-0.1141
290.310,map,2.6391,2.6901,-0.1122,2.6303,2.6921,-0.1141
290.410,map,2.6391,2.6901,-0.1122,2.6303,2.6921,-0.1141
290.510,map,2.6391,2.6901,-0.1122,2.6303,2.6921,-0.1141
290.610,map,2.6391,2.6901,-0.1122,2.6303,2.6921,-0.1141
290.710,map,2.6391,2.6901,-0.1122,2.6303,2.6921,-0.1141
290.810,map,2.6391,2.6901,-0.1122,2.6303,2.6921,-0.1141
290.910,map,2.6391,2.6901,-0.1122,2.6303,2.6921,-0.1141
291.010,map,2.6391,2.6901,-0.1122,2.6303,2.6921,-0.1141
291.110,map,2.6391,2.6901,-0.1122,2.6303,2.6921,-0.1141
291.210,map,2.6391,2.6901,-0.1122,2.6303,2.6921,-0.1141
291.310,map,2.6391,2.6901,-0.1122,2.6303,2.6921,-0.1141
291.410,map,2.6391,2.6901,-0.1122,2.6303,2.6921,-0.1141
291.510,map,2.6391,2.6901,-0.1122,2.6303,2.6921,-0.1141
291.610,map,2.6391,2.6901,-0.1122,2.6303,2.6921,-0.1141
291.710,map,2.6391,2.6901,-0.1122,2.6303,2.6921,-0.1141
291.810,map,2.6391,2.6901,-0.1122,2.6303,2.6921,-0.1141
291.910,map,2.6391,2.6901,-0.1122,2.6303,2.6921,-0.1141
292.010,map,2.6391,2.6901,-0.1122,2.6303,2.6921,-0.1141
292.110,map,2.6391,2.6901,-0.1122,2.6303,2.6921,-0.1141
292.210,map,2.6391,2.6901,-0.1122,2.6303,2.6921,-0.1141
292.310,map,2.6391,2.6901,-0.1122,2.6303,2.6921,-0.1141
292.410,map,2.6391,2.6901,-0.1122,2.6303,2.6921,-0.1141
292.510,map,2.6391,2.6901,-0.1122,2.6303,2.6921,-0.1141
292.610,map,2.6391,2.6901,-0.1122,2.6303,2.6921,-0.1141
292.710,map,2.6391,2.6901,-0.1122,2.6303,2.6921,-0.1141
292.810,map,2.6391,2.6901,-0.1122,2.6303,2.6921,-0.1141
292.910,map,2.6391,2.6901,-0.1122,2.6303,2.6921,-0.1141
293.010,map,2.6391,2.6901,-0.1122,2.6303,2.6921,-0.1141
293.110,map,2.6391,2.6901,-0.1122,2.6303,2.6921,-0.1141
293.210,map,2.6391,2.6901,-0.1122,2.6303,2.6921,-0.1141
293.310,map,2.6391,2.6901,-0.1122,2.6303,2.6921,-0.1141
293.410,map,2.6391,2.6901,-0.1122,2.6303,2.6921,-0.1141
293.510,map,2.6391,2.6901,-0.1122,2.6303,2.6921,-0.1141
293.610,map,2.6391,2.6901,-0.1122,2.6303,2.6921,-0.1141
293.710,map,2.6391,2.6901,-0.1122,2.6303,2.6921,-0.1141
293.810,map,2.6391,2.6901,-0.1122,2.6303,2.6921,-0.1141
293.910,map,2.6391,2.6901,-0.1122,2.6303,2.6921,-0.1141
294.010,map,2.6391,2.6901,-0.1122,2.6303,2.6921,-0.1141
294.110,map,2.6391,2.6901,-0.1122,2.6303,2.6921,-0.1141
294.210,map,2.6391,2.6901,-0.1122,2.6303,2.6921,-0.1141
294.310,map,2.6391,2.6901,-0.1122,2.6303,2.6921,-0.1141
294.410,map,2.6391,2.6901,-0.1122,2.6303,2.6921,-0.1141
294.510,map,2.6391,2.6901,-0.1122,2.6303,2.6921,-0.1141
294.610,map,2.6391,2.6901,-0.1122,2.6303,2.6921,-0.1141
294.710,map,2.6391,2.6901,-0.1122,2.6303,2.6921,-0.1141
294.810,map,2.6391,2.6901,-0.1122,2.6303,2.6921,-0.1141
294.910,map,2.6391,2.6901,-0.1122,2.6303,2.6921,-0.1141
295.010,map,2.6391,2.6901,-0.1122,2.6303,2.6921,-0.1141
295.110,map,2.6391,2.6901,-0.1122,2.6303,2.6921,-0.1141
295.210,map,2.6391,2.6901,-0.1122,2.6303,2.6921,-0.1141
295.310,map,2.6391,2.6901,-0.1122,2.6303,2.6921,-0.1141
295.410,map,2.6391,2.6901,-0.1122,2.6303,2.6921,-0.1141
295.510,map,2.6391,2.6901,-0.1122,2.6303,2.6921,-0.1141
295.610,map,2.6391,2.6901,-0.1122,2.6303,2.6921,-0.1141
295.710,map,2.6391,2.6901,-0.1122,2.6303,2.6921,-0.1141
295.810,map,2.6391,2.6901,-0.1122,2.6303,2.6921,-0.1141
295.910,map,2.6391,2.6901,-0.1122,2.6303,2.6921,-0.1141
296.010,map,2.6391,2.6901,-0.1122,2.6303,2.6921,-0.1141
296.110,map,2.6391,2.6901,-0.1122,2.6303,2.6921,-0.1141
296.210,map,2.6391,2.6901,-0.1122,2.6303,2.6921,-0.1141
296.310,map,2.6391,2.6901,-0.1122,2.6303,2.6921,-0.1141
296.410,map,2.6391,2.6901,-0.1122,2.6303,2.6921,-0.1141
296.510,map,2.6391,2.6901,-0.1122,2.6303,2.6921,-0.1141
296.610,map,2.6391,2.6901,-0.1122,2.6303,2.6921,-0.1141
296.710,map,2.6391,2.6901,-0.1122,2.6303,2.6921,-0.1141
296.810,map,2.6391,2.6901,-0.1122,2.6303,2.6921,-0.1141
296.910,map,2.6391,2.6901,-0.1122,2.6303,2.6921,-0.1141
297.010,map,2.6391,2.6901,-0.1122,2.6303,2.6921,-0.1141
297.110,map,2.6391,2.6901,-0.1122,2.6303,2.6921,-0.1141
297.210,map,2.6391,2.6901,-0.1122,2.6303,2.6921,-0.1141
297.310,map,2.6391,2.6901,-0.1122,2.6303,2.6921,-0.1141
297.410,map,2.6391,2.6901,-0.1122,2.6303,2.6921,-0.1141
297.510,map,2.6391,2.6901,-0.1122,2.6303,2.6921,-0.1141
297.610,map,2.6391,2.6901,-0.1122,2.6303,2.6921,-0.1141
297.710,map,2.6391,2.6901,-0.1122,2.6303,2.6921,-0.1141
297.810,map,2.6391,2.6901,-0.1122,2.6303,2.6921,-0.1141
297.910,map,2.6391,2.6901,-0.1122,2.6303,2.6921,-0.1141
298.010,map,2.6391,2.6901,-0.1122,2.6303,2.6921,-0.1141
298.110,map,2.6391,2.6901,-0.1122,2.6303,2.6921,-0.1141
298.210,map,2.6391,2.6901,-0.1122,2.6303,2.6921,-0.1141
298.310,map,2.6391,2.6901,-0.1122,2.6303,2.6921,-0.1141
298.410,map,2.6391,2.6901,-0.1122,2.6303,2.6921,-0.1141
298.510,map,2.6391,2.6901,-0.1122,2.6303,2.6921,-0.1141
298.610,map,2.6391,2.6901,-0.1122,2.6303,2.6921,-0.1141
298.710,map,2.6391,2.6901,-0.1122,2.6303,2.6921,-0.1141
298.810,map,2.6391,2.6901,-0.1122,2.6303,2.6921,-0.1141
298.910,map,2.6391,2.6901,-0.1122,2.6303,2.6921,-0.1141
299.010,map,2.6391,2.6901,-0.1122,2.6303,2.6921,-0.1141
299.110,map,2.6391,2.6901,-0.1122,2.6303,2.6921,-0.1141
299.210,map,2.6391,2.6901,-0.1122,2.6303,2.6921,-0.1141
299.310,map,2.6391,2.6901,-0.1122,2.6303,2.6921,-0.1141
299.410,map,2.6391,2.6901,-0.1122,2.6303,2.6921,-0.1141
299.510,map,2.6391,2.6901,-0.1122,2.6303,2.6921,-0.1141
299.610,map,2.6391,2.6901,-0.1122,2.6303,2.6921,-0.1141
299.710,map,2.6391,2.6901,-0.1122,2.6303,2.6921,-0.1141
299.810,map,2.6391,2.6901,-0.1122,2.6303,2.6921,-0.1141
299.910,map,2.6391,2.6901,-0.1122,2.6303,2.6921,-0.1141
300.010,map,2.6391,2.6901,-0.1122,2.6303,2.6921,-0.1141
300.110,map,2.6391,2.6901,-0.1122,2.6303,2.6921,-0.1141
300.210,map,2.6391,2.6901,-0.1122,2.6303,2.6921,-0.1141
300.310,map,2.6391,2.6901,-0.1122,2.6303,2.6921,-0.1141
300.410,map,2.6391,2.6901,-0.1122,2.6303,2.6921,-0.1141
300.510,map,2.6391,2.6901,-0.1122,2.6303,2.6921,-0.1141
300.610,map,2.6391,2.6901,-0.1122,2.6303,2.6921,-0.1141
300.710,map,2.6391,2.6901,-0.1122,2.6303,2.6921,-0.1141
300.810,map,2.6391,2.6901,-0.1122,2.6303,2.6921,-0.1141
300.910,map,2.6391,2.6901,-0.1122,2.6303,2.6921,-0.1141
301.010,map,2.6391,2.6901,-0.1122,2.6303,2.6921,-0.1141
301.110,map,2.6391,2.6901,-0.1122,2.6303,2.6921,-0.1141
301.210,map,2.6391,2.6901,-0.1122,2.6303,2.6921,-0.1141
301.310,map,2.6391,2.6901,-0.1122,2.6303,2.6921,-0.1141
301.410,map,2.6391,2.6901,-0.1122,2.6303,2.6921,-0.1141
301.510,map,2.6391,2.6901,-0.1122,2.6303,2.6921,-0.1141
301.610,map,2.6391,2.6901,-0.1122,2.6303,2.6921,-0.1141
301.710,map,2.6391,2.6901,-0.1122,2.6303,2.6921,-0.1141
301.810,map,2.6391,2.6901,-0.1122,2.6303,2.6921,-0.1141
301.910,map,2.6391,2.6901,-0.1122,2.6303,2.6921,-0.1141
302.010,map,2.6391,2.6901,-0.1122,2.6303,2.6921,-0.1141
302.110,map,2.6391,2.6901,-0.1122,2.6303,2.6921,-0.1141
302.210,map,2.6391,2.6901,-0.1122,2.6303,2.6921,-0.1141
302.310,map,2.6391,2.6901,-0.1122,2.6303,2.6921,-0.1141
302.410,map,2.6391,2.6901,-0.1122,2.6303,2.6921,-0.1141
302.510,map,2.6391,2.6901,-0.1122,2.6303,2.6921,-0.1141
302.610,map,2.6391,2.6901,-0.1122,2.6303,2.6921,-0.1141
302.710,map,2.6391,2.6901,-0.1122,2.6303,2.6921,-0.1141
302.810,map,2.6391,2.6901,-0.1122,2.6303,2.6921,-0.1141
302.910,map,2.6391,2.6901,-0.1122,2.6303,2.6921,-0.1141
303.010,map,2.6391,2.6901,-0.1122,2.6303,2.6921,-0.1141
303.110,map,2.6391,2.6901,-0.1122,2.6303,2.6921,-0.1141
303.210,map,2.6391,2.6901,-0.1122,2.6303,2.6921,-0.1141
303.310,map,2.6391,2.6901,-0.1122,2.6303,2.6921,-0.1141
303.410,map,2.6391,2.6901,-0.1122,2.6303,2.6921,-0.1141
303.510,map,2.6391,2.6901,-0.1122,2.6303,2.6921,-0.1141
303.610,map,2.6391,2.6901,-0.1122,2.6303,2.6921,-0.1141
303.710,map,2.6391,2.6901,-0.1122,2.6303,2.6921,-0.1141
303.810,map,2.6391,2.6901,-0.1122,2.6303,2.6921,-0.1141
303.910,map,2.6391,2.6901,-0.1122,2.6303,2.6921,-0.1141
304.010,map,2.6391,2.6901,-0.1122,2.6303,2.6921,-0.1141
304.110,map,2.6391,2.6901,-0.1122,2.6303,2.6921,-0.1141
304.210,map,2.6391,2.6901,-0.1122,2.6303,2.6921,-0.1141
304.310,map,2.6391,2.6901,-0.1122,2.6303,2.6921,-0.1141
304.410,map,2.6391,2.6901,-0.1122,2.6303,2.6921,-0.1141
304.510,map,2.6391,2.6901,-0.1122,2.6303,2.6921,-0.1141
304.610,map,2.6391,2.6901,-0.1122,2.6303,2.6921,-0.1141
304.710,map,2.6391,2.6901,-0.1122,2.6303,2.6921,-0.1141
304.810,map,2.6391,2.6901,-0.1122,2.6303,2.6921,-0.1141
304.910,map,2.6391,2.6901,-0.1122,2.6303,2.6921,-0.1141
305.010,map,2.6391,2.6901,-0.1122,2.6303,2.6921,-0.1141
305.110,map,2.6391,2.6901,-0.1122,2.6303,2.6921,-0.1141
305.210,map,2.6391,2.6901,-0.1122,2.6303,2.6921,-0.1141
305.310,map,2.6391,2.6901,-0.1122,2.6303,2.6921,-0.1141
305.410,map,2.6391,2.6901,-0.1122,2.6303,2.6921,-0.1141
305.510,map,2.6391,2.6901,-0.1122,2.6303,2.6921,-0.1141
305.610,map,2.6391,2.6901,-0.1122,2.6303,2.6921,-0.1141
305.710,map,2.6391,2.6901,-0.1122,2.6303,2.6921,-0.1141
305.810,map,2.6391,2.6901,-0.1122,2.6303,2.6921,-0.1141
305.910,map,2.6391,2.6901,-0.1122,2.6303,2.6921,-0.1141
306.010,map,2.6391,2.6901,-0.1122,2.6303,2.6921,-0.1141
306.110,map,2.6391,2.6901,-0.1122,2.6303,2.6921,-0.1141
306.210,map,2.6391,2.6901,-0.1122,2.6303,2.6921,-0.1141
306.310,map,2.6391,2.6901,-0.1122,2.6303,2.6921,-0.1141
306.410,map,2.6391,2.6901,-0.1122,2.6303,2.6921,-0.1141
306.510,map,2.6391,2.6901,-0.1122,2.6303,2.6921,-0.1141
306.610,map,2.6391,2.6901,-0.1122,2.6303,2.6921,-0.1141
306.710,map,2.6391,2.6901,-0.1122,2.6303,2.6921,-0.1141
306.810,map,2.6391,2.6901,-0.1122,2.6303,2.6921,-0.1141
306.910,map,2.6391,2.6901,-0.1122,2.6303,2.6921,-0.1141
307.010,map,2.6391,2.6901,-0.1122,2.6303,2.6921,-0.1141
307.110,map,2.6391,2.6901,-0.1122,2.6303,2.6921,-0.1141
307.210,map,2.6391,2.6901,-0.1122,2.6303,2.6921,-0.1141
307.310,map,2.6391,2.6901,-0.1122,2.6303,2.6921,-0.1141
307.410,map,2.6391,2.6901,-0.1122,2.6303,2.6921,-0.1141
307.510,map,2.6391,2.6901,-0.1122,2.6303,2.6921,-0.1141
307.610,map,2.6391,2.6901,-0.1122,2.6303,2.6921,-0.1141
307.710,map,2.6391,2.6901,-0.1122,2.6303,2.6921,-0.1141
307.810,map,2.6391,2.6901,-0.1122,2.6303,2.6921,-0.1141
307.910,map,2.6391,2.6901,-0.1122,2.6303,2.6921,-0.1141
308.010,map,2.6391,2.6901,-0.1122,2.6303,2.6921,-0.1141
308.110,map,2.6391,2.6901,-0.1122,2.6303,2.6921,-0.1141
308.210,map,2.6391,2.6901,-0.1122,2.6303,2.6921,-0.1141
308.310,map,2.6391,2.6901,-0.1122,2.6303,2.6921,-0.1141
308.410,map,2.6391,2.6901,-0.1122,2.6303,2.6921,-0.1141
308.510,map,2.6391,2.6901,-0.1122,2.6303,2.6921,-0.1141
308.610,map,2.6391,2.6901,-0.1122,2.6303,2.6921,-0.1141
308.710,map,2.6391,2.6901,-0.1122,2.6303,2.6921,-0.1141
308.810,map,2.6391,2.6901,-0.1122,2.6303,2.6921,-0.1141
308.910,map,2.6391,2.6901,-0.1122,2.6303,2.6921,-0.1141
309.010,map,2.6391,2.6901,-0.1122,2.6303,2.6921,-0.1141
309.110,map,2.6391,2.6901,-0.1122,2.6303,2.6921,-0.1141
309.210,map,2.6391,2.6901,-0.1122,2.6303,2.6921,-0.1141
309.310,map,2.6391,2.6901,-0.1122,2.6303,2.6921,-0.1141
309.410,map,2.6391,2.6901,-0.1122,2.6303,2.6921,-0.1141
309.510,map,2.6391,2.6901,-0.1122,2.6303,2.6921,-0.1141
309.610,map,2.6391,2.6901,-0.1122,2.6303,2.6921,-0.1141
309.710,map,2.6391,2.6901,-0.1122,2.6303,2.6921,-0.1141
309.810,map,2.6391,2.6901,-0.1122,2.6303,2.6921,-0.1141
309.910,map,2.6391,2.6901,-0.1122,2.6303,2.6921,-0.1141
310.010,map,2.6391,2.6901,-0.1122,2.6303,2.6921,-0.1141
310.110,map,2.6391,2.6901,-0.1122,2.6303,2.6921,-0.1141
310.210,map,2.6391,2.6901,-0.1122,2.6303,2.6921,-0.1141
310.310,map,2.6391,2.6901,-0.1122,2.6303,2.6921,-0.1141
310.410,map,2.6391,2.6901,-0.1122,2.6303,2.6921,-0.1141
310.510,map,2.6391,2.6901,-0.1122,2.6303,2.6921,-0.1141
310.610,map,2.6391,2.6901,-0.1122,2.6303,2.6921,-0.1141
310.710,map,2.6391,2.6901,-0.1122,2.6303,2.6921,-0.1141
310.810,map,2.6391,2.6901,-0.1122,2.6303,2.6921,-0.1141
310.910,map,2.6391,2.6901,-0.1122,2.6303,2.6921,-0.1141
311.010,map,2.6391,2.6901,-0.1122,2.6303,2.6921,-0.1141
311.110,map,2.6391,2.6901,-0.1122,2.6303,2.6921,-0.1141
311.210,map,2.6391,2.6901,-0.1122,2.6303,2.6921,-0.1141
311.310,map,2.6391,2.6901,-0.1122,2.6303,2.6921,-0.1141
311.410,map,2.6391,2.6901,-0.1122,2.6303,2.6921,-0.1141
311.510,map,2.6391,2.6901,-0.1122,2.6303,2.6921,-0.1141
311.610,map,2.6391,2.6901,-0.1122,2.6303,2.6921,-0.1141
311.710,map,2.6391,2.6901,-0.1122,2.6303,2.6921,-0.1141
311.810,map,2.6391,2.6901,-0.1122,2.6303,2.6921,-0.1141
311.910,map,2.6391,2.6901,-0.1122,2.6303,2.6921,-0.1141
312.010,map,2.6391,2.6901,-0.1122,2.6303,2.6921,-0.1141
312.110,map,2.6391,2.6901,-0.1122,2.6303,2.6921,-0.1141
312.210,map,2.6391,2.6901,-0.1122,2.6303,2.6921,-0.1141
312.310,map,2.6391,2.6901,-0.1122,2.6303,2.6921,-0.1141
312.410,map,2.6391,2.6901,-0.1122,2.6303,2.6921,-0.1141
312.510,map,2.6391,2.6901,-0.1122,2.6303,2.6921,-0.1141
312.610,map,2.6391,2.6901,-0.1122,2.6303,2.6921,-0.1141
312.710,map,2.6391,2.6901,-0.1122,2.6303,2.6921,-0.1141
312.810,map,2.6391,2.6901,-0.1122,2.6303,2.6921,-0.1141
312.910,map,2.6391,2.6901,-0.1122,2.6303,2.6921,-0.1141
313.010,map,2.6391,2.6901,-0.1122,2.6303,2.6921,-0.1141
313.110,map,2.6391,2.6901,-0.1122,2.6303,2.6921,-0.1141
313.210,map,2.6391,2.6901,-0.1122,2.6303,2.6921,-0.1141
313.310,map,2.6391,2.6901,-0.1122,2.6303,2.6921,-0.1141
313.410,map,2.6391,2.6901,-0.1122,2.6303,2.6921,-0.1141
313.510,map,2.6391,2.6901,-0.1122,2.6303,2.6921,-0.1141
313.610,map,2.6391,2.6901,-0.1122,2.6303,2.6921,-0.1141
313.710,map,2.6391,2.6901,-0.1122,2.6303,2.6921,-0.1141
313.810,map,2.6391,2.6901,-0.1122,2.6303,2.6921,-0.1141
313.910,map,2.6391,2.6901,-0.1122,2.6303,2.6921,-0.1141
314.010,map,2.6391,2.6901,-0.1122,2.6303,2.6921,-0.1141
314.110,map,2.6391,2.6901,-0.1122,2.6303,2.6921,-0.1141
314.210,map,2.6391,2.6901,-0.1122,2.6303,2.6921,-0.1141
314.310,map,2.6391,2.6901,-0.1122,2.6303,2.6921,-0.1141
314.410,map,2.6391,2.6901,-0.1122,2.6303,2.6921,-0.1141
314.510,map,2.6391,2.6901,-0.1122,2.6303,2.6921,-0.1141
314.610,map,2.6391,2.6901,-0.1122,2.6303,2.6921,-0.1141
314.710,map,2.6391,2.6901,-0.1122,2.6303,2.6921,-0.1141
314.810,map,2.6391,2.6901,-0.1122,2.6303,2.6921,-0.1141
314.910,map,2.6391,2.6901,-0.1122,2.6303,2.6921,-0.1141
315.010,map,2.6391,2.6901,-0.1122,2.6303,2.6921,-0.1141
315.110,map,2.6391,2.6901,-0.1122,2.6303,2.6921,-0.1141
315.210,map,2.6391,2.6901,-0.1122,2.6303,2.6921,-0.1141
315.310,map,2.6391,2.6901,-0.1122,2.6303,2.6921,-0.1141
315.410,map,2.6391,2.6901,-0.1122,2.6303,2.6921,-0.1141
315.510,map,2.6391,2.6901,-0.1122,2.6303,2.6921,-0.1141
315.610,map,2.6391,2.6901,-0.1122,2.6303,2.6921,-0.1141
315.710,map,2.6391,2.6901,-0.1122,2.6303,2.6921,-0.1141
315.810,map,2.6391,2.6901,-0.1122,2.6303,2.6921,-0.1141
315.910,map,2.6391,2.6901,-0.1122,2.6303,2.6921,-0.1141
316.010,map,2.6391,2.6901,-0.1122,2.6303,2.6921,-0.1141
316.110,map,2.6391,2.6901,-0.1122,2.6303,2.6921,-0.1141
316.210,map,2.6391,2.6901,-0.1122,2.6303,2.6921,-0.1141
316.310,map,2.6391,2.6901,-0.1122,2.6303,2.6921,-0.1141
316.410,map,2.6391,2.6901,-0.1122,2.6303,2.6921,-0.1141
316.510,map,2.6391,2.6901,-0.1122,2.6303,2.6921,-0.1141
316.610,map,2.6391,2.6901,-0.1122,2.6303,2.6921,-0.1141
316.710,map,2.6391,2.6901,-0.1122,2.6303,2.6921,-0.1141
316.810,map,2.6391,2.6901,-0.1122,2.6303,2.6921,-0.1141
316.910,map,2.6391,2.6901,-0.1122,2.6303,2.6921,-0.1141
317.010,map,2.6391,2.6901,-0.1122,2.6303,2.6921,-0.1141
317.110,map,2.6391,2.6901,-0.1122,2.6303,2.6921,-0.1141
317.210,map,2.6391,2.6901,-0.1122,2.6303,2.6921,-0.1141
317.310,map,2.6391,2.6901,-0.1122,2.6303,2.6921,-0.1141
317.410,map,2.6391,2.6901,-0.1122,2.6303,2.6921,-0.1141
317.510,map,2.6391,2.6901,-0.1122,2.6303,2.6921,-0.1141
317.610,map,2.6391,2.6901,-0.1122,2.6303,2.6921,-0.1141
317.710,map,2.6391,2.6901,-0.1122,2.6303,2.6921,-0.1141
317.810,map,2.6391,2.6901,-0.1122,2.6303,2.6921,-0.1141
317.910,map,2.6391,2.6901,-0.1122,2.6303,2.6921,-0.1141
318.010,map,2.6391,2.6901,-0.1122,2.6303,2.6921,-0.1141
318.110,map,2.6391,2.6901,-0.1122,2.6303,2.6921,-0.1141
318.210,map,2.6391,2.6901,-0.1122,2.6303,2.6921,-0.1141
318.310,map,2.6391,2.6901,-0.1122,2.6303,2.6921,-0.1141
318.410,map,2.6391,2.6901,-0.1122,2.6303,2.6921,-0.1141
318.510,map,2.6391,2.6901,-0.1122,2.6303,2.6921,-0.1141
318.610,map,2.6391,2.6901,-0.1122,2.6303,2.6921,-0.1141
318.710,map,2.6391,2.6901,-0.1122,2.6303,2.6921,-0.1141
318.810,map,2.6391,2.6901,-0.1122,2.6303,2.6921,-0.1141
318.910,map,2.6391,2.6901,-0.1122,2.6303,2.6921,-0.1141
319.010,map,2.6391,2.6901,-0.1122,2.6303,2.6921,-0.1141
319.110,map,2.6391,2.6901,-0.1122,2.6303,2.6921,-0.1141
319.210,map,2.6391,2.6901,-0.1122,2.6303,2.6921,-0.1141
319.310,map,2.6391,2.6901,-0.1122,2.6303,2.6921,-0.1141
319.410,map,2.6391,2.6901,-0.1122,2.6303,2.6921,-0.1141
319.510,map,2.6391,2.6901,-0.1122,2.6303,2.6921,-0.1141
319.610,map,2.6391,2.6901,-0.1122,2.6303,2.6921,-0.1141
319.710,map,2.6391,2.6901,-0.1122,2.6303,2.6921,-0.1141
319.810,map,2.6391,2.6901,-0.1122,2.6303,2.6921,-0.1141
319.910,map,2.6391,2.6901,-0.1122,2.6303,2.6921,-0.1141
320.010,map,2.6391,2.6901,-0.1122,2.6303,2.6921,-0.1141
320.110,map,2.6391,2.6901,-0.1122,2.6303,2.6921,-0.1141
320.210,map,2.6391,2.6901,-0.1122,2.6303,2.6921,-0.1141
320.310,map,2.6391,2.6901,-0.1122,2.6303,2.6921,-0.1141
320.410,map,2.6391,2.6901,-0.1122,2.6303,2.6921,-0.1141
320.510,map,2.6391,2.6901,-0.1122,2.6303,2.6921,-0.1141
320.610,map,2.6391,2.6901,-0.1122,2.6303,2.6921,-0.1141
320.710,map,2.6391,2.6901,-0.1122,2.6303,2.6921,-0.1141
320.810,map,2.6391,2.6901,-0.1122,2.6303,2.6921,-0.1141
320.910,map,2.6391,2.6901,-0.1122,2.6303,2.6921,-0.1141
321.010,map,2.6391,2.6901,-0.1122,2.6303,2.6921,-0.1141
321.110,map,2.6391,2.6901,-0.1122,2.6303,2.6921,-0.1141
321.210,map,2.6391,2.6901,-0.1122,2.6303,2.6921,-0.1141
321.310,map,2.6391,2.6901,-0.1122,2.6303,2.6921,-0.1141
321.410,map,2.6391,2.6901,-0.1122,2.6303,2.6921,-0.1141
321.510,map,2.6391,2.6901,-0.1122,2.6303,2.6921,-0.1141
321.610,map,2.6391,2.6901,-0.1122,2.6303,2.6921,-0.1141
321.710,map,2.6391,2.6901,-0.1122,2.6303,2.6921,-0.1141
321.810,map,2.6391,2.6901,-0.1122,2.6303,2.6921,-0.1141
321.910,map,2.6391,2.6901,-0.1122,2.6303,2.6921,-0.1141
322.010,map,2.6391,2.6901,-0.1122,2.6303,2.6921,-0.1141
322.110,map,2.6391,2.6901,-0.1122,2.6303,2.6921,-0.1141
322.210,map,2.6391,2.6901,-0.1122,2.6303,2.6921,-0.1141
322.310,map,2.6391,2.6901,-0.1122,2.6303,2.6921,-0.1141
322.410,map,2.6391,2.6901,-0.1122,2.6303,2.6921,-0.1141
322.510,map,2.6391,2.6901,-0.1122,2.6303,2.6921,-0.1141
322.610,map,2.6391,2.6901,-0.1122,2.6303,2.6921,-0.1141
322.710,map,2.6391,2.6901,-0.1122,2.6303,2.6921,-0.1141
322.810,map,2.6391,2.6901,-0.1122,2.6303,2.6921,-0.1141
322.910,map,2.6391,2.6901,-0.1122,2.6303,2.6921,-0.1141
323.010,map,2.6391,2.6901,-0.1122,2.6303,2.6921,-0.1141
323.110,map,2.6391,2.6901,-0.1122,2.6303,2.6921,-0.1141
323.210,map,2.6391,2.6901,-0.1122,2.6303,2.6921,-0.1141
323.310,map,2.6391,2.6901,-0.1122,2.6303,2.6921,-0.1141
323.410,map,2.6391,2.6901,-0.1122,2.6303,2.6921,-0.1141
323.510,map,2.6391,2.6901,-0.1122,2.6303,2.6921,-0.1141
323.610,map,2.6391,2.6901,-0.1122,2.6303,2.6921,-0.1141
323.710,map,2.6391,2.6901,-0.1122,2.6303,2.6921,-0.1141
323.810,map,2.6391,2.6901,-0.1122,2.6303,2.6921,-0.1141
323.910,map,2.6391,2.6901,-0.1122,2.6303,2.6921,-0.1141
324.010,map,2.6391,2.6901,-0.1122,2.6303,2.6921,-0.1141
324.110,map,2.6391,2.6901,-0.1122,2.6303,2.6921,-0.1141
324.210,map,2.6391,2.6901,-0.1122,2.6303,2.6921,-0.1141
324.310,map,2.6391,2.6901,-0.1122,2.6303,2.6921,-0.1141
324.410,map,2.6391,2.6901,-0.1122,2.6303,2.6921,-0.1141
324.510,map,2.6391,2.6901,-0.1122,2.6303,2.6921,-0.1141
324.610,map,2.6391,2.6901,-0.1122,2.6303,2.6921,-0.1141
324.710,map,2.6391,2.6901,-0.1122,2.6303,2.6921,-0.1141
324.810,map,2.6391,2.6901,-0.1122,2.6303,2.6921,-0.1141
324.910,map,2.6391,2.6901,-0.1122,2.6303,2.6921,-0.1141
325.010,map,2.6391,2.6901,-0.1122,2.6303,2.6921,-0.1141
325.110,map,2.6391,2.6901,-0.1122,2.6303,2.6921,-0.1141
325.210,map,2.6391,2.6901,-0.1122,2.6303,2.6921,-0.1141
325.310,map,2.6391,2.6901,-0.1122,2.6303,2.6921,-0.1141
325.410,map,2.6391,2.6901,-0.1122,2.6303,2.6921,-0.1141
325.510,map,2.6391,2.6901,-0.1122,2.6303,2.6921,-0.1141
325.610,map,2.6391,2.6901,-0.1122,2.6303,2.6921,-0.1141
325.710,map,2.6391,2.6901,-0.1122,2.6303,2.6921,-0.1141
325.810,map,2.6391,2.6901,-0.1122,2.6303,2.6921,-0.1141
325.910,map,2.6391,2.6901,-0.1122,2.6303,2.6921,-0.1141
326.010,map,2.6391,2.6901,-0.1122,2.6303,2.6921,-0.1141
326.110,map,2.6391,2.6901,-0.1122,2.6303,2.6921,-0.1141
326.210,map,2.6391,2.6901,-0.1122,2.6303,2.6921,-0.1141
326.310,map,2.6391,2.6901,-0.1122,2.6303,2.6921,-0.1141
326.410,map,2.6391,2.6901,-0.1122,2.6303,2.6921,-0.1141
326.510,map,2.6391,2.6901,-0.1122,2.6303,2.6921,-0.1141
326.610,map,2.6391,2.6901,-0.1122,2.6303,2.6921,-0.1141
326.710,map,2.6391,2.6901,-0.1122,2.6303,2.6921,-0.1141
326.810,map,2.6391,2.6901,-0.1122,2.6303,2.6921,-0.1141
326.910,map,2.6391,2.6901,-0.1122,2.6303,2.6921,-0.1141
327.010,map,2.6391,2.6901,-0.1122,2.6303,2.6921,-0.1141
327.110,map,2.6391,2.6901,-0.1122,2.6303,2.6921,-0.1141
327.210,map,2.6391,2.6901,-0.1122,2.6303,2.6921,-0.1141
327.310,map,2.6391,2.6901,-0.1122,2.6303,2.6921,-0.1141
327.410,map,2.6391,2.6901,-0.1122,2.6303,2.6921,-0.1141
327.510,map,2.6391,2.6901,-0.1122,2.6303,2.6921,-0.1141
327.610,map,2.6391,2.6901,-0.1122,2.6303,2.6921,-0.1141
327.710,map,2.6391,2.6901,-0.1122,2.6303,2.6921,-0.1141
327.810,map,2.6391,2.6901,-0.1122,2.6303,2.6921,-0.1141
327.910,map,2.6391,2.6901,-0.1122,2.6303,2.6921,-0.1141
328.010,map,2.6391,2.6901,-0.1122,2.6303,2.6921,-0.1141
328.110,map,2.6391,2.6901,-0.1122,2.6303,2.6921,-0.1141
328.210,map,2.6391,2.6901,-0.1122,2.6303,2.6921,-0.1141
328.310,map,2.6391,2.6901,-0.1122,2.6303,2.6921,-0.1141
328.410,map,2.6391,2.6901,-0.1122,2.6303,2.6921,-0.1141
328.510,map,2.6391,2.6901,-0.1122,2.6303,2.6921,-0.1141
328.610,map,2.6391,2.6901,-0.1122,2.6303,2.6921,-0.1141
328.710,map,2.6391,2.6901,-0.1122,2.6303,2.6921,-0.1141
328.810,map,2.6391,2.6901,-0.1122,2.6303,2.6921,-0.1141
328.910,map,2.6391,2.6901,-0.1122,2.6303,2.6921,-0.1141
329.010,map,2.6391,2.6901,-0.1122,2.6303,2.6921,-0.1141
329.110,map,2.6391,2.6901,-0.1122,2.6303,2.6921,-0.1141
329.210,map,2.6391,2.6901,-0.1122,2.6303,2.6921,-0.1141
329.310,map,2.6391,2.6901,-0.1122,2.6303,2.6921,-0.1141
329.410,map,2.6391,2.6901,-0.1122,2.6303,2.6921,-0.1141
329.510,map,2.6391,2.6901,-0.1122,2.6303,2.6921,-0.1141
329.610,map,2.6391,2.6901,-0.1122,2.6303,2.6921,-0.1141
329.710,map,2.6391,2.6901,-0.1122,2.6303,2.6921,-0.1141
329.810,map,2.6391,2.6901,-0.1122,2.6303,2.6921,-0.1141
329.910,map,2.6391,2.6901,-0.1122,2.6303,2.6921,-0.1141
330.010,map,2.6391,2.6901,-0.1122,2.6303,2.6921,-0.1141
330.110,map,2.6391,2.6901,-0.1122,2.6303,2.6921,-0.1141
330.210,map,2.6391,2.6901,-0.1122,2.6303,2.6921,-0.1141
330.310,map,2.6391,2.6901,-0.1122,2.6303,2.6921,-0.1141
330.410,map,2.6391,2.6901,-0.1122,2.6303,2.6921,-0.1141
330.510,map,2.6391,2.6901,-0.1122,2.6303,2.6921,-0.1141
330.610,map,2.6391,2.6901,-0.1122,2.6303,2.6921,-0.1141
330.710,map,2.6391,2.6901,-0.1122,2.6303,2.6921,-0.1141
330.810,map,2.6391,2.6901,-0.1122,2.6303,2.6921,-0.1141
330.910,map,2.6391,2.6901,-0.1122,2.6303,2.6921,-0.1141
331.010,map,2.6391,2.6901,-0.1122,2.6303,2.6921,-0.1141
331.110,map,2.6391,2.6901,-0.1122,2.6303,2.6921,-0.1141
331.210,map,2.6391,2.6901,-0.1122,2.6303,2.6921,-0.1141
331.310,map,2.6391,2.6901,-0.1122,2.6303,2.6921,-0.1141
331.410,map,2.6391,2.6901,-0.1122,2.6303,2.6921,-0.1141
331.510,map,2.6391,2.6901,-0.1122,2.6303,2.6921,-0.1141
331.610,map,2.6391,2.6901,-0.1122,2.6303,2.6921,-0.1141
331.710,map,2.6391,2.6901,-0.1122,2.6303,2.6921,-0.1141
331.810,map,2.6391,2.6901,-0.1122,2.6303,2.6921,-0.1141
331.910,map,2.6391,2.6901,-0.1122,2.6303,2.6921,-0.1141
332.010,map,2.6391,2.6901,-0.1122,2.6303,2.6921,-0.1141
332.110,map,2.6391,2.6901,-0.1122,2.6303,2.6921,-0.1141
332.210,map,2.6391,2.6901,-0.1122,2.6303,2.6921,-0.1141
332.310,map,2.6391,2.6901,-0.1122,2.6303,2.6921,-0.1141
332.410,map,2.6391,2.6901,-0.1122,2.6303,2.6921,-0.1141
332.510,map,2.6391,2.6901,-0.1122,2.6303,2.6921,-0.1141
332.610,map,2.6391,2.6901,-0.1122,2.6303,2.6921,-0.1141
332.710,map,2.6391,2.6901,-0.1122,2.6303,2.6921,-0.1141
332.810,map,2.6391,2.6901,-0.1122,2.6303,2.6921,-0.1141
332.910,map,2.6391,2.6901,-0.1122,2.6303,2.6921,-0.1141
333.010,map,2.6391,2.6901,-0.1122,2.6303,2.6921,-0.1141
333.110,map,2.6391,2.6901,-0.1122,2.6303,2.6921,-0.1141
333.210,map,2.6391,2.6901,-0.1122,2.6303,2.6921,-0.1141
333.310,map,2.6391,2.6901,-0.1122,2.6303,2.6921,-0.1141
333.410,map,2.6391,2.6901,-0.1122,2.6303,2.6921,-0.1141
333.510,map,2.6391,2.6901,-0.1122,2.6303,2.6921,-0.1141
333.610,map,2.6391,2.6901,-0.1122,2.6303,2.6921,-0.1141
333.710,map,2.6391,2.6901,-0.1122,2.6303,2.6921,-0.1141
333.810,map,2.6391,2.6901,-0.1122,2.6303,2.6921,-0.1141
333.910,map,2.6391,2.6901,-0.1122,2.6303,2.6921,-0.1141
334.010,map,2.6391,2.6901,-0.1122,2.6303,2.6921,-0.1141
334.110,map,2.6391,2.6901,-0.1122,2.6303,2.6921,-0.1141
334.210,map,2.6391,2.6901,-0.1122,2.6303,2.6921,-0.1141
334.310,map,2.6391,2.6901,-0.1122,2.6303,2.6921,-0.1141
334.410,map,2.6391,2.6901,-0.1122,2.6303,2.6921,-0.1141
334.510,map,2.6391,2.6901,-0.1122,2.6303,2.6921,-0.1141
334.610,map,2.6391,2.6901,-0.1122,2.6303,2.6921,-0.1141
334.710,map,2.6391,2.6901,-0.1122,2.6303,2.6921,-0.1141
334.810,map,2.6391,2.6901,-0.1122,2.6303,2.6921,-0.1141
334.910,map,2.6391,2.6901,-0.1122,2.6303,2.6921,-0.1141
335.010,map,2.6391,2.6901,-0.1122,2.6303,2.6921,-0.1141
335.110,map,2.6391,2.6901,-0.1122,2.6303,2.6921,-0.1141
335.210,map,2.6391,2.6901,-0.1122,2.6303,2.6921,-0.1141
335.310,map,2.6391,2.6901,-0.1122,2.6303,2.6921,-0.1141
335.410,map,2.6391,2.6901,-0.1122,2.6303,2.6921,-0.1141
335.510,map,2.6391,2.6901,-0.1122,2.6303,2.6921,-0.1141
335.610,map,2.6391,2.6901,-0.1122,2.6303,2.6921,-0.1141
335.710,map,2.6391,2.6901,-0.1122,2.6303,2.6921,-0.1141
335.810,map,2.6391,2.6901,-0.1122,2.6303,2.6921,-0.1141
335.910,map,2.6391,2.6901,-0.1122,2.6303,2.6921,-0.1141
336.010,map,2.6391,2.6901,-0.1122,2.6303,2.6921,-0.1141
336.110,map,2.6391,2.6901,-0.1122,2.6303,2.6921,-0.1141
336.210,map,2.6391,2.6901,-0.1122,2.6303,2.6921,-0.1141
336.310,map,2.6391,2.6901,-0.1122,2.6303,2.6921,-0.1141
336.410,map,2.6391,2.6901,-0.1122,2.6303,2.6921,-0.1141
336.510,map,2.6391,2.6901,-0.1122,2.6303,2.6921,-0.1141
336.610,map,2.6391,2.6901,-0.1122,2.6303,2.6921,-0.1141
336.710,map,2.6391,2.6901,-0.1122,2.6303,2.6921,-0.1141
336.810,map,2.6391,2.6901,-0.1122,2.6303,2.6921,-0.1141
336.910,map,2.6391,2.6901,-0.1122,2.6303,2.6921,-0.1141
337.010,map,2.6391,2.6901,-0.1122,2.6303,2.6921,-0.1141
337.110,map,2.6391,2.6901,-0.1122,2.6303,2.6921,-0.1141
337.210,map,2.6391,2.6901,-0.1122,2.6303,2.6921,-0.1141
337.310,map,2.6391,2.6901,-0.1122,2.6303,2.6921,-0.1141
337.410,map,2.6391,2.6901,-0.1122,2.6303,2.6921,-0.1141
337.510,map,2.6391,2.6901,-0.1122,2.6303,2.6921,-0.1141
337.610,map,2.6391,2.6901,-0.1122,2.6303,2.6921,-0.1141
337.710,map,2.6391,2.6901,-0.1122,2.6303,2.6921,-0.1141
337.810,map,2.6391,2.6901,-0.1122,2.6303,2.6921,-0.1141
337.910,map,2.6391,2.6901,-0.1122,2.6303,2.6921,-0.1141
338.010,map,2.6391,2.6901,-0.1122,2.6303,2.6921,-0.1141
338.110,map,2.6391,2.6901,-0.1122,2.6303,2.6921,-0.1141
338.210,map,2.6391,2.6901,-0.1122,2.6303,2.6921,-0.1141
338.310,map,2.6391,2.6901,-0.1122,2.6303,2.6921,-0.1141
338.410,map,2.6391,2.6901,-0.1122,2.6303,2.6921,-0.1141
338.510,map,2.6391,2.6901,-0.1122,2.6303,2.6921,-0.1141
338.610,map,2.6391,2.6901,-0.1122,2.6303,2.6921,-0.1141
338.710,map,2.6391,2.6901,-0.1122,2.6303,2.6921,-0.1141
338.810,map,2.6391,2.6901,-0.1122,2.6303,2.6921,-0.1141
338.910,map,2.6391,2.6901,-0.1122,2.6303,2.6921,-0.1141
339.010,map,2.6391,2.6901,-0.1122,2.6303,2.6921,-0.1141
339.110,map,2.6391,2.6901,-0.1122,2.6303,2.6921,-0.1141
339.210,map,2.6391,2.6901,-0.1122,2.6303,2.6921,-0.1141
339.310,map,2.6391,2.6901,-0.1122,2.6303,2.6921,-0.1141
339.410,map,2.6391,2.6901,-0.1122,2.6303,2.6921,-0.1141
339.510,map,2.6391,2.6901,-0.1122,2.6303,2.6921,-0.1141
339.610,map,2.6391,2.6901,-0.1122,2.6303,2.6921,-0.1141
339.710,map,2.6391,2.6901,-0.1122,2.6303,2.6921,-0.1141
339.810,map,2.6391,2.6901,-0.1122,2.6303,2.6921,-0.1141
339.910,map,2.6391,2.6901,-0.1122,2.6303,2.6921,-0.1141
340.010,map,2.6391,2.6901,-0.1122,2.6303,2.6921,-0.1141
340.110,map,2.6391,2.6901,-0.1122,2.6303,2.6921,-0.1141
340.210,map,2.6391,2.6901,-0.1122,2.6303,2.6921,-0.1141
340.310,map,2.6391,2.6901,-0.1122,2.6303,2.6921,-0.1141
340.410,map,2.6391,2.6901,-0.1122,2.6303,2.6921,-0.1141
340.510,map,2.6391,2.6901,-0.1122,2.6303,2.6921,-0.1141
340.610,map,2.6391,2.6901,-0.1122,2.6303,2.6921,-0.1141
340.710,map,2.6391,2.6901,-0.1122,2.6303,2.6921,-0.1141
340.810,map,2.6391,2.6901,-0.1122,2.6303,2.6921,-0.1141
340.910,map,2.6391,2.6901,-0.1122,2.6303,2.6921,-0.1141
341.010,map,2.6391,2.6901,-0.1122,2.6303,2.6921,-0.1141
341.110,map,2.6391,2.6901,-0.1122,2.6303,2.6921,-0.1141
341.210,map,2.6391,2.6901,-0.1122,2.6303,2.6921,-0.1141
341.310,map,2.6391,2.6901,-0.1122,2.6303,2.6921,-0.1141
341.410,map,2.6391,2.6901,-0.1122,2.6303,2.6921,-0.1141
341.510,map,2.6391,2.6901,-0.1122,2.6303,2.6921,-0.1141
341.610,map,2.6391,2.6901,-0.1122,2.6303,2.6921,-0.1141
341.710,map,2.6391,2.6901,-0.1122,2.6303,2.6921,-0.1141
341.810,map,2.6391,2.6901,-0.1122,2.6303,2.6921,-0.1141
341.910,map,2.6391,2.6901,-0.1122,2.6303,2.6921,-0.1141
342.010,map,2.6391,2.6901,-0.1122,2.6303,2.6921,-0.1141
342.110,map,2.6391,2.6901,-0.1122,2.6303,2.6921,-0.1141
342.210,map,2.6391,2.6901,-0.1122,2.6303,2.6921,-0.1141
342.310,map,2.6391,2.6901,-0.1122,2.6303,2.6921,-0.1141
342.410,map,2.6391,2.6901,-0.1122,2.6303,2.6921,-0.1141
342.510,map,2.6391,2.6901,-0.1122,2.6303,2.6921,-0.1141
342.610,map,2.6391,2.6901,-0.1122,2.6303,2.6921,-0.1141
342.710,map,2.6391,2.6901,-0.1122,2.6303,2.6921,-0.1141
342.810,map,2.6391,2.6901,-0.1122,2.6303,2.6921,-0.1141
342.910,map,2.6391,2.6901,-0.1122,2.6303,2.6921,-0.1141
343.010,map,2.6391,2.6901,-0.1122,2.6303,2.6921,-0.1141
343.110,map,2.6391,2.6901,-0.1122,2.6303,2.6921,-0.1141
343.210,map,2.6391,2.6901,-0.1122,2.6303,2.6921,-0.1141
343.310,map,2.6391,2.6901,-0.1122,2.6303,2.6921,-0.1141
343.410,map,2.6391,2.6901,-0.1122,2.6303,2.6921,-0.1141
343.510,map,2.6391,2.6901,-0.1122,2.6303,2.6921,-0.1141
343.610,map,2.6391,2.6901,-0.1122,2.6303,2.6921,-0.1141
343.710,map,2.6391,2.6901,-0.1122,2.6303,2.6921,-0.1141
343.810,map,2.6391,2.6901,-0.1122,2.6303,2.6921,-0.1141
343.910,map,2.6391,2.6901,-0.1122,2.6303,2.6921,-0.1141
344.010,map,2.6391,2.6901,-0.1122,2.6303,2.6921,-0.1141
344.110,map,2.6391,2.6901,-0.1122,2.6303,2.6921,-0.1141
344.210,map,2.6391,2.6901,-0.1122,2.6303,2.6921,-0.1141
344.310,map,2.6391,2.6901,-0.1122,2.6303,2.6921,-0.1141
344.410,map,2.6391,2.6901,-0.1122,2.6303,2.6921,-0.1141
344.510,map,2.6391,2.6901,-0.1122,2.6303,2.6921,-0.1141
344.610,map,2.6391,2.6901,-0.1122,2.6303,2.6921,-0.1141
344.710,map,2.6391,2.6901,-0.1122,2.6303,2.6921,-0.1141
344.810,map,2.6391,2.6901,-0.1122,2.6303,2.6921,-0.1141
344.910,map,2.6391,2.6901,-0.1122,2.6303,2.6921,-0.1141
345.010,map,2.6391,2.6901,-0.1122,2.6303,2.6921,-0.1141
345.110,map,2.6391,2.6901,-0.1122,2.6303,2.6921,-0.1141
345.210,map,2.6391,2.6901,-0.1122,2.6303,2.6921,-0.1141
345.310,map,2.6391,2.6901,-0.1122,2.6303,2.6921,-0.1141
345.410,map,2.6391,2.6901,-0.1122,2.6303,2.6921,-0.1141
345.510,map,2.6391,2.6901,-0.1122,2.6303,2.6921,-0.1141
345.610,map,2.6391,2.6901,-0.1122,2.6303,2.6921,-0.1141
345.710,map,2.6391,2.6901,-0.1122,2.6303,2.6921,-0.1141
345.810,map,2.6391,2.6901,-0.1122,2.6303,2.6921,-0.1141
345.910,map,2.6391,2.6901,-0.1122,2.6303,2.6921,-0.1141
346.010,map,2.6391,2.6901,-0.1122,2.6303,2.6921,-0.1141
346.110,map,2.6391,2.6901,-0.1122,2.6303,2.6921,-0.1141
346.210,map,2.6391,2.6901,-0.1122,2.6303,2.6921,-0.1141
346.310,map,2.6391,2.6901,-0.1122,2.6303,2.6921,-0.1141
346.410,map,2.6391,2.6901,-0.1122,2.6303,2.6921,-0.1141
346.510,map,2.6391,2.6901,-0.1122,2.6303,2.6921,-0.1141
346.610,map,2.6391,2.6901,-0.1122,2.6303,2.6921,-0.1141
346.710,map,2.6391,2.6901,-0.1122,2.6303,2.6921,-0.1141
346.810,map,2.6391,2.6901,-0.1122,2.6303,2.6921,-0.1141
346.910,map,2.6391,2.6901,-0.1122,2.6303,2.6921,-0.1141
347.010,map,2.6391,2.6901,-0.1122,2.6303,2.6921,-0.1141
347.110,map,2.6391,2.6901,-0.1122,2.6303,2.6921,-0.1141
347.210,map,2.6391,2.6901,-0.1122,2.6303,2.6921,-0.1141
347.310,map,2.6391,2.6901,-0.1122,2.6303,2.6921,-0.1141
347.410,map,2.6391,2.6901,-0.1122,2.6303,2.6921,-0.1141
347.510,map,2.6391,2.6901,-0.1122,2.6303,2.6921,-0.1141
347.610,map,2.6391,2.6901,-0.1122,2.6303,2.6921,-0.1141
347.710,map,2.6391,2.6901,-0.1122,2.6303,2.6921,-0.1141
347.810,map,2.6391,2.6901,-0.1122,2.6303,2.6921,-0.1141
347.910,map,2.6391,2.6901,-0.1122,2.6303,2.6921,-0.1141
348.010,map,2.6391,2.6901,-0.1122,2.6303,2.6921,-0.1141
348.110,map,2.6391,2.6901,-0.1122,2.6303,2.6921,-0.1141
348.210,map,2.6391,2.6901,-0.1122,2.6303,2.6921,-0.1141
348.310,map,2.6391,2.6901,-0.1122,2.6303,2.6921,-0.1141
348.410,map,2.6391,2.6901,-0.1122,2.6303,2.6921,-0.1141
348.510,map,2.6391,2.6901,-0.1122,2.6303,2.6921,-0.1141
348.610,map,2.6391,2.6901,-0.1122,2.6303,2.6921,-0.1141
348.710,map,2.6391,2.6901,-0.1122,2.6303,2.6921,-0.1141
348.810,map,2.6391,2.6901,-0.1122,2.6303,2.6921,-0.1141
348.910,map,2.6391,2.6901,-0.1122,2.6303,2.6921,-0.1141
349.010,map,2.6391,2.6901,-0.1122,2.6303,2.6921,-0.1141
349.110,map,2.6391,2.6901,-0.1122,2.6303,2.6921,-0.1141
349.210,map,2.6391,2.6901,-0.1122,2.6303,2.6921,-0.1141
349.310,map,2.6391,2.6901,-0.1122,2.6303,2.6921,-0.1141
349.410,map,2.6391,2.6901,-0.1122,2.6303,2.6921,-0.1141
349.510,map,2.6391,2.6901,-0.1122,2.6303,2.6921,-0.1141
349.610,map,2.6391,2.6901,-0.1122,2.6303,2.6921,-0.1141
349.710,map,2.6391,2.6901,-0.1122,2.6303,2.6921,-0.1141
349.810,map,2.6391,2.6901,-0.1122,2.6303,2.6921,-0.1141
349.910,map,2.6391,2.6901,-0.1122,2.6303,2.6921,-0.1141
350.010,map,2.6391,2.6901,-0.1122,2.6303,2.6921,-0.1141
350.110,map,2.6391,2.6901,-0.1122,2.6303,2.6921,-0.1141
350.210,map,2.6391,2.6901,-0.1122,2.6303,2.6921,-0.1141
350.310,map,2.6391,2.6901,-0.1122,2.6303,2.6921,-0.1141
350.410,map,2.6391,2.6901,-0.1122,2.6303,2.6921,-0.1141
350.510,map,2.6391,2.6901,-0.1122,2.6303,2.6921,-0.1141
350.610,map,2.6391,2.6901,-0.1122,2.6303,2.6921,-0.1141
350.710,map,2.6391,2.6901,-0.1122,2.6303,2.6921,-0.1141
350.810,map,2.6391,2.6901,-0.1122,2.6303,2.6921,-0.1141
350.910,map,2.6391,2.6901,-0.1122,2.6303,2.6921,-0.1141
351.010,map,2.6391,2.6901,-0.1122,2.6303,2.6921,-0.1141
351.110,map,2.6391,2.6901,-0.1122,2.6303,2.6921,-0.1141
351.210,map,2.6391,2.6901,-0.1122,2.6303,2.6921,-0.1141
351.310,map,2.6391,2.6901,-0.1122,2.6303,2.6921,-0.1141
351.410,map,2.6391,2.6901,-0.1122,2.6303,2.6921,-0.1141
351.510,map,2.6391,2.6901,-0.1122,2.6303,2.6921,-0.1141
351.610,map,2.6391,2.6901,-0.1122,2.6303,2.6921,-0.1141
351.710,map,2.6391,2.6901,-0.1122,2.6303,2.6921,-0.1141
351.810,map,2.6391,2.6901,-0.1122,2.6303,2.6921,-0.1141
351.910,map,2.6391,2.6901,-0.1122,2.6303,2.6921,-0.1141
352.010,map,2.6391,2.6901,-0.1122,2.6303,2.6921,-0.1141
352.110,map,2.6391,2.6901,-0.1122,2.6303,2.6921,-0.1141
352.210,map,2.6391,2.6901,-0.1122,2.6303,2.6921,-0.1141
352.310,map,2.6391,2.6901,-0.1122,2.6303,2.6921,-0.1141
352.410,map,2.6391,2.6901,-0.1122,2.6303,2.6921,-0.1141
352.510,map,2.6391,2.6901,-0.1122,2.6303,2.6921,-0.1141
352.610,map,2.6391,2.6901,-0.1122,2.6303,2.6921,-0.1141
352.710,map,2.6391,2.6901,-0.1122,2.6303,2.6921,-0.1141
352.810,map,2.6391,2.6901,-0.1122,2.6303,2.6921,-0.1141
352.910,map,2.6391,2.6901,-0.1122,2.6303,2.6921,-0.1141
353.010,map,2.6391,2.6901,-0.1122,2.6303,2.6921,-0.1141
353.110,map,2.6391,2.6901,-0.1122,2.6303,2.6921,-0.1141
353.210,map,2.6391,2.6901,-0.1122,2.6303,2.6921,-0.1141
353.310,map,2.6391,2.6901,-0.1122,2.6303,2.6921,-0.1141
353.410,map,2.6391,2.6901,-0.1122,2.6303,2.6921,-0.1141
353.510,map,2.6391,2.6901,-0.1122,2.6303,2.6921,-0.1141
353.610,map,2.6391,2.6901,-0.1122,2.6303,2.6921,-0.1141
353.710,map,2.6391,2.6901,-0.1122,2.6303,2.6921,-0.1141
353.810,map,2.6391,2.6901,-0.1122,2.6303,2.6921,-0.1141
353.910,map,2.6391,2.6901,-0.1122,2.6303,2.6921,-0.1141
354.010,map,2.6391,2.6901,-0.1122,2.6303,2.6921,-0.1141
354.110,map,2.6391,2.6901,-0.1122,2.6303,2.6921,-0.1141
354.210,map,2.6391,2.6901,-0.1122,2.6303,2.6921,-0.1141
354.310,map,2.6391,2.6901,-0.1122,2.6303,2.6921,-0.1141
354.410,map,2.6391,2.6901,-0.1122,2.6303,2.6921,-0.1141
354.510,map,2.6391,2.6901,-0.1122,2.6303,2.6921,-0.1141
354.610,map,2.6391,2.6901,-0.1122,2.6303,2.6921,-0.1141
354.710,map,2.6391,2.6901,-0.1122,2.6303,2.6921,-0.1141
354.810,map,2.6391,2.6901,-0.1122,2.6303,2.6921,-0.1141
354.910,map,2.6391,2.6901,-0.1122,2.6303,2.6921,-0.1141
355.010,map,2.6391,2.6901,-0.1122,2.6303,2.6921,-0.1141
355.110,map,2.6391,2.6901,-0.1122,2.6303,2.6921,-0.1141
355.210,map,2.6391,2.6901,-0.1122,2.6303,2.6921,-0.1141
355.310,map,2.6391,2.6901,-0.1122,2.6303,2.6921,-0.1141
355.410,map,2.6391,2.6901,-0.1122,2.6303,2.6921,-0.1141
355.510,map,2.6391,2.6901,-0.1122,2.6303,2.6921,-0.1141
355.610,map,2.6391,2.6901,-0.1122,2.6303,2.6921,-0.1141
355.710,map,2.6391,2.6901,-0.1122,2.6303,2.6921,-0.1141
355.810,map,2.6391,2.6901,-0.1122,2.6303,2.6921,-0.1141
355.910,map,2.6391,2.6901,-0.1122,2.6303,2.6921,-0.1141
356.010,map,2.6391,2.6901,-0.1122,2.6303,2.6921,-0.1141
356.110,map,2.6391,2.6901,-0.1122,2.6303,2.6921,-0.1141
356.210,map,2.6391,2.6901,-0.1122,2.6303,2.6921,-0.1141
356.310,map,2.6391,2.6901,-0.1122,2.6303,2.6921,-0.1141
356.410,map,2.6391,2.6901,-0.1122,2.6303,2.6921,-0.1141
356.510,map,2.6391,2.6901,-0.1122,2.6303,2.6921,-0.1141
356.610,map,2.6391,2.6901,-0.1122,2.6303,2.6921,-0.1141
356.710,map,2.6391,2.6901,-0.1122,2.6303,2.6921,-0.1141
356.810,map,2.6391,2.6901,-0.1122,2.6303,2.6921,-0.1141
356.910,map,2.6391,2.6901,-0.1122,2.6303,2.6921,-0.1141
357.010,map,2.6391,2.6901,-0.1122,2.6303,2.6921,-0.1141
357.110,map,2.6391,2.6901,-0.1122,2.6303,2.6921,-0.1141
357.210,map,2.6391,2.6901,-0.1122,2.6303,2.6921,-0.1141
357.310,map,2.6391,2.6901,-0.1122,2.6303,2.6921,-0.1141
357.410,map,2.6391,2.6901,-0.1122,2.6303,2.6921,-0.1141
357.510,map,2.6391,2.6901,-0.1122,2.6303,2.6921,-0.1141
357.610,map,2.6391,2.6901,-0.1122,2.6303,2.6921,-0.1141
357.710,map,2.6391,2.6901,-0.1122,2.6303,2.6921,-0.1141
357.810,map,2.6391,2.6901,-0.1122,2.6303,2.6921,-0.1141
357.910,map,2.6391,2.6901,-0.1122,2.6303,2.6921,-0.1141
358.010,map,2.6391,2.6901,-0.1122,2.6303,2.6921,-0.1141
358.110,map,2.6391,2.6901,-0.1122,2.6303,2.6921,-0.1141
358.210,map,2.6391,2.6901,-0.1122,2.6303,2.6921,-0.1141
358.310,map,2.6391,2.6901,-0.1122,2.6303,2.6921,-0.1141
358.410,map,2.6391,2.6901,-0.1122,2.6303,2.6921,-0.1141
358.510,map,2.6391,2.6901,-0.1122,2.6303,2.6921,-0.1141
358.610,map,2.6391,2.6901,-0.1122,2.6303,2.6921,-0.1141
358.710,map,2.6391,2.6901,-0.1122,2.6303,2.6921,-0.1141
358.810,map,2.6391,2.6901,-0.1122,2.6303,2.6921,-0.1141
358.910,map,2.6391,2.6901,-0.1122,2.6303,2.6921,-0.1141
359.010,map,2.6391,2.6901,-0.1122,2.6303,2.6921,-0.1141
359.110,map,2.6391,2.6901,-0.1122,2.6303,2.6921,-0.1141
359.210,map,2.6391,2.6901,-0.1122,2.6303,2.6921,-0.1141
359.310,map,2.6391,2.6901,-0.1122,2.6303,2.6921,-0.1141
359.410,map,2.6391,2.6901,-0.1122,2.6303,2.6921,-0.1141
