t,frame,x,y,yaw,gt_x,gt_y,gt_yaw
0.110,odom,2.5000,2.5000,0.0000,2.5000,2.5000,0.0000
0.200,odom,2.5000,2.5000,0.0000,2.5000,2.5000,0.0000
0.300,map,2.5000,2.5000,0.0000,2.5000,2.5000,0.0000
0.400,map,2.5000,2.5000,0.0077,2.5000,2.5000,0.0077
0.500,map,2.5000,2.5000,0.0300,2.5000,2.5000,0.0303
0.600,map,2.5000,2.5000,0.0679,2.5000,2.5000,0.0679
0.700,map,2.5000,2.5000,0.1206,2.5000,2.5000,0.1206
0.800,map,2.5000,2.5000,0.1880,2.5000,2.5000,0.1883
0.900,map,2.5000,2.5000,0.2707,2.5000,2.5000,0.2709
1.000,map,2.5000,2.5000,0.3613,2.5000,2.5000,0.3609
1.100,map,2.5000,2.5000,0.4514,2.5000,2.5000,0.4509
1.200,map,2.5000,2.5000,0.5413,2.5000,2.5000,0.5409
1.300,map,2.5000,2.5000,0.6331,2.5000,2.5000,0.6309
1.400,map,2.5000,2.5000,0.7250,2.5000,2.5000,0.7209
1.500,map,2.5000,2.5000,0.8166,2.5000,2.5000,0.8109
1.600,map,2.5000,2.5000,0.9067,2.5000,2.5000,0.9009
1.700,map,2.5000,2.5000,0.9959,2.5000,2.5000,0.9909
1.800,map,2.5000,2.5000,1.0852,2.5000,2.5000,1.0809
1.900,map,2.5010,2.5022,1.1724,2.5010,2.5022,1.1671
2.000,map,2.5036,2.5093,1.2458,2.5037,2.5092,1.2412
2.110,map,2.5076,2.5227,1.3141,2.5077,2.5225,1.3088
2.210,map,2.5116,2.5399,1.3654,2.5117,2.5395,1.3603
2.310,map,2.5157,2.5619,1.4075,2.5159,2.5616,1.4026
2.410,map,2.5196,2.5889,1.4428,2.5200,2.5887,1.4380
2.510,map,2.5232,2.6212,1.4726,2.5238,2.6209,1.4678
2.610,map,2.5264,2.6582,1.4976,2.5271,2.6580,1.4932
2.710,map,2.5290,2.7005,1.5189,2.5299,2.7003,1.5143
2.810,map,2.5309,2.7452,1.5369,2.5320,2.7449,1.5321
2.910,map,2.5321,2.7902,1.5519,2.5334,2.7897,1.5472
3.010,map,2.5327,2.8352,1.5652,2.5342,2.8345,1.5600
3.110,map,2.5343,2.8799,1.5728,2.5344,2.8794,1.5707
3.210,map,2.5342,2.9247,1.5816,2.5342,2.9243,1.5801
3.310,map,2.5335,2.9691,1.5900,2.5336,2.9692,1.5882
3.410,map,2.5325,3.0137,1.5971,2.5327,3.0142,1.5952
3.510,map,2.5312,3.0581,1.6033,2.5314,3.0591,1.6010
3.610,map,2.5296,3.1030,1.6083,2.5300,3.1041,1.6058
3.710,map,2.5278,3.1477,1.6126,2.5283,3.1490,1.6099
3.810,map,2.5259,3.1923,1.6163,2.5265,3.1940,1.6133
3.910,map,2.5238,3.2367,1.6191,2.5245,3.2389,1.6162
4.010,map,2.5216,3.2815,1.6216,2.5224,3.2839,1.6185
4.110,map,2.5192,3.3262,1.6238,2.5202,3.3288,1.6205
4.210,map,2.5168,3.3704,1.6256,2.5179,3.3737,1.6222
4.310,map,2.5144,3.4151,1.6274,2.5156,3.4187,1.6236
4.410,map,2.5130,3.4604,1.6263,2.5132,3.4636,1.6247
4.510,map,2.5110,3.5058,1.6268,2.5107,3.5085,1.6259
4.610,map,2.5085,3.5507,1.6278,2.5082,3.5535,1.6271
4.710,map,2.5059,3.5959,1.6287,2.5056,3.5984,1.6282
4.810,map,2.5032,3.6406,1.6296,2.5030,3.6433,1.6291
4.910,map,2.5006,3.6850,1.6306,2.5004,3.6882,1.6300
5.010,map,2.4979,3.7295,1.6310,2.4977,3.7332,1.6306
5.110,map,2.4952,3.7741,1.6318,2.4950,3.7781,1.6312
5.210,map,2.4925,3.8194,1.6324,2.4923,3.8230,1.6317
5.310,map,2.4897,3.8639,1.6330,2.4895,3.8679,1.6321
5.410,map,2.4869,3.9092,1.6331,2.4868,3.9128,1.6324
5.510,map,2.4841,3.9545,1.6330,2.4840,3.9577,1.6327
5.610,map,2.4813,3.9988,1.6331,2.4812,4.0027,1.6330
5.710,map,2.4785,4.0494,1.6333,2.4784,4.0476,1.6333
5.810,map,2.4757,4.0989,1.6336,2.4756,4.0925,1.6335
5.910,map,2.4728,4.1436,1.6338,2.4728,4.1374,1.6337
6.010,map,2.4700,4.1890,1.6338,2.4699,4.1823,1.6339
6.110,map,2.4671,4.2339,1.6340,2.4671,4.2272,1.6341
6.210,map,2.4643,4.2791,1.6342,2.4642,4.2721,1.6342
6.310,map,2.4614,4.3240,1.6346,2.4614,4.3170,1.6344
6.410,map,2.4585,4.3689,1.6345,2.4585,4.3619,1.6345
6.510,map,2.4557,4.4138,1.6349,2.4557,4.4068,1.6345
6.610,map,2.4528,4.4582,1.6349,2.4528,4.4518,1.6346
6.710,map,2.4499,4.5035,1.6350,2.4499,4.4967,1.6346
6.810,map,2.4470,4.5482,1.6349,2.4471,4.5416,1.6346
6.910,map,2.4441,4.5933,1.6349,2.4442,4.5865,1.6346
7.010,map,2.4413,4.6347,1.6349,2.4413,4.6314,1.6346
7.110,map,2.4384,4.6733,1.6349,2.4384,4.6763,1.6346
7.210,map,2.4355,4.7178,1.6348,2.4356,4.7212,1.6346
7.310,map,2.4326,4.7625,1.6351,2.4327,4.7661,1.6347
7.410,map,2.4298,4.8069,1.6350,2.4298,4.8110,1.6347
7.510,map,2.4269,4.8520,1.6351,2.4270,4.8559,1.6347
7.610,map,2.4240,4.8970,1.6351,2.4241,4.9008,1.6346
7.710,map,2.4211,4.9418,1.6351,2.4212,4.9457,1.6346
7.810,map,2.4182,4.9871,1.6352,2.4184,4.9907,1.6346
7.910,map,2.4153,5.0319,1.6353,2.4155,5.0356,1.6345
8.010,map,2.4124,5.0769,1.6352,2.4126,5.0805,1.6345
8.110,map,2.4095,5.1215,1.6354,2.4098,5.1254,1.6344
8.210,map,2.4066,5.1659,1.6352,2.4069,5.1703,1.6344
8.310,map,2.4037,5.2107,1.6355,2.4040,5.2152,1.6343
8.410,map,2.4008,5.2554,1.6352,2.4012,5.2601,1.6343
8.510,map,2.3979,5.3005,1.6352,2.3983,5.3050,1.6342
8.610,map,2.3951,5.3450,1.6351,2.3955,5.3499,1.6341
8.710,map,2.3921,5.3906,1.6347,2.3926,5.3948,1.6341
8.810,map,2.3893,5.4353,1.6350,2.3898,5.4397,1.6341
8.910,map,2.3863,5.4809,1.6354,2.3869,5.4847,1.6341
9.010,map,2.3834,5.5262,1.6356,2.3841,5.5296,1.6341
9.110,map,2.3805,5.5710,1.6355,2.3812,5.5745,1.6340
9.210,map,2.3776,5.6159,1.6357,2.3784,5.6194,1.6339
9.310,map,2.3747,5.6606,1.6356,2.3756,5.6643,1.6338
9.410,map,2.3718,5.7057,1.6354,2.3727,5.7092,1.6337
9.510,map,2.3688,5.7509,1.6354,2.3699,5.7541,1.6336
9.610,map,2.3659,5.7958,1.6350,2.3671,5.7990,1.6335
9.710,map,2.3631,5.8496,1.6350,2.3643,5.8439,1.6335
9.810,map,2.3602,5.8953,1.6349,2.3615,5.8889,1.6335
9.910,map,2.3573,5.9399,1.6351,2.3586,5.9338,1.6335
10.010,map,2.3544,5.9851,1.6350,2.3558,5.9787,1.6335
10.110,map,2.3515,6.0300,1.6347,2.3530,6.0236,1.6334
10.210,map,2.3486,6.0752,1.6350,2.3502,6.0685,1.6335
10.310,map,2.3458,6.1199,1.6352,2.3474,6.1134,1.6335
10.410,map,2.3429,6.1651,1.6351,2.3445,6.1583,1.6335
10.510,map,2.3400,6.2098,1.6352,2.3417,6.2032,1.6334
10.610,map,2.3371,6.2548,1.6349,2.3389,6.2481,1.6334
10.710,map,2.3342,6.2991,1.6349,2.3361,6.2931,1.6334
10.810,map,2.3314,6.3440,1.6347,2.3333,6.3380,1.6334
10.910,map,2.3284,6.3897,1.6350,2.3305,6.3829,1.6334
11.010,map,2.3256,6.4343,1.6350,2.3276,6.4278,1.6334
11.110,map,2.3224,6.4837,1.6346,2.3245,6.4772,1.6334
11.210,map,2.3198,6.5241,1.6347,2.3220,6.5176,1.6334
11.310,map,2.3169,6.5687,1.6349,2.3192,6.5625,1.6335
11.410,map,2.3140,6.6137,1.6351,2.3164,6.6074,1.6335
11.510,map,2.3111,6.6590,1.6353,2.3136,6.6524,1.6335
11.610,map,2.3082,6.7039,1.6357,2.3107,6.6973,1.6335
11.710,map,2.3053,6.7490,1.6355,2.3079,6.7422,1.6334
11.810,map,2.3024,6.7938,1.6354,2.3051,6.7871,1.6333
11.910,map,2.2995,6.8385,1.6355,2.3023,6.8320,1.6332
12.010,map,2.2966,6.8833,1.6354,2.2995,6.8769,1.6331
12.110,map,2.2937,6.9286,1.6353,2.2967,6.9218,1.6331
12.210,map,2.2908,6.9733,1.6352,2.2939,6.9667,1.6330
12.310,map,2.2879,7.0121,1.6349,2.2911,7.0117,1.6330
12.410,map,2.2850,7.0526,1.6348,2.2883,7.0566,1.6329
12.510,map,2.2821,7.0965,1.6425,2.2854,7.1006,1.6406
12.610,map,2.2785,7.1404,1.6652,2.2819,7.1445,1.6632
12.710,map,2.2737,7.1838,1.6950,2.2772,7.1883,1.6934
12.810,map,2.2676,7.2278,1.7224,2.2712,7.2321,1.7204
12.910,map,2.2604,7.2715,1.7463,2.2640,7.2760,1.7441
13.010,map,2.2521,7.3156,1.7664,2.2559,7.3198,1.7648
13.110,map,2.2429,7.3598,1.7845,2.2469,7.3636,1.7830
13.210,map,2.2331,7.4033,1.8007,2.2371,7.4072,1.7992
13.310,map,2.2225,7.4471,1.8149,2.2266,7.4508,1.8134
13.410,map,2.2115,7.4902,1.8276,2.2156,7.4942,1.8259
13.510,map,2.2000,7.5329,1.8388,2.2040,7.5376,1.8370
13.610,map,2.1878,7.5801,1.8480,2.1920,7.5809,1.8469
13.710,map,2.1754,7.6297,1.8517,2.1796,7.6241,1.8504
13.810,map,2.1631,7.6724,1.8531,2.1672,7.6674,1.8515
13.910,map,2.1506,7.7152,1.8541,2.1547,7.7106,1.8525
14.010,map,2.1380,7.7583,1.8595,2.1421,7.7538,1.8578
14.110,map,2.1252,7.8008,1.8641,2.1294,7.7963,1.8620
14.210,map,2.1137,7.8393,1.8553,2.1180,7.8347,1.8530
14.310,map,2.1033,7.8757,1.8406,2.1076,7.8716,1.8383
14.410,map,2.0932,7.9134,1.8276,2.0976,7.9091,1.8252
14.510,map,2.0833,7.9519,1.8162,2.0878,7.9477,1.8138
14.610,map,2.0736,7.9916,1.8062,2.0782,7.9875,1.8039
14.710,map,2.0640,8.0322,1.7976,2.0686,8.0284,1.7952
14.810,map,2.0546,8.0737,1.7902,2.0594,8.0698,1.7876
14.910,map,2.0456,8.1148,1.7834,2.0504,8.1109,1.7810
15.010,map,2.0369,8.1548,1.7775,2.0419,8.1515,1.7752
15.110,map,2.0284,8.1867,1.7725,2.0335,8.1925,1.7700
15.210,map,2.0202,8.2276,1.7676,2.0253,8.2338,1.7654
15.310,map,2.0121,8.2684,1.7631,2.0172,8.2754,1.7611
15.410,map,2.0040,8.3104,1.7595,2.0092,8.3170,1.7575
15.510,map,1.9964,8.3506,1.7543,2.0017,8.3574,1.7522
15.610,map,1.9893,8.3901,1.7414,1.9947,8.3968,1.7395
15.710,map,1.9827,8.4298,1.7296,1.9882,8.4365,1.7277
15.810,map,1.9764,8.4709,1.7193,1.9819,8.4775,1.7175
15.910,map,1.9705,8.5116,1.7104,1.9761,8.5183,1.7086
16.010,map,1.9651,8.5510,1.7033,1.9707,8.5581,1.7008
16.110,map,1.9598,8.5917,1.6964,1.9656,8.5985,1.6940
16.210,map,1.9547,8.6332,1.6902,1.9607,8.6395,1.6880
16.310,map,1.9500,8.6738,1.6850,1.9560,8.6800,1.6828
16.410,map,1.9454,8.7142,1.6805,1.9515,8.7206,1.6783
16.510,map,1.9409,8.7658,1.6762,1.9471,8.7622,1.6743
16.610,map,1.9366,8.8075,1.6725,1.9429,8.8037,1.6709
16.710,map,1.9325,8.8483,1.6695,1.9388,8.8447,1.6680
16.810,map,1.9285,8.8890,1.6668,1.9349,8.8856,1.6655
16.910,map,1.9246,8.9302,1.6647,1.9310,8.9269,1.6633
17.010,map,1.9208,8.9715,1.6554,1.9273,8.9683,1.6535
17.110,map,1.9178,9.0119,1.6371,1.9243,9.0091,1.6358
17.210,map,1.9153,9.0539,1.6212,1.9219,9.0510,1.6200
17.310,map,1.9135,9.0956,1.6076,1.9202,9.0928,1.6065
17.410,map,1.9123,9.1368,1.5960,1.9189,9.1338,1.5950
17.510,map,1.9114,9.1787,1.5861,1.9181,9.1755,1.5851
17.610,map,1.9110,9.2212,1.5776,1.9177,9.2176,1.5766
17.710,map,1.9108,9.2638,1.5707,1.9176,9.2601,1.5694
17.810,map,1.9110,9.3068,1.5641,1.9178,9.3031,1.5631
17.900,map,1.9113,9.3539,1.5593,1.9182,9.3411,1.5582
18.000,map,1.9119,9.3976,1.5546,1.9188,9.3834,1.5536
18.100,map,1.9127,9.4405,1.5505,1.9197,9.4258,1.5495
18.200,map,1.9136,9.4821,1.5475,1.9206,9.4678,1.5460
18.300,map,1.9147,9.5253,1.5450,1.9218,9.5107,1.5429
18.400,map,1.9158,9.5679,1.5425,1.9230,9.5536,1.5402
18.500,map,1.9171,9.6102,1.5401,1.9244,9.5961,1.5378
18.600,map,1.9184,9.6527,1.5380,1.9258,9.6384,1.5357
18.700,map,1.9199,9.6967,1.5362,1.9274,9.6819,1.5339
18.800,map,1.9214,9.7402,1.5344,1.9290,9.7250,1.5324
18.900,map,1.9231,9.7852,1.5329,1.9307,9.7693,1.5310
19.000,map,1.9248,9.8298,1.5318,1.9325,9.8137,1.5299
19.100,map,1.9266,9.8743,1.5314,1.9344,9.8587,1.5290
19.200,map,1.9284,9.9197,1.5308,1.9363,9.9037,1.5282
19.300,map,1.9302,9.9562,1.5302,1.9382,9.9486,1.5273
19.400,map,1.9321,10.0007,1.5297,1.9402,9.9936,1.5266
19.500,map,1.9339,10.0457,1.5291,1.9422,10.0385,1.5260
19.600,map,1.9358,10.0902,1.5288,1.9442,10.0835,1.5254
19.700,map,1.9377,10.1353,1.5285,1.9463,10.1284,1.5249
19.800,map,1.9396,10.1806,1.5281,1.9484,10.1734,1.5244
19.900,map,1.9416,10.2259,1.5277,1.9505,10.2183,1.5239
20.000,map,1.9435,10.2707,1.5272,1.9526,10.2633,1.5235
20.100,map,1.9455,10.3157,1.5268,1.9547,10.3082,1.5231
20.200,map,1.9475,10.3608,1.5265,1.9569,10.3530,1.5228
20.300,map,1.9494,10.4046,1.5262,1.9590,10.3969,1.5225
20.400,map,1.9514,10.4475,1.5260,1.9610,10.4396,1.5223
20.500,map,1.9532,10.4893,1.5259,1.9631,10.4813,1.5220
20.600,map,1.9550,10.5294,1.5258,1.9651,10.5219,1.5218
20.700,map,1.9568,10.5685,1.5254,1.9670,10.5615,1.5216
20.800,map,1.9586,10.6073,1.5252,1.9689,10.6001,1.5215
20.900,map,1.9603,10.6453,1.5252,1.9708,10.6378,1.5214
21.000,map,1.9620,10.6820,1.5252,1.9726,10.6744,1.5212
21.100,map,1.9636,10.7177,1.5246,1.9744,10.7101,1.5211
21.200,map,1.9652,10.7523,1.5245,1.9761,10.7450,1.5210
21.300,map,1.9668,10.7860,1.5246,1.9778,10.7790,1.5210
21.400,map,1.9683,10.8192,1.5244,1.9794,10.8121,1.5210
21.500,map,1.9698,10.8515,1.5245,1.9810,10.8443,1.5210
21.600,map,1.9713,10.8830,1.5242,1.9826,10.8758,1.5209
21.700,map,1.9727,10.9135,1.5242,1.9841,10.9065,1.5209
21.800,map,1.9741,10.9433,1.5244,1.9856,10.9364,1.5210
21.900,map,1.9754,10.9722,1.5242,1.9871,10.9656,1.5209
22.000,map,1.9768,11.0007,1.5241,1.9885,10.9940,1.5209
22.100,map,1.9781,11.0284,1.5242,1.9899,11.0217,1.5210
22.200,map,1.9793,11.0556,1.5242,1.9912,11.0487,1.5210
22.300,map,1.9806,11.0821,1.5241,1.9925,11.0751,1.5210
22.400,map,1.9818,11.1077,1.5242,1.9938,11.1007,1.5210
22.500,map,1.9829,11.1325,1.5244,1.9951,11.1257,1.5210
22.600,map,1.9840,11.1565,1.5242,1.9963,11.1501,1.5210
22.700,map,1.9851,11.1801,1.5242,1.9975,11.1739,1.5210
22.800,map,1.9862,11.2033,1.5245,1.9986,11.1971,1.5211
22.900,map,1.9872,11.2255,1.5243,1.9997,11.2192,1.5211
23.000,map,1.9881,11.2432,1.5243,2.0006,11.2369,1.5211
23.100,map,1.9887,11.2560,1.5242,2.0012,11.2497,1.5211
23.200,map,1.9890,11.2637,1.5242,2.0016,11.2574,1.5211
23.300,map,1.9891,11.2665,1.5242,2.0018,11.2602,1.5211
23.400,map,1.9891,11.2665,1.5242,2.0018,11.2602,1.5211
23.500,map,1.9891,11.2665,1.5223,2.0018,11.2602,1.5191
23.600,map,1.9891,11.2665,1.5075,2.0018,11.2602,1.5040
23.700,map,1.9891,11.2665,1.4778,2.0018,11.2602,1.4738
23.800,map,1.9891,11.2665,1.4326,2.0018,11.2602,1.4287
23.900,map,1.9891,11.2665,1.3729,2.0018,11.2602,1.3685
24.000,map,1.9891,11.2665,1.2983,2.0018,11.2602,1.2934
24.100,map,1.9891,11.2665,1.2109,2.0018,11.2602,1.2052
24.200,map,1.9891,11.2665,1.1220,2.0018,11.2602,1.1152
24.300,map,1.9891,11.2665,1.0319,2.0018,11.2602,1.0252
24.400,map,1.9891,11.2665,0.9436,2.0018,11.2602,0.9352
24.500,map,1.9891,11.2665,0.8545,2.0018,11.2602,0.8452
24.600,map,1.9891,11.2665,0.7638,2.0018,11.2602,0.7552
24.700,map,1.9891,11.2665,0.6744,2.0018,11.2602,0.6652
24.800,map,1.9891,11.2665,0.5843,2.0018,11.2602,0.5752
24.900,map,1.9891,11.2665,0.4934,2.0018,11.2602,0.4852
25.000,map,1.9914,11.2675,0.4041,2.0040,11.2612,0.3952
25.100,map,1.9983,11.2701,0.3173,2.0110,11.2637,0.3073
25.200,map,2.0104,11.2735,0.2406,2.0230,11.2670,0.2311
25.300,map,2.0274,11.2770,0.1759,2.0401,11.2704,0.1674
25.400,map,2.0495,11.2803,0.1222,2.0624,11.2735,0.1143
25.500,map,2.0770,11.2830,0.0779,2.0897,11.2760,0.0699
25.600,map,2.1094,11.2849,0.0405,2.1221,11.2776,0.0327
25.700,map,2.1466,11.2858,0.0093,2.1595,11.2782,0.0014
25.800,map,2.1891,11.2856,-0.0176,2.2019,11.2777,-0.0250
25.900,map,2.2336,11.2843,-0.0395,2.2464,11.2761,-0.0472
26.000,map,2.2782,11.2821,-0.0587,2.2910,11.2736,-0.0659
26.100,map,2.3230,11.2791,-0.0749,2.3356,11.2702,-0.0818
26.200,map,2.3679,11.2738,-0.0917,2.3803,11.2663,-0.0952
26.300,map,2.4125,11.2693,-0.1031,2.4249,11.2618,-0.1061
26.400,map,2.4574,11.2644,-0.1121,2.4696,11.2568,-0.1151
26.500,map,2.5022,11.2592,-0.1202,2.5142,11.2515,-0.1230
26.600,map,2.5470,11.2536,-0.1269,2.5588,11.2458,-0.1298
26.700,map,2.5916,11.2478,-0.1323,2.6033,11.2398,-0.1351
26.800,map,2.6367,11.2417,-0.1365,2.6479,11.2337,-0.1396
26.900,map,2.6810,11.2355,-0.1404,2.6924,11.2273,-0.1434
27.000,map,2.7257,11.2291,-0.1439,2.7370,11.2208,-0.1467
27.100,map,2.7706,11.2226,-0.1465,2.7815,11.2142,-0.1494
27.200,map,2.8146,11.2160,-0.1491,2.8259,11.2074,-0.1518
27.300,map,2.8593,11.2093,-0.1512,2.8704,11.2006,-0.1537
27.400,map,2.9039,11.2024,-0.1529,2.9149,11.1937,-0.1553
27.500,map,2.9481,11.1956,-0.1542,2.9593,11.1867,-0.1567
27.600,map,2.9930,11.1886,-0.1555,3.0038,11.1796,-0.1578
27.700,map,3.0375,11.1816,-0.1566,3.0482,11.1725,-0.1588
27.800,map,3.0818,11.1746,-0.1575,3.0926,11.1654,-0.1595
27.900,map,3.1263,11.1675,-0.1581,3.1371,11.1582,-0.1602
28.000,map,3.1707,11.1604,-0.1585,3.1815,11.1510,-0.1607
28.100,map,3.2151,11.1533,-0.1591,3.2259,11.1438,-0.1612
28.200,map,3.2597,11.1461,-0.1596,3.2703,11.1366,-0.1616
28.300,map,3.3038,11.1390,-0.1601,3.3147,11.1293,-0.1619
28.400,map,3.3482,11.1318,-0.1605,3.3591,11.1221,-0.1622
28.500,map,3.3929,11.1246,-0.1605,3.4035,11.1148,-0.1624
28.600,map,3.4379,11.1173,-0.1606,3.4480,11.1075,-0.1625
28.700,map,3.4827,11.1100,-0.1608,3.4924,11.1002,-0.1627
28.800,map,3.5269,11.1028,-0.1611,3.5368,11.0930,-0.1628
28.900,map,3.5713,11.0956,-0.1614,3.5812,11.0857,-0.1629
29.000,map,3.6157,11.0884,-0.1614,3.6256,11.0784,-0.1630
29.100,map,3.6607,11.0811,-0.1611,3.6700,11.0711,-0.1630
29.200,map,3.7045,11.0739,-0.1612,3.7144,11.0638,-0.1631
29.300,map,3.7486,11.0668,-0.1613,3.7588,11.0564,-0.1631
29.400,map,3.7928,11.0596,-0.1613,3.8032,11.0491,-0.1632
29.500,map,3.8372,11.0523,-0.1614,3.8476,11.0418,-0.1632
29.600,map,3.8814,11.0451,-0.1608,3.8920,11.0345,-0.1627
29.700,map,3.9266,11.0378,-0.1603,3.9364,11.0272,-0.1621
29.800,map,3.9710,11.0397,-0.1597,3.9808,11.0200,-0.1616
29.900,map,4.0155,11.0335,-0.1596,4.0252,11.0128,-0.1614
30.000,map,4.0599,11.0264,-0.1595,4.0696,11.0055,-0.1613
30.100,map,4.1041,11.0192,-0.1594,4.1141,10.9983,-0.1612
30.200,map,4.1484,11.0121,-0.1595,4.1585,10.9911,-0.1611
30.300,map,4.1925,11.0050,-0.1596,4.2029,10.9839,-0.1611
30.400,map,4.2372,10.9978,-0.1598,4.2473,10.9767,-0.1610
30.500,map,4.2815,10.9907,-0.1596,4.2917,10.9694,-0.1609
30.600,map,4.3262,10.9835,-0.1594,4.3361,10.9622,-0.1608
30.700,map,4.3703,10.9764,-0.1593,4.3806,10.9550,-0.1607
30.800,map,4.4148,10.9693,-0.1596,4.4250,10.9478,-0.1607
30.900,map,4.4589,10.9622,-0.1596,4.4694,10.9406,-0.1606
31.000,map,4.5038,10.9549,-0.1596,4.5138,10.9334,-0.1605
31.100,map,4.5488,10.9477,-0.1594,4.5583,10.9263,-0.1604
31.200,map,4.5930,10.9406,-0.1597,4.6027,10.9191,-0.1603
31.300,map,4.6378,10.9334,-0.1594,4.6471,10.9119,-0.1602
31.400,map,4.6820,10.9263,-0.1593,4.6915,10.9047,-0.1601
31.500,map,4.7264,10.9191,-0.1595,4.7359,10.8975,-0.1600
31.600,map,4.7708,10.9120,-0.1593,4.7804,10.8904,-0.1600
31.700,map,4.8149,10.9049,-0.1590,4.8248,10.8832,-0.1599
31.800,map,4.8596,10.8977,-0.1591,4.8692,10.8760,-0.1599
31.900,map,4.9039,10.8906,-0.1594,4.9137,10.8689,-0.1599
32.000,map,4.9483,10.8835,-0.1596,4.9581,10.8617,-0.1598
32.100,map,4.9924,10.8764,-0.1596,5.0025,10.8546,-0.1597
32.200,map,5.0367,10.8693,-0.1599,5.0469,10.8474,-0.1596
32.300,map,5.0807,10.8622,-0.1594,5.0914,10.8403,-0.1595
32.400,map,5.1255,10.8550,-0.1593,5.1358,10.8331,-0.1594
32.500,map,5.1696,10.8479,-0.1590,5.1802,10.8260,-0.1593
32.600,map,5.2142,10.8407,-0.1587,5.2247,10.8188,-0.1588
32.700,map,5.2589,10.8336,-0.1576,5.2691,10.8117,-0.1578
32.800,map,5.3034,10.8266,-0.1566,5.3135,10.8047,-0.1568
32.900,map,5.3484,10.8195,-0.1558,5.3580,10.7977,-0.1560
33.000,map,5.3927,10.8125,-0.1551,5.4024,10.7907,-0.1554
33.100,map,5.4375,10.8055,-0.1548,5.4469,10.7838,-0.1548
33.200,map,5.4825,10.7985,-0.1542,5.4914,10.7768,-0.1543
33.300,map,5.5266,10.7917,-0.1538,5.5358,10.7699,-0.1538
33.400,map,5.5712,10.7848,-0.1531,5.5803,10.7630,-0.1535
33.500,map,5.6230,10.7779,-0.1529,5.6248,10.7562,-0.1532
33.600,map,5.6706,10.7710,-0.1530,5.6692,10.7493,-0.1529
33.700,map,5.7152,10.7641,-0.1528,5.7137,10.7425,-0.1528
33.800,map,5.7598,10.7573,-0.1522,5.7582,10.7356,-0.1526
33.900,map,5.8046,10.7504,-0.1520,5.8027,10.7288,-0.1525
34.000,map,5.8494,10.7435,-0.1515,5.8471,10.7219,-0.1524
34.100,map,5.8940,10.7367,-0.1513,5.8916,10.7151,-0.1524
34.200,map,5.9386,10.7299,-0.1511,5.9361,10.7083,-0.1525
34.300,map,5.9832,10.7231,-0.1511,5.9806,10.7014,-0.1525
34.400,map,6.0280,10.7163,-0.1512,6.0251,10.6946,-0.1526
34.500,map,6.0727,10.7095,-0.1511,6.0695,10.6878,-0.1527
34.600,map,6.1170,10.7028,-0.1514,6.1140,10.6809,-0.1528
34.700,map,6.1617,10.6959,-0.1514,6.1585,10.6741,-0.1529
34.800,map,6.2063,10.6891,-0.1514,6.2030,10.6672,-0.1530
34.900,map,6.2408,10.6723,-0.1514,6.2474,10.6603,-0.1530
35.000,map,6.2856,10.6655,-0.1511,6.2919,10.6535,-0.1526
35.100,map,6.3299,10.6588,-0.1507,6.3364,10.6467,-0.1521
35.200,map,6.3742,10.6521,-0.1497,6.3809,10.6399,-0.1517
35.300,map,6.4187,10.6453,-0.1496,6.4254,10.6331,-0.1514
35.400,map,6.4636,10.6386,-0.1491,6.4698,10.6263,-0.1512
35.500,map,6.5084,10.6319,-0.1489,6.5143,10.6195,-0.1510
35.600,map,6.5531,10.6252,-0.1487,6.5588,10.6127,-0.1509
35.700,map,6.5979,10.6185,-0.1484,6.6033,10.6060,-0.1508
35.800,map,6.6425,10.6118,-0.1484,6.6478,10.5992,-0.1507
35.900,map,6.6867,10.6052,-0.1480,6.6923,10.5925,-0.1507
36.000,map,6.7313,10.5985,-0.1480,6.7368,10.5857,-0.1507
36.100,map,6.7756,10.5919,-0.1483,6.7813,10.5790,-0.1507
36.200,map,6.8201,10.5853,-0.1483,6.8258,10.5722,-0.1506
36.300,map,6.8646,10.5786,-0.1484,6.8702,10.5654,-0.1506
36.400,map,6.9091,10.5720,-0.1482,6.9147,10.5587,-0.1506
36.500,map,6.9533,10.5654,-0.1486,6.9592,10.5519,-0.1505
36.600,map,6.9982,10.5586,-0.1487,7.0037,10.5452,-0.1505
36.700,map,7.0430,10.5519,-0.1484,7.0482,10.5385,-0.1504
36.800,map,7.0874,10.5453,-0.1484,7.0927,10.5317,-0.1503
36.900,map,7.1319,10.5387,-0.1486,7.1372,10.5250,-0.1503
37.000,map,7.1764,10.5320,-0.1487,7.1817,10.5182,-0.1502
37.100,map,7.2206,10.5254,-0.1485,7.2262,10.5115,-0.1501
37.200,map,7.2651,10.5187,-0.1485,7.2707,10.5048,-0.1500
37.300,map,7.3095,10.5121,-0.1482,7.3152,10.4981,-0.1500
37.400,map,7.3539,10.5055,-0.1482,7.3597,10.4913,-0.1499
37.500,map,7.3979,10.4989,-0.1486,7.4042,10.4846,-0.1499
37.600,map,7.4418,10.4923,-0.1487,7.4487,10.4779,-0.1498
37.700,map,7.4864,10.4856,-0.1485,7.4932,10.4712,-0.1497
37.800,map,7.5309,10.4790,-0.1483,7.5377,10.4645,-0.1496
37.900,map,7.5749,10.4724,-0.1486,7.5821,10.4578,-0.1495
38.000,map,7.6196,10.4657,-0.1486,7.6266,10.4511,-0.1495
38.100,map,7.6641,10.4591,-0.1487,7.6711,10.4444,-0.1493
38.200,map,7.7083,10.4524,-0.1484,7.7156,10.4377,-0.1492
38.300,map,7.7525,10.4458,-0.1483,7.7601,10.4310,-0.1492
38.400,map,7.7969,10.4392,-0.1483,7.8046,10.4243,-0.1491
38.500,map,7.8409,10.4326,-0.1486,7.8491,10.4176,-0.1490
38.600,map,7.8856,10.4259,-0.1486,7.8936,10.4109,-0.1489
38.700,map,7.9303,10.4192,-0.1481,7.9382,10.4043,-0.1485
38.800,map,7.9748,10.4126,-0.1475,7.9827,10.3976,-0.1477
38.900,map,8.0197,10.4060,-0.1467,8.0272,10.3910,-0.1470
39.000,map,8.0644,10.3994,-0.1458,8.0717,10.3844,-0.1464
39.100,map,8.1088,10.3929,-0.1452,8.1162,10.3779,-0.1459
39.200,map,8.1535,10.3864,-0.1446,8.1607,10.3714,-0.1455
39.300,map,8.1978,10.3799,-0.1441,8.2053,10.3648,-0.1452
39.400,map,8.2422,10.3735,-0.1435,8.2498,10.3583,-0.1449
39.500,map,8.2867,10.3670,-0.1436,8.2943,10.3518,-0.1447
39.600,map,8.3316,10.3606,-0.1431,8.3388,10.3454,-0.1445
39.700,map,8.3758,10.3542,-0.1431,8.3834,10.3389,-0.1444
39.800,map,8.4200,10.3478,-0.1429,8.4279,10.3324,-0.1443
39.900,map,8.4653,10.3413,-0.1425,8.4724,10.3259,-0.1442
40.000,map,8.5093,10.3350,-0.1427,8.5170,10.3195,-0.1442
40.100,map,8.5611,10.3286,-0.1427,8.5615,10.3130,-0.1441
40.200,map,8.6083,10.3222,-0.1430,8.6060,10.3065,-0.1442
40.300,map,8.6528,10.3158,-0.1450,8.6506,10.3001,-0.1459
40.400,map,8.6972,10.3092,-0.1503,8.6950,10.2934,-0.1514
40.500,map,8.7411,10.3024,-0.1555,8.7395,10.2865,-0.1564
40.600,map,8.7855,10.2953,-0.1651,8.7838,10.2793,-0.1660
40.700,map,8.8302,10.2876,-0.1740,8.8281,10.2717,-0.1746
40.800,map,8.8745,10.2796,-0.1830,8.8722,10.2637,-0.1838
40.900,map,8.9190,10.2711,-0.1977,8.9162,10.2552,-0.1983
41.000,map,8.9624,10.2620,-0.2147,8.9600,10.2461,-0.2153
41.100,map,9.0057,10.2521,-0.2342,9.0034,10.2361,-0.2350
41.200,map,9.0494,10.2412,-0.2539,9.0467,10.2253,-0.2553
41.300,map,9.0918,10.2298,-0.2754,9.0894,10.2137,-0.2766
41.400,map,9.1333,10.2175,-0.2984,9.1304,10.2015,-0.2994
41.500,map,9.1752,10.2041,-0.3213,9.1722,10.1881,-0.3220
41.600,map,9.2165,10.1898,-0.3438,9.2136,10.1738,-0.3445
41.700,map,9.2584,10.1743,-0.3674,9.2552,10.1583,-0.3678
41.800,map,9.2994,10.1580,-0.3898,9.2965,10.1418,-0.3904
41.900,map,9.3397,10.1409,-0.4116,9.3370,10.1246,-0.4125
42.000,map,9.3778,10.1237,-0.4408,9.3749,10.1075,-0.4414
42.100,map,9.4103,10.1075,-0.4837,9.4077,10.0912,-0.4843
42.200,map,9.4407,10.0907,-0.5270,9.4381,10.0743,-0.5271
42.300,map,9.4716,10.0719,-0.5640,9.4689,10.0556,-0.5642
42.400,map,9.5039,10.0507,-0.5961,9.5008,10.0346,-0.5962
42.500,map,9.5374,10.0273,-0.6239,9.5346,10.0110,-0.6239
42.600,map,9.5699,10.0033,-0.6480,9.5670,9.9871,-0.6479
42.700,map,9.6016,9.9787,-0.6685,9.5987,9.9626,-0.6688
42.800,map,9.6339,9.9527,-0.6863,9.6306,9.9369,-0.6870
42.900,map,9.6659,9.9261,-0.7020,9.6623,9.9104,-0.7031
43.000,map,9.6959,9.9004,-0.7158,9.6925,9.8844,-0.7171
43.110,map,9.7289,9.8713,-0.7291,9.7255,9.8553,-0.7307
43.210,map,9.7589,9.8442,-0.7400,9.7555,9.8281,-0.7415
43.310,map,9.7880,9.8174,-0.7494,9.7844,9.8013,-0.7509
43.410,map,9.8159,9.7912,-0.7577,9.8122,9.7752,-0.7591
43.510,map,9.8435,9.7649,-0.7648,9.8396,9.7491,-0.7664
43.610,map,9.8709,9.7384,-0.7713,9.8668,9.7227,-0.7728
43.710,map,9.8986,9.7113,-0.7792,9.8940,9.6959,-0.7805
43.810,map,9.9239,9.6860,-0.7930,9.9192,9.6706,-0.7942
43.910,map,9.9478,9.6614,-0.8056,9.9431,9.6460,-0.8066
44.010,map,9.9707,9.6373,-0.8162,9.9659,9.6220,-0.8175
44.110,map,9.9937,9.6125,-0.8260,9.9888,9.5973,-0.8272
44.210,map,10.0161,9.5880,-0.8345,10.0112,9.5728,-0.8357
44.310,map,10.0382,9.5635,-0.8424,10.0330,9.5484,-0.8432
44.410,map,10.0594,9.5396,-0.8491,10.0542,9.5244,-0.8498
44.510,map,10.0794,9.5166,-0.8549,10.0743,9.5014,-0.8556
44.610,map,10.0996,9.4934,-0.8601,10.0944,9.4783,-0.8607
44.710,map,10.1192,9.4705,-0.8648,10.1141,9.4552,-0.8652
44.810,map,10.1387,9.4475,-0.8688,10.1335,9.4324,-0.8692
44.910,map,10.1578,9.4249,-0.8723,10.1524,9.4099,-0.8728
45.010,map,10.1754,9.4038,-0.8752,10.1700,9.3889,-0.8760
45.110,map,10.1923,9.3835,-0.8781,10.1869,9.3685,-0.8789
45.210,map,10.2090,9.3634,-0.8806,10.2037,9.3482,-0.8814
45.310,map,10.2257,9.3431,-0.8830,10.2202,9.3281,-0.8838
45.410,map,10.2417,9.3236,-0.8852,10.2362,9.3086,-0.8858
45.510,map,10.2572,9.3046,-0.8873,10.2517,9.2896,-0.8877
45.610,map,10.2730,9.2851,-0.8890,10.2674,9.2702,-0.8893
45.710,map,10.2883,9.2662,-0.8906,10.2827,9.2513,-0.8908
45.810,map,10.3030,9.2480,-0.8920,10.2976,9.2328,-0.8921
45.910,map,10.3175,9.2300,-0.8930,10.3121,9.2148,-0.8933
46.010,map,10.3313,9.2129,-0.8936,10.3259,9.1976,-0.8939
46.110,map,10.3425,9.1990,-0.8936,10.3370,9.1839,-0.8939
46.210,map,10.3504,9.1891,-0.8936,10.3450,9.1740,-0.8939
46.310,map,10.3553,9.1831,-0.8936,10.3498,9.1680,-0.8939
46.410,map,10.3569,9.1810,-0.8936,10.3515,9.1659,-0.8939
46.510,map,10.3570,9.1810,-0.8936,10.3515,9.1659,-0.8939
46.610,map,10.3585,9.1791,-0.8860,10.3530,9.1640,-0.8863
46.710,map,10.3633,9.1734,-0.8633,10.3578,9.1583,-0.8636
46.810,map,10.3716,9.1640,-0.8332,10.3660,9.1489,-0.8335
46.910,map,10.3836,9.1511,-0.8070,10.3779,9.1362,-0.8074
47.010,map,10.3992,9.1352,-0.7849,10.3936,9.1202,-0.7854
47.110,map,10.4187,9.1161,-0.7664,10.4132,9.1009,-0.7669
47.210,map,10.4424,9.0936,-0.7508,10.4368,9.0786,-0.7513
47.310,map,10.4702,9.0681,-0.7373,10.4643,9.0532,-0.7380
47.410,map,10.5017,9.0398,-0.7261,10.4959,9.0249,-0.7268
47.510,map,10.5352,9.0104,-0.7164,10.5296,8.9952,-0.7174
47.610,map,10.5690,8.9812,-0.7084,10.5636,8.9658,-0.7094
47.710,map,10.6031,8.9521,-0.7016,10.5978,8.9366,-0.7026
47.810,map,10.6373,8.9234,-0.6958,10.6322,8.9077,-0.6969
47.910,map,10.6721,8.8945,-0.6911,10.6668,8.8789,-0.6920
48.010,map,10.7068,8.8659,-0.6866,10.7015,8.8502,-0.6879
48.110,map,10.7413,8.8378,-0.6828,10.7363,8.8217,-0.6844
48.210,map,10.7765,8.8093,-0.6796,10.7712,8.7934,-0.6816
48.310,map,10.8111,8.7813,-0.6773,10.8061,8.7650,-0.6792
48.410,map,10.8460,8.7534,-0.6750,10.8412,8.7368,-0.6772
48.510,map,10.8813,8.7252,-0.6735,10.8763,8.7087,-0.6755
48.610,map,10.9163,8.6972,-0.6722,10.9114,8.6805,-0.6740
48.710,map,10.9515,8.6693,-0.6708,10.9466,8.6525,-0.6728
48.810,map,10.9871,8.6410,-0.6699,10.9818,8.6245,-0.6717
48.910,map,11.0226,8.6129,-0.6690,11.0170,8.5965,-0.6708
49.010,map,11.0577,8.5852,-0.6681,11.0523,8.5685,-0.6700
49.110,map,11.0932,8.5572,-0.6681,11.0876,8.5406,-0.6693
49.210,map,11.1285,8.5294,-0.6676,11.1229,8.5127,-0.6687
49.310,map,11.1637,8.5016,-0.6674,11.1582,8.4848,-0.6681
49.410,map,11.1993,8.4736,-0.6668,11.1935,8.4569,-0.6676
49.510,map,11.2343,8.4460,-0.6662,11.2289,8.4291,-0.6672
49.610,map,11.2698,8.4182,-0.6660,11.2642,8.4012,-0.6668
49.710,map,11.3050,8.3906,-0.6656,11.2996,8.3734,-0.6665
49.810,map,11.3402,8.3629,-0.6654,11.3350,8.3456,-0.6662
49.910,map,11.3758,8.3350,-0.6652,11.3704,8.3178,-0.6659
50.010,map,11.4112,8.3072,-0.6649,11.4057,8.2900,-0.6657
50.110,map,11.4466,8.2795,-0.6647,11.4411,8.2622,-0.6655
50.210,map,11.4823,8.2515,-0.6645,11.4765,8.2344,-0.6654
50.310,map,11.5179,8.2236,-0.6641,11.5119,8.2066,-0.6653
50.410,map,11.5536,8.1956,-0.6640,11.5473,8.1789,-0.6652
50.510,map,11.5892,8.1678,-0.6637,11.5828,8.1511,-0.6651
50.610,map,11.6241,8.1405,-0.6643,11.6182,8.1233,-0.6651
50.710,map,11.6599,8.1125,-0.6646,11.6536,8.0955,-0.6651
50.810,map,11.6952,8.0848,-0.6646,11.6890,8.0678,-0.6650
50.910,map,11.7305,8.0571,-0.6644,11.7244,8.0400,-0.6649
51.010,map,11.7661,8.0293,-0.6646,11.7598,8.0123,-0.6648
51.110,map,11.8017,8.0014,-0.6644,11.7952,7.9845,-0.6646
51.210,map,11.8372,7.9736,-0.6643,11.8307,7.9567,-0.6645
51.310,map,11.8726,7.9459,-0.6641,11.8661,7.9290,-0.6645
51.410,map,11.9081,7.9181,-0.6641,11.9015,7.9012,-0.6644
51.510,map,11.9437,7.8902,-0.6641,11.9369,7.8735,-0.6643
51.610,map,11.9792,7.8624,-0.6641,11.9724,7.8458,-0.6643
51.710,map,12.0149,7.8345,-0.6640,12.0078,7.8180,-0.6642
51.810,map,12.0501,7.8070,-0.6639,12.0432,7.7903,-0.6642
51.910,map,12.0856,7.7692,-0.6637,12.0787,7.7625,-0.6642
52.010,map,12.1214,7.7412,-0.6636,12.1141,7.7348,-0.6640
52.110,map,12.1570,7.7134,-0.6635,12.1495,7.7071,-0.6637
52.210,map,12.1923,7.6858,-0.6634,12.1850,7.6794,-0.6634
52.310,map,12.2276,7.6582,-0.6630,12.2204,7.6517,-0.6631
52.410,map,12.2631,7.6305,-0.6628,12.2559,7.6240,-0.6629
52.510,map,12.2988,7.6026,-0.6622,12.2914,7.5963,-0.6626
52.610,map,12.3341,7.5751,-0.6620,12.3269,7.5686,-0.6625
52.710,map,12.3699,7.5473,-0.6621,12.3624,7.5409,-0.6624
52.810,map,12.4052,7.5197,-0.6620,12.3978,7.5132,-0.6623
52.910,map,12.4407,7.4920,-0.6617,12.4333,7.4856,-0.6622
53.010,map,12.4761,7.4645,-0.6618,12.4688,7.4579,-0.6622
53.110,map,12.5118,7.4367,-0.6618,12.5043,7.4302,-0.6621
53.210,map,12.5473,7.4090,-0.6618,12.5398,7.4026,-0.6620
53.310,map,12.5828,7.3814,-0.6615,12.5753,7.3749,-0.6620
53.410,map,12.6184,7.3536,-0.6619,12.6108,7.3472,-0.6619
53.510,map,12.6537,7.3262,-0.6619,12.6463,7.3196,-0.6619
53.610,map,12.6890,7.2986,-0.6620,12.6818,7.2919,-0.6618
53.710,map,12.7242,7.2712,-0.6616,12.7173,7.2643,-0.6617
53.810,map,12.7596,7.2436,-0.6616,12.7528,7.2366,-0.6616
53.910,map,12.7951,7.2160,-0.6615,12.7883,7.2090,-0.6616
54.010,map,12.8305,7.1884,-0.6615,12.8238,7.1813,-0.6616
54.110,map,12.8658,7.1610,-0.6615,12.8593,7.1537,-0.6616
54.210,map,12.9015,7.1332,-0.6614,12.8948,7.1260,-0.6615
54.310,map,12.9370,7.1055,-0.6613,12.9303,7.0984,-0.6615
54.410,map,12.9728,7.0776,-0.6615,12.9658,7.0708,-0.6615
54.510,map,13.0082,7.0501,-0.6616,13.0013,7.0431,-0.6615
54.610,map,13.0439,7.0223,-0.6617,13.0368,7.0155,-0.6614
54.710,map,13.0793,6.9947,-0.6616,13.0724,6.9878,-0.6614
54.810,map,13.1147,6.9672,-0.6616,13.1079,6.9602,-0.6613
54.910,map,13.1501,6.9396,-0.6618,13.1434,6.9326,-0.6613
55.010,map,13.1858,6.9118,-0.6615,13.1789,6.9049,-0.6612
55.110,map,13.2214,6.8840,-0.6614,13.2144,6.8773,-0.6612
55.210,map,13.2567,6.8566,-0.6612,13.2499,6.8497,-0.6611
55.310,map,13.2920,6.8291,-0.6613,13.2855,6.8220,-0.6611
55.410,map,13.3276,6.8014,-0.6612,13.3210,6.7944,-0.6612
55.510,map,13.3634,6.7736,-0.6613,13.3565,6.7668,-0.6612
55.610,map,13.3987,6.7461,-0.6609,13.3920,6.7391,-0.6612
55.710,map,13.4343,6.7185,-0.6608,13.4275,6.7115,-0.6612
55.810,map,13.4697,6.6909,-0.6606,13.4630,6.6839,-0.6613
55.910,map,13.5053,6.6633,-0.6607,13.4985,6.6562,-0.6614
56.010,map,13.5408,6.6357,-0.6610,13.5341,6.6286,-0.6615
56.110,map,13.5766,6.6079,-0.6609,13.5696,6.6009,-0.6616
56.210,map,13.6124,6.5800,-0.6610,13.6051,6.5733,-0.6616
56.310,map,13.6482,6.5521,-0.6608,13.6406,6.5456,-0.6617
56.410,map,13.6837,6.5246,-0.6609,13.6761,6.5180,-0.6618
56.510,map,13.7192,6.4970,-0.6613,13.7116,6.4903,-0.6619
56.610,map,13.7549,6.4692,-0.6612,13.7471,6.4627,-0.6619
56.710,map,13.7901,6.4418,-0.6615,13.7826,6.4350,-0.6619
56.810,map,13.8258,6.4140,-0.6619,13.8181,6.4074,-0.6619
56.910,map,13.8614,6.3863,-0.6618,13.8536,6.3797,-0.6619
57.010,map,13.8972,6.3583,-0.6615,13.8891,6.3521,-0.6618
57.110,map,13.9330,6.3305,-0.6613,13.9246,6.3244,-0.6618
57.210,map,13.9685,6.3029,-0.6612,13.9601,6.2967,-0.6618
57.310,map,14.0040,6.2753,-0.6612,13.9956,6.2691,-0.6618
57.410,map,14.0395,6.2477,-0.6611,14.0311,6.2414,-0.6619
57.510,map,14.0749,6.2201,-0.6613,14.0666,6.2138,-0.6619
57.610,map,14.1101,6.1927,-0.6615,14.1018,6.1863,-0.6619
57.710,map,14.1444,6.1660,-0.6616,14.1362,6.1595,-0.6620
57.810,map,14.1779,6.1399,-0.6616,14.1697,6.1334,-0.6619
57.910,map,14.2108,6.1143,-0.6617,14.2023,6.1080,-0.6619
58.010,map,14.2427,6.0895,-0.6617,14.2342,6.0832,-0.6619
58.110,map,14.2739,6.0651,-0.6614,14.2652,6.0590,-0.6618
58.210,map,14.3044,6.0414,-0.6614,14.2955,6.0354,-0.6618
58.310,map,14.3339,6.0184,-0.6618,14.3250,6.0124,-0.6618
58.410,map,14.3629,5.9958,-0.6617,14.3537,5.9901,-0.6618
58.510,map,14.3911,5.9748,-0.6619,14.3817,5.9682,-0.6617
58.610,map,14.4186,5.9625,-0.6620,14.4090,5.9470,-0.6617
58.710,map,14.4452,5.9418,-0.6630,14.4357,5.9262,-0.6627
58.810,map,14.4711,5.9215,-0.6646,14.4617,5.9058,-0.6641
58.910,map,14.4966,5.9014,-0.6660,14.4871,5.8860,-0.6654
59.010,map,14.5215,5.8819,-0.6672,14.5118,5.8666,-0.6666
59.110,map,14.5456,5.8628,-0.6682,14.5358,5.8477,-0.6676
59.210,map,14.5692,5.8442,-0.6692,14.5592,5.8292,-0.6685
59.310,map,14.5920,5.8262,-0.6699,14.5820,5.8112,-0.6692
59.410,map,14.6141,5.8086,-0.6707,14.6042,5.7936,-0.6699
59.510,map,14.6359,5.7914,-0.6709,14.6258,5.7765,-0.6705
59.610,map,14.6568,5.7748,-0.6712,14.6469,5.7597,-0.6711
59.710,map,14.6771,5.7586,-0.6720,14.6674,5.7434,-0.6717
59.810,map,14.6971,5.7427,-0.6724,14.6874,5.7275,-0.6722
59.910,map,14.7165,5.7272,-0.6731,14.7069,5.7120,-0.6727
60.010,map,14.7356,5.7120,-0.6733,14.7259,5.6968,-0.6731
60.110,map,14.7538,5.6975,-0.6738,14.7444,5.6821,-0.6735
60.210,map,14.7718,5.6831,-0.6743,14.7625,5.6677,-0.6739
60.310,map,14.7878,5.6703,-0.6744,14.7784,5.6549,-0.6739
60.410,map,14.8000,5.6606,-0.6744,14.7905,5.6453,-0.6739
60.510,map,14.8081,5.6514,-0.6745,14.7987,5.6388,-0.6739
60.610,map,14.8123,5.6407,-0.6745,14.8029,5.6354,-0.6739
60.710,map,14.8130,5.6402,-0.6745,14.8036,5.6348,-0.6739
60.810,map,14.8130,5.6402,-0.6726,14.8036,5.6348,-0.6720
60.910,map,14.8130,5.6402,-0.6574,14.8036,5.6348,-0.6568
61.010,map,14.8130,5.6402,-0.6272,14.8036,5.6348,-0.6267
61.110,map,14.8130,5.6402,-0.5824,14.8036,5.6348,-0.5815
61.210,map,14.8130,5.6402,-0.5218,14.8036,5.6348,-0.5214
61.310,map,14.8130,5.6402,-0.4470,14.8036,5.6348,-0.4462
61.410,map,14.8130,5.6402,-0.3593,14.8036,5.6348,-0.3580
61.510,map,14.8130,5.6402,-0.2709,14.8036,5.6348,-0.2680
61.610,map,14.8130,5.6402,-0.1807,14.8036,5.6348,-0.1780
61.710,map,14.8130,5.6402,-0.0913,14.8036,5.6348,-0.0880
61.810,map,14.8130,5.6402,-0.0023,14.8036,5.6348,0.0020
61.910,map,14.8130,5.6402,0.0868,14.8036,5.6348,0.0920
62.010,map,14.8130,5.6402,0.1771,14.8036,5.6348,0.1820
62.110,map,14.8130,5.6402,0.2685,14.8036,5.6348,0.2720
62.210,map,14.8153,5.6410,0.3586,14.8059,5.6356,0.3620
62.310,map,14.8221,5.6439,0.4436,14.8127,5.6386,0.4470
62.410,map,14.8331,5.6497,0.5156,14.8237,5.6444,0.5197
62.510,map,14.8480,5.6588,0.5771,14.8386,5.6536,0.5807
62.610,map,14.8665,5.6716,0.6278,14.8570,5.6664,0.6318
62.710,map,14.8886,5.6884,0.6711,14.8788,5.6831,0.6748
62.810,map,14.9135,5.7090,0.7077,14.9037,5.7039,0.7111
62.910,map,14.9417,5.7339,0.7384,14.9317,5.7287,0.7417
63.010,map,14.9729,5.7630,0.7646,14.9626,5.7578,0.7676
63.110,map,15.0044,5.7940,0.7870,14.9943,5.7891,0.7896
63.210,map,15.0357,5.8260,0.8057,15.0254,5.8211,0.8084
63.310,map,15.0665,5.8586,0.8212,15.0560,5.8537,0.8243
63.410,map,15.0966,5.8914,0.8351,15.0862,5.8868,0.8380
63.510,map,15.1249,5.9258,0.8504,15.1160,5.9203,0.8497
63.610,map,15.1542,5.9596,0.8595,15.1455,5.9542,0.8591
63.710,map,15.1833,5.9936,0.8674,15.1747,5.9884,0.8670
63.810,map,15.2118,6.0274,0.8743,15.2037,6.0227,0.8738
63.910,map,15.2405,6.0619,0.8800,15.2325,6.0573,0.8796
64.010,map,15.2691,6.0968,0.8849,15.2610,6.0920,0.8846
64.110,map,15.2977,6.1319,0.8891,15.2895,6.1269,0.8888
64.210,map,15.3261,6.1669,0.8928,15.3178,6.1619,0.8925
64.310,map,15.3540,6.2018,0.8960,15.3459,6.1969,0.8957
64.410,map,15.3821,6.2370,0.8986,15.3740,6.2321,0.8983
64.510,map,15.4101,6.2722,0.9009,15.4020,6.2673,0.9006
64.610,map,15.4382,6.3078,0.9031,15.4299,6.3026,0.9026
64.710,map,15.4660,6.3432,0.9046,15.4578,6.3380,0.9042
64.810,map,15.4939,6.3786,0.9060,15.4856,6.3734,0.9057
64.910,map,15.5216,6.4140,0.9071,15.5133,6.4088,0.9069
65.010,map,15.5494,6.4496,0.9079,15.5410,6.4442,0.9080
65.110,map,15.5772,6.4852,0.9088,15.5687,6.4797,0.9089
65.210,map,15.6047,6.5205,0.9097,15.5963,6.5152,0.9098
65.310,map,15.6323,6.5561,0.9105,15.6239,6.5508,0.9105
65.410,map,15.6600,6.5918,0.9112,15.6515,6.5863,0.9111
65.510,map,15.6874,6.6271,0.9116,15.6791,6.6219,0.9116
65.610,map,15.7150,6.6628,0.9123,15.7066,6.6575,0.9121
65.710,map,15.7426,6.6985,0.9127,15.7342,6.6930,0.9125
65.810,map,15.7697,6.7335,0.9135,15.7617,6.7286,0.9127
65.910,map,15.8062,6.7692,0.9135,15.7892,6.7642,0.9129
66.010,map,15.8346,6.8047,0.9137,15.8167,6.7999,0.9134
66.110,map,15.8619,6.8401,0.9144,15.8442,6.8355,0.9141
66.210,map,15.8894,6.8758,0.9150,15.8717,6.8711,0.9148
66.310,map,15.9170,6.9116,0.9152,15.8991,6.9068,0.9154
66.410,map,15.9444,6.9473,0.9155,15.9265,6.9425,0.9159
66.510,map,15.9721,6.9834,0.9161,15.9539,6.9782,0.9164
66.610,map,15.9995,7.0191,0.9163,15.9813,7.0139,0.9169
66.710,map,16.0269,7.0548,0.9170,16.0087,7.0496,0.9173
66.810,map,16.0542,7.0904,0.9170,16.0360,7.0854,0.9176
66.910,map,16.0816,7.1263,0.9177,16.0634,7.1211,0.9179
67.010,map,16.1091,7.1621,0.9178,16.0907,7.1568,0.9181
67.110,map,16.1275,7.1981,0.9181,16.1180,7.1926,0.9183
67.210,map,16.1539,7.2338,0.9178,16.1454,7.2283,0.9181
67.310,map,16.1812,7.2695,0.9172,16.1727,7.2641,0.9175
67.410,map,16.2083,7.3050,0.9169,16.2001,7.2998,0.9170
67.510,map,16.2352,7.3400,0.9163,16.2274,7.3355,0.9165
67.610,map,16.2625,7.3756,0.9160,16.2548,7.3712,0.9161
67.710,map,16.2900,7.4113,0.9155,16.2822,7.4069,0.9157
67.810,map,16.3173,7.4469,0.9150,16.3097,7.4426,0.9154
67.910,map,16.3447,7.4825,0.9149,16.3371,7.4783,0.9151
68.010,map,16.3720,7.5179,0.9150,16.3645,7.5139,0.9149
68.110,map,16.3994,7.5535,0.9145,16.3920,7.5496,0.9147
68.210,map,16.4267,7.5890,0.9143,16.4194,7.5852,0.9145
68.310,map,16.4631,7.6245,0.9138,16.4469,7.6209,0.9143
68.410,map,16.4913,7.6598,0.9145,16.4744,7.6565,0.9148
68.510,map,16.5187,7.6954,0.9152,16.5018,7.6922,0.9158
68.610,map,16.5458,7.7307,0.9161,16.5292,7.7279,0.9168
68.710,map,16.5731,7.7663,0.9151,16.5565,7.7636,0.9158
68.810,map,16.6009,7.8021,0.9070,16.5841,7.7991,0.9076
68.910,map,16.6288,7.8374,0.8996,16.6119,7.8344,0.9000
69.010,map,16.6567,7.8814,0.8929,16.6399,7.8696,0.8933
69.110,map,16.6850,7.9173,0.8868,16.6682,7.9045,0.8871
69.210,map,16.7132,7.9517,0.8815,16.6967,7.9393,0.8814
69.310,map,16.7416,7.9860,0.8764,16.7254,7.9739,0.8762
69.410,map,16.7707,8.0208,0.8719,16.7543,8.0084,0.8718
69.510,map,16.7999,8.0554,0.8680,16.7833,8.0428,0.8678
69.610,map,16.8290,8.0896,0.8645,16.8124,8.0771,0.8644
69.710,map,16.8581,8.1236,0.8614,16.8417,8.1112,0.8613
69.810,map,16.8874,8.1577,0.8589,16.8711,8.1453,0.8587
69.910,map,16.9171,8.1919,0.8566,16.9005,8.1794,0.8563
70.010,map,16.9467,8.2261,0.8550,16.9300,8.2133,0.8548
70.110,map,16.9760,8.2596,0.8516,16.9592,8.2468,0.8516
70.210,map,17.0024,8.2894,0.8355,16.9858,8.2768,0.8352
70.310,map,17.0263,8.3151,0.8043,17.0096,8.3024,0.8039
70.410,map,17.0476,8.3363,0.7580,17.0309,8.3236,0.7575
70.510,map,17.0662,8.3529,0.6967,17.0496,8.3403,0.6961
70.610,map,17.0818,8.3652,0.6337,17.0654,8.3527,0.6332
70.710,map,17.0942,8.3738,0.5759,17.0778,8.3612,0.5753
70.810,map,17.1034,8.3794,0.5223,17.0870,8.3668,0.5227
70.910,map,17.1130,8.3846,0.4735,17.0965,8.3720,0.4737
71.010,map,17.1230,8.3895,0.4277,17.1065,8.3768,0.4282
71.110,map,17.1329,8.3937,0.3857,17.1164,8.3811,0.3857
71.210,map,17.1445,8.3982,0.3485,17.1280,8.3856,0.3487
71.310,map,17.1583,8.4029,0.3173,17.1418,8.3903,0.3177
71.410,map,17.1747,8.4081,0.2913,17.1581,8.3954,0.2916
71.510,map,17.1923,8.4131,0.2695,17.1757,8.4005,0.2697
71.610,map,17.2108,8.4180,0.2512,17.1943,8.4055,0.2511
71.710,map,17.2302,8.4229,0.2353,17.2138,8.4103,0.2354
71.810,map,17.2508,8.4276,0.2218,17.2343,8.4151,0.2221
71.910,map,17.2720,8.4323,0.2104,17.2556,8.4197,0.2109
72.010,map,17.2939,8.4369,0.2009,17.2774,8.4243,0.2014
72.110,map,17.3153,8.4411,0.1929,17.2990,8.4286,0.1935
72.200,map,17.3343,8.4448,0.1868,17.3180,8.4323,0.1874
72.300,map,17.3548,8.4486,0.1808,17.3386,8.4361,0.1816
72.400,map,17.3767,8.4525,0.1760,17.3606,8.4401,0.1767
72.500,map,17.3990,8.4565,0.1720,17.3829,8.4440,0.1725
72.600,map,17.4220,8.4604,0.1685,17.4057,8.4480,0.1690
72.700,map,17.4443,8.4642,0.1654,17.4282,8.4518,0.1660
72.800,map,17.4664,8.4678,0.1629,17.4503,8.4554,0.1635
72.900,map,17.4882,8.4714,0.1607,17.4721,8.4590,0.1614
73.000,map,17.5099,8.4749,0.1587,17.4935,8.4625,0.1596
73.100,map,17.5318,8.4784,0.1573,17.5154,8.4660,0.1581
73.200,map,17.5538,8.4818,0.1560,17.5375,8.4695,0.1568
73.300,map,17.5755,8.4852,0.1549,17.5593,8.4729,0.1557
73.400,map,17.5978,8.4887,0.1539,17.5814,8.4764,0.1548
73.500,map,17.6198,8.4921,0.1530,17.6037,8.4799,0.1540
73.600,map,17.6421,8.4955,0.1525,17.6258,8.4833,0.1534
73.700,map,17.6644,8.4990,0.1519,17.6482,8.4867,0.1529
73.800,map,17.6860,8.5023,0.1513,17.6697,8.4901,0.1524
73.900,map,17.7070,8.5055,0.1509,17.6907,8.4933,0.1521
74.000,map,17.7291,8.5088,0.1507,17.7127,8.4966,0.1518
74.100,map,17.7513,8.5122,0.1505,17.7349,8.5000,0.1515
74.200,map,17.7732,8.5155,0.1504,17.7569,8.5034,0.1513
74.300,map,17.7945,8.5187,0.1502,17.7783,8.5066,0.1511
74.400,map,17.8164,8.5221,0.1501,17.8001,8.5100,0.1509
74.500,map,17.8392,8.5255,0.1500,17.8228,8.5134,0.1507
74.600,map,17.8615,8.5289,0.1500,17.8449,8.5168,0.1506
74.700,map,17.8838,8.5322,0.1500,17.8671,8.5201,0.1505
74.800,map,17.9058,8.5356,0.1500,17.8890,8.5235,0.1503
74.900,map,17.9271,8.5388,0.1498,17.9104,8.5267,0.1501
75.000,map,17.9490,8.5421,0.1496,17.9321,8.5300,0.1500
75.100,map,17.9701,8.5453,0.1494,17.9531,8.5332,0.1499
75.200,map,17.9920,8.5485,0.1492,17.9750,8.5365,0.1498
75.300,map,18.0145,8.5519,0.1490,17.9975,8.5399,0.1498
75.400,map,18.0363,8.5552,0.1489,18.0193,8.5431,0.1498
75.500,map,18.0568,8.5583,0.1492,18.0396,8.5462,0.1498
75.600,map,18.0780,8.5615,0.1492,18.0608,8.5494,0.1498
75.700,map,18.1006,8.5649,0.1491,18.0834,8.5528,0.1497
75.800,map,18.1209,8.5679,0.1491,18.1036,8.5559,0.1497
75.900,map,18.1415,8.5710,0.1489,18.1244,8.5590,0.1497
76.000,map,18.1622,8.5741,0.1490,18.1454,8.5622,0.1497
76.100,map,18.1836,8.5773,0.1490,18.1665,8.5654,0.1497
76.200,map,18.2056,8.5806,0.1489,18.1885,8.5687,0.1497
76.300,map,18.2274,8.5839,0.1487,18.2103,8.5720,0.1497
76.400,map,18.2493,8.5872,0.1487,18.2321,8.5752,0.1497
76.500,map,18.2713,8.5905,0.1485,18.2541,8.5786,0.1498
76.600,map,18.2928,8.5937,0.1486,18.2756,8.5818,0.1498
76.700,map,18.3150,8.5970,0.1487,18.2978,8.5852,0.1499
76.800,map,18.3374,8.6004,0.1486,18.3201,8.5885,0.1499
76.900,map,18.3594,8.6036,0.1486,18.3421,8.5919,0.1500
77.000,map,18.3809,8.6069,0.1486,18.3637,8.5951,0.1501
77.100,map,18.4030,8.6102,0.1485,18.3856,8.5984,0.1501
77.200,map,18.4253,8.6135,0.1484,18.4080,8.6018,0.1502
77.300,map,18.4479,8.6169,0.1486,18.4307,8.6053,0.1503
77.400,map,18.4706,8.6203,0.1487,18.4535,8.6087,0.1503
77.500,map,18.4933,8.6237,0.1487,18.4762,8.6122,0.1504
77.600,map,18.5162,8.6271,0.1487,18.4990,8.6156,0.1504
77.700,map,18.5396,8.6306,0.1490,18.5225,8.6192,0.1505
77.800,map,18.5671,8.6348,0.1488,18.5501,8.6234,0.1505
77.900,map,18.5960,8.6391,0.1486,18.5789,8.6277,0.1505
78.000,map,18.6245,8.6434,0.1489,18.6073,8.6320,0.1506
78.100,map,18.6539,8.6478,0.1489,18.6370,8.6365,0.1506
78.200,map,18.6840,8.6523,0.1488,18.6668,8.6411,0.1506
78.300,map,18.7164,8.6571,0.1489,18.6988,8.6459,0.1507
78.400,map,18.7523,8.6625,0.1489,18.7346,8.6514,0.1507
78.500,map,18.7889,8.6680,0.1490,18.7712,8.6569,0.1507
78.600,map,18.8259,8.6736,0.1493,18.8080,8.6625,0.1507
78.700,map,18.8665,8.6797,0.1489,18.8489,8.6687,0.1507
78.800,map,18.8932,8.6861,0.1493,18.8916,8.6752,0.1507
78.900,map,18.9337,8.6928,0.1494,18.9361,8.6820,0.1506
79.000,map,18.9786,8.6995,0.1490,18.9806,8.6887,0.1503
79.100,map,19.0234,8.7062,0.1485,19.0251,8.6954,0.1501
79.200,map,19.0677,8.7129,0.1483,19.0696,8.7022,0.1499
79.300,map,19.1127,8.7196,0.1483,19.1141,8.7089,0.1498
79.400,map,19.1572,8.7262,0.1485,19.1586,8.7156,0.1497
79.500,map,19.2098,8.7329,0.1482,19.2031,8.7223,0.1495
79.600,map,19.2561,8.7395,0.1486,19.2476,8.7290,0.1494
79.700,map,19.3004,8.7462,0.1483,19.2921,8.7357,0.1494
79.800,map,19.3446,8.7528,0.1482,19.3366,8.7424,0.1494
79.900,map,19.3887,8.7593,0.1482,19.3811,8.7491,0.1494
80.000,map,19.4333,8.7660,0.1479,19.4256,8.7558,0.1494
80.100,map,19.4776,8.7726,0.1479,19.4701,8.7625,0.1495
80.200,map,19.5219,8.7792,0.1481,19.5146,8.7692,0.1495
80.300,map,19.5666,8.7859,0.1486,19.5591,8.7759,0.1496
80.400,map,19.6107,8.7925,0.1488,19.6036,8.7826,0.1496
80.500,map,19.6557,8.7992,0.1490,19.6481,8.7893,0.1495
80.600,map,19.7005,8.8060,0.1493,19.6926,8.7960,0.1494
80.700,map,19.7453,8.8127,0.1491,19.7371,8.8027,0.1493
80.800,map,19.7895,8.8193,0.1488,19.7816,8.8094,0.1491
80.900,map,19.8342,8.8260,0.1485,19.8261,8.8161,0.1490
81.000,map,19.8790,8.8327,0.1484,19.8703,8.8227,0.1489
81.100,map,19.9220,8.8391,0.1483,19.9136,8.8292,0.1489
81.200,map,19.9642,8.8454,0.1480,19.9557,8.8355,0.1489
81.300,map,20.0054,8.8516,0.1479,19.9968,8.8417,0.1489
81.400,map,20.0453,8.8575,0.1480,20.0369,8.8477,0.1489
81.500,map,20.0844,8.8633,0.1480,20.0759,8.8536,0.1490
81.600,map,20.1222,8.8690,0.1483,20.1140,8.8593,0.1490
81.700,map,20.1592,8.8745,0.1480,20.1510,8.8648,0.1490
81.800,map,20.1954,8.8799,0.1479,20.1871,8.8702,0.1490
81.900,map,20.2308,8.8852,0.1481,20.2223,8.8755,0.1491
82.000,map,20.2731,8.8903,0.1482,20.2567,8.8807,0.1491
82.100,map,20.3088,8.8953,0.1481,20.2901,8.8857,0.1492
82.200,map,20.3412,8.9002,0.1485,20.3226,8.8906,0.1495
82.300,map,20.3731,8.9050,0.1489,20.3541,8.8954,0.1498
82.400,map,20.4039,8.9096,0.1492,20.3849,8.9000,0.1500
82.500,map,20.4337,8.9141,0.1497,20.4149,8.9046,0.1503
82.600,map,20.4626,8.9184,0.1495,20.4442,8.9090,0.1504
82.700,map,20.4910,8.9227,0.1496,20.4727,8.9133,0.1506
82.800,map,20.5191,8.9269,0.1498,20.5005,8.9175,0.1508
82.900,map,20.5464,8.9311,0.1500,20.5276,8.9216,0.1509
83.000,map,20.5724,8.9350,0.1504,20.5540,8.9257,0.1510
83.100,map,20.5980,8.9389,0.1504,20.5797,8.9296,0.1511
83.200,map,20.6232,8.9427,0.1505,20.6049,8.9334,0.1512
83.300,map,20.6478,8.9464,0.1503,20.6294,8.9371,0.1513
83.400,map,20.6717,8.9500,0.1505,20.6532,8.9408,0.1514
83.500,map,20.6950,8.9536,0.1505,20.6764,8.9443,0.1514
83.600,map,20.7170,8.9569,0.1488,20.6986,8.9477,0.1496
83.700,map,20.7350,8.9595,0.1376,20.7165,8.9503,0.1384
83.800,map,20.7478,8.9613,0.1359,20.7294,8.9521,0.1367
83.900,map,20.7558,8.9624,0.1360,20.7374,8.9532,0.1367
84.000,map,20.7589,8.9628,0.1360,20.7404,8.9536,0.1367
84.100,map,20.7589,8.9628,0.1360,20.7405,8.9536,0.1367
84.200,map,20.7589,8.9628,0.1360,20.7405,8.9536,0.1367
84.300,map,20.7589,8.9628,0.1437,20.7405,8.9536,0.1443
84.400,map,20.7589,8.9628,0.1668,20.7405,8.9536,0.1670
84.500,map,20.7589,8.9628,0.2040,20.7405,8.9536,0.2046
84.600,map,20.7589,8.9628,0.2568,20.7405,8.9536,0.2573
84.700,map,20.7589,8.9628,0.3248,20.7405,8.9536,0.3249
84.800,map,20.7589,8.9628,0.4070,20.7405,8.9536,0.4076
84.900,map,20.7589,8.9628,0.4976,20.7405,8.9536,0.4976
85.000,map,20.7589,8.9628,0.5885,20.7405,8.9536,0.5876
85.100,map,20.7589,8.9628,0.6780,20.7405,8.9536,0.6776
85.200,map,20.7589,8.9628,0.7688,20.7405,8.9536,0.7676
85.300,map,20.7589,8.9628,0.8598,20.7405,8.9536,0.8576
85.400,map,20.7589,8.9628,0.9492,20.7405,8.9536,0.9476
85.500,map,20.7589,8.9628,1.0382,20.7405,8.9536,1.0376
85.600,map,20.7589,8.9628,1.1276,20.7405,8.9536,1.1276
85.700,map,20.7589,8.9628,1.2194,20.7405,8.9536,1.2176
85.800,map,20.7589,8.9628,1.3098,20.7405,8.9536,1.3076
85.900,map,20.7589,8.9628,1.3995,20.7405,8.9536,1.3976
86.000,map,20.7589,8.9628,1.4889,20.7405,8.9536,1.4876
86.100,map,20.7589,8.9628,1.5784,20.7405,8.9536,1.5776
86.200,map,20.7589,8.9628,1.6690,20.7405,8.9536,1.6676
86.300,map,20.7589,8.9628,1.7606,20.7405,8.9536,1.7576
86.400,map,20.7589,8.9628,1.8498,20.7405,8.9536,1.8476
86.500,map,20.7589,8.9628,1.9402,20.7405,8.9536,1.9376
86.600,map,20.7589,8.9628,2.0303,20.7405,8.9536,2.0276
86.700,map,20.7589,8.9628,2.1206,20.7405,8.9536,2.1176
86.800,map,20.7589,8.9628,2.2098,20.7405,8.9536,2.2076
86.900,map,20.7589,8.9628,2.3006,20.7405,8.9536,2.2976
87.000,map,20.7589,8.9628,2.3905,20.7405,8.9536,2.3876
87.100,map,20.7584,8.9632,2.4810,20.7400,8.9540,2.4776
87.200,map,20.7544,8.9660,2.5701,20.7360,8.9568,2.5669
87.300,map,20.7457,8.9710,2.6498,20.7274,8.9618,2.6482
87.400,map,20.7321,8.9777,2.7179,20.7140,8.9684,2.7166
87.500,map,20.7137,8.9853,2.7758,20.6955,8.9761,2.7742
87.600,map,20.6902,8.9936,2.8246,20.6720,8.9844,2.8225
87.700,map,20.6615,9.0024,2.8652,20.6434,8.9932,2.8632
87.800,map,20.6275,9.0113,2.8997,20.6096,9.0022,2.8975
87.900,map,20.5885,9.0203,2.9286,20.5707,9.0113,2.9266
88.000,map,20.5448,9.0292,2.9530,20.5276,9.0201,2.9514
88.100,map,20.5009,9.0371,2.9736,20.4838,9.0281,2.9726
88.200,map,20.4571,9.0441,2.9919,20.4397,9.0352,2.9910
88.300,map,20.4130,9.0504,3.0078,20.3954,9.0415,3.0066
88.400,map,20.3688,9.0561,3.0211,20.3509,9.0473,3.0199
88.500,map,20.3248,9.0611,3.0325,20.3064,9.0524,3.0312
88.600,map,20.2802,9.0658,3.0418,20.2617,9.0572,3.0410
88.700,map,20.2357,9.0701,3.0499,20.2170,9.0615,3.0493
88.800,map,20.1910,9.0740,3.0570,20.1722,9.0655,3.0565
88.900,map,20.1462,9.0777,3.0629,20.1274,9.0691,3.0627
89.000,map,20.1015,9.0811,3.0677,20.0826,9.0726,3.0681
89.100,map,20.0567,9.0843,3.0724,20.0377,9.0758,3.0728
89.200,map,20.0115,9.0873,3.0764,19.9928,9.0788,3.0768
89.300,map,19.9663,9.0902,3.0800,19.9479,9.0816,3.0803
89.400,map,19.9217,9.0929,3.0830,19.9030,9.0843,3.0832
89.500,map,19.8770,9.0955,3.0851,19.8581,9.0868,3.0858
89.600,map,19.8322,9.0979,3.0874,19.8132,9.0893,3.0880
89.700,map,19.7872,9.1003,3.0895,19.7682,9.0917,3.0899
89.800,map,19.7424,9.1026,3.0912,19.7233,9.0940,3.0916
89.900,map,19.6975,9.1049,3.0928,19.6783,9.0962,3.0930
90.000,map,19.6521,9.1071,3.0936,19.6334,9.0983,3.0941
90.100,map,19.6071,9.1172,3.0945,19.5884,9.1005,3.0951
90.200,map,19.5620,9.1213,3.0954,19.5435,9.1025,3.0964
90.300,map,19.5170,9.1234,3.0969,19.4985,9.1045,3.0979
90.400,map,19.4720,9.1253,3.0982,19.4536,9.1065,3.0989
90.500,map,19.4268,9.1273,3.0993,19.4086,9.1084,3.0997
90.600,map,19.3817,9.1291,3.1003,19.3637,9.1102,3.1003
90.700,map,19.3366,9.1310,3.1009,19.3187,9.1121,3.1007
90.800,map,19.2920,9.1328,3.1016,19.2737,9.1139,3.1011
90.900,map,19.2470,9.1346,3.1016,19.2288,9.1157,3.1013
91.000,map,19.2020,9.1364,3.1017,19.1838,9.1175,3.1016
91.100,map,19.1568,9.1382,3.1018,19.1388,9.1193,3.1018
91.200,map,19.1120,9.1400,3.1021,19.0939,9.1211,3.1020
91.300,map,19.0668,9.1417,3.1025,19.0489,9.1229,3.1022
91.400,map,19.0220,9.1435,3.1028,19.0039,9.1247,3.1024
91.500,map,18.9766,9.1453,3.1026,18.9590,9.1264,3.1025
91.600,map,18.9318,9.1470,3.1028,18.9140,9.1282,3.1025
91.700,map,18.8864,9.1488,3.1028,18.8691,9.1299,3.1027
91.800,map,18.8412,9.1505,3.1029,18.8241,9.1317,3.1028
91.900,map,18.7958,9.1523,3.1030,18.7791,9.1334,3.1028
92.000,map,18.7504,9.1540,3.1029,18.7342,9.1352,3.1029
92.100,map,18.7051,9.1558,3.1025,18.6892,9.1369,3.1030
92.200,map,18.6597,9.1576,3.1026,18.6442,9.1386,3.1031
92.300,map,18.6143,9.1593,3.1028,18.5993,9.1404,3.1033
92.400,map,18.5695,9.1610,3.1035,18.5543,9.1421,3.1034
92.500,map,18.5243,9.1628,3.1022,18.5096,9.1438,3.1023
92.600,map,18.4805,9.1647,3.0950,18.4656,9.1457,3.0953
92.700,map,18.4356,9.1669,3.0897,18.4207,9.1479,3.0899
92.800,map,18.3903,9.1693,3.0852,18.3758,9.1503,3.0852
92.900,map,18.3453,9.1720,3.0815,18.3309,9.1530,3.0811
93.000,map,18.3006,9.1748,3.0721,18.2862,9.1558,3.0716
93.100,map,18.2570,9.1782,3.0567,18.2431,9.1592,3.0556
93.200,map,18.2146,9.1821,3.0388,18.2004,9.1632,3.0373
93.300,map,18.1749,9.1867,3.0155,18.1607,9.1678,3.0146
93.400,map,18.1370,9.1920,2.9911,18.1228,9.1732,2.9902
93.500,map,18.0985,9.1982,2.9674,18.0842,9.1795,2.9665
93.600,map,18.0591,9.2057,2.9431,18.0455,9.1868,2.9420
93.700,map,18.0219,9.2136,2.9178,18.0084,9.1948,2.9159
93.800,map,17.9848,9.2240,2.8892,17.9710,9.2039,2.8902
93.900,map,17.9480,9.2344,2.8637,17.9341,9.2139,2.8650
94.000,map,17.9121,9.2451,2.8400,17.8982,9.2245,2.8414
94.100,map,17.8764,9.2566,2.8166,17.8626,9.2360,2.8181
94.200,map,17.8424,9.2686,2.7875,17.8284,9.2480,2.7880
94.300,map,17.8131,9.2801,2.7425,17.7994,9.2594,2.7429
94.400,map,17.7894,9.2909,2.6829,17.7755,9.2702,2.6829
94.500,map,17.7706,9.3009,2.6201,17.7568,9.2802,2.6199
94.600,map,17.7546,9.3107,2.5644,17.7408,9.2900,2.5657
94.700,map,17.7372,9.3227,2.5185,17.7235,9.3019,2.5199
94.800,map,17.7173,9.3376,2.4806,17.7036,9.3167,2.4819
94.900,map,17.6967,9.3542,2.4487,17.6826,9.3336,2.4499
95.000,map,17.6756,9.3721,2.4219,17.6613,9.3517,2.4229
95.100,map,17.6547,9.3909,2.3989,17.6405,9.3704,2.4000
95.200,map,17.6339,9.4104,2.3794,17.6196,9.3899,2.3807
95.300,map,17.6127,9.4309,2.3629,17.5985,9.4104,2.3643
95.400,map,17.5923,9.4514,2.3493,17.5778,9.4310,2.3505
95.500,map,17.5724,9.4718,2.3375,17.5580,9.4512,2.3388
95.600,map,17.5523,9.4929,2.3274,17.5379,9.4723,2.3288
95.700,map,17.5324,9.5142,2.3190,17.5179,9.4936,2.3204
95.800,map,17.5127,9.5355,2.3116,17.4982,9.5149,2.3133
95.900,map,17.4929,9.5573,2.3057,17.4784,9.5366,2.3073
96.000,map,17.4731,9.5794,2.3008,17.4585,9.5587,2.3022
96.100,map,17.4533,9.6016,2.2965,17.4386,9.5810,2.2978
96.200,map,17.4336,9.6238,2.2928,17.4190,9.6031,2.2941
96.300,map,17.4145,9.6456,2.2897,17.4001,9.6246,2.2909
96.400,map,17.3960,9.6668,2.2870,17.3814,9.6459,2.2883
96.500,map,17.3773,9.6883,2.2849,17.3627,9.6674,2.2860
96.600,map,17.3581,9.7106,2.2829,17.3435,9.6895,2.2841
96.700,map,17.3390,9.7327,2.2810,17.3244,9.7117,2.2824
96.800,map,17.3199,9.7550,2.2795,17.3054,9.7338,2.2811
96.900,map,17.3011,9.7770,2.2784,17.2865,9.7558,2.2799
97.000,map,17.2828,9.7983,2.2776,17.2683,9.7770,2.2790
97.100,map,17.2652,9.8190,2.2767,17.2505,9.7977,2.2782
97.200,map,17.2473,9.8400,2.2758,17.2325,9.8189,2.2774
97.300,map,17.2288,9.8617,2.2752,17.2141,9.8405,2.2769
97.400,map,17.2099,9.8840,2.2748,17.1952,9.8625,2.2764
97.500,map,17.1910,9.9062,2.2746,17.1762,9.8849,2.2760
97.600,map,17.1712,9.9296,2.2741,17.1564,9.9081,2.2756
97.700,map,17.1517,9.9488,2.2738,17.1370,9.9310,2.2753
97.800,map,17.1331,9.9698,2.2735,17.1184,9.9529,2.2750
97.900,map,17.1155,9.9906,2.2732,17.1006,9.9739,2.2746
98.000,map,17.0975,10.0119,2.2728,17.0825,9.9951,2.2743
98.100,map,17.0797,10.0329,2.2726,17.0648,10.0160,2.2741
98.200,map,17.0618,10.0541,2.2721,17.0470,10.0370,2.2738
98.300,map,17.0438,10.0754,2.2718,17.0289,10.0584,2.2737
98.400,map,17.0250,10.0977,2.2715,17.0101,10.0806,2.2736
98.500,map,17.0052,10.1212,2.2715,16.9902,10.1040,2.2735
98.600,map,16.9844,10.1458,2.2714,16.9695,10.1285,2.2734
98.700,map,16.9638,10.1703,2.2711,16.9486,10.1532,2.2734
98.800,map,16.9424,10.1956,2.2712,16.9271,10.1785,2.2734
98.900,map,16.9208,10.2213,2.2715,16.9051,10.2046,2.2734
99.000,map,16.8986,10.2476,2.2716,16.8831,10.2306,2.2733
99.100,map,16.8750,10.2755,2.2714,16.8593,10.2586,2.2733
99.200,map,16.8498,10.3054,2.2716,16.8343,10.2882,2.2732
99.300,map,16.8237,10.3364,2.2715,16.8081,10.3192,2.2732
99.400,map,16.7957,10.3696,2.2712,16.7802,10.3521,2.2731
99.500,map,16.7668,10.4038,2.2710,16.7517,10.3858,2.2731
99.600,map,16.7378,10.4383,2.2709,16.7227,10.4201,2.2731
99.700,map,16.7089,10.4725,2.2708,16.6936,10.4545,2.2731
99.800,map,16.6797,10.5072,2.2707,16.6645,10.4888,2.2731
99.900,map,16.6509,10.5415,2.2708,16.6355,10.5232,2.2732
100.000,map,16.6219,10.5759,2.2712,16.6064,10.5575,2.2733
100.100,map,16.5924,10.6108,2.2716,16.5773,10.5919,2.2733
100.200,map,16.5634,10.6452,2.2716,16.5482,10.6262,2.2732
100.300,map,16.5340,10.6801,2.2719,16.5192,10.6605,2.2732
100.400,map,16.5049,10.7145,2.2718,16.4901,10.6949,2.2731
100.500,map,16.4758,10.7490,2.2716,16.4610,10.7293,2.2730
100.600,map,16.4468,10.7834,2.2719,16.4320,10.7636,2.2729
100.700,map,16.4176,10.8224,2.2715,16.4029,10.7980,2.2728
100.800,map,16.3888,10.8577,2.2712,16.3739,10.8323,2.2728
100.900,map,16.3599,10.8920,2.2714,16.3448,10.8667,2.2730
101.000,map,16.3310,10.9263,2.2714,16.3157,10.9010,2.2733
101.100,map,16.3020,10.9606,2.2720,16.2866,10.9354,2.2735
101.200,map,16.2730,10.9950,2.2719,16.2576,10.9697,2.2736
101.300,map,16.2438,11.0296,2.2723,16.2285,11.0040,2.2737
101.400,map,16.2148,11.0639,2.2719,16.1994,11.0384,2.2739
101.500,map,16.1858,11.0982,2.2716,16.1703,11.0727,2.2740
101.600,map,16.1569,11.1325,2.2716,16.1412,11.1070,2.2741
101.700,map,16.1277,11.1671,2.2719,16.1121,11.1413,2.2743
101.800,map,16.0991,11.2010,2.2720,16.0830,11.1757,2.2745
101.900,map,16.0651,11.2277,2.2739,16.0538,11.2100,2.2747
102.000,map,16.0350,11.2599,2.2740,16.0247,11.2443,2.2742
102.100,map,16.0062,11.2939,2.2730,15.9956,11.2786,2.2731
102.200,map,15.9770,11.3284,2.2718,15.9666,11.3130,2.2720
102.300,map,15.9479,11.3629,2.2709,15.9376,11.3474,2.2710
102.400,map,15.9191,11.3972,2.2702,15.9086,11.3818,2.2702
102.500,map,15.8904,11.4313,2.2696,15.8796,11.4162,2.2695
102.600,map,15.8614,11.4659,2.2689,15.8507,11.4507,2.2689
102.700,map,15.8322,11.5007,2.2682,15.8218,11.4852,2.2683
102.800,map,15.8036,11.5349,2.2676,15.7929,11.5197,2.2678
102.900,map,15.7744,11.5698,2.2673,15.7640,11.5542,2.2674
103.000,map,15.7460,11.6038,2.2669,15.7351,11.5887,2.2671
103.100,map,15.7186,11.6468,2.2638,15.7066,11.6229,2.2668
103.200,map,15.6911,11.6825,2.2636,15.6788,11.6561,2.2673
103.300,map,15.6641,11.7149,2.2650,15.6517,11.6885,2.2686
103.400,map,15.6378,11.7465,2.2664,15.6253,11.7199,2.2699
103.500,map,15.6121,11.7772,2.2672,15.5995,11.7506,2.2709
103.600,map,15.5873,11.8068,2.2685,15.5744,11.7804,2.2719
103.700,map,15.5629,11.8360,2.2696,15.5498,11.8095,2.2728
103.800,map,15.5389,11.8645,2.2704,15.5258,11.8378,2.2735
103.900,map,15.5154,11.8923,2.2710,15.5025,11.8654,2.2740
104.000,map,15.4927,11.9193,2.2716,15.4797,11.8922,2.2745
104.100,map,15.4708,11.9453,2.2720,15.4574,11.9184,2.2750
104.200,map,15.4492,11.9708,2.2722,15.4358,11.9439,2.2754
104.300,map,15.4282,11.9957,2.2727,15.4146,11.9688,2.2758
104.400,map,15.4076,12.0200,2.2727,15.3940,11.9930,2.2761
104.500,map,15.3877,12.0436,2.2731,15.3739,12.0166,2.2764
104.600,map,15.3684,12.0664,2.2731,15.3543,12.0396,2.2767
104.700,map,15.3494,12.0888,2.2732,15.3351,12.0621,2.2770
104.800,map,15.3309,12.1106,2.2733,15.3165,12.0840,2.2773
104.900,map,15.3128,12.1320,2.2735,15.2983,12.1053,2.2776
105.000,map,15.2953,12.1528,2.2739,15.2805,12.1261,2.2778
105.100,map,15.2780,12.1731,2.2739,15.2632,12.1463,2.2781
105.200,map,15.2612,12.1930,2.2741,15.2463,12.1660,2.2783
105.300,map,15.2448,12.2123,2.2743,15.2299,12.1853,2.2786
105.400,map,15.2287,12.2313,2.2745,15.2139,12.2040,2.2788
105.500,map,15.2132,12.2495,2.2746,15.1982,12.2223,2.2790
105.600,map,15.1979,12.2675,2.2748,15.1830,12.2401,2.2792
105.700,map,15.1832,12.2848,2.2750,15.1681,12.2574,2.2794
105.800,map,15.1702,12.3001,2.2750,15.1550,12.2727,2.2794
105.900,map,15.1603,12.3117,2.2750,15.1451,12.2843,2.2794
106.000,map,15.1537,12.3195,2.2749,15.1385,12.2920,2.2794
106.100,map,15.1503,12.3235,2.2750,15.1351,12.2959,2.2794
106.200,map,15.1499,12.3241,2.2750,15.1346,12.2965,2.2794
106.300,map,15.1499,12.3241,2.2750,15.1346,12.2965,2.2794
106.400,map,15.1499,12.3241,2.2750,15.1346,12.2965,2.2794
106.500,map,15.1499,12.3241,2.2769,15.1346,12.2965,2.2814
106.600,map,15.1499,12.3241,2.2921,15.1346,12.2965,2.2965
106.700,map,15.1499,12.3241,2.3217,15.1346,12.2965,2.3259
106.800,map,15.1499,12.3241,2.3672,15.1346,12.2965,2.3711
106.900,map,15.1499,12.3241,2.4272,15.1346,12.2965,2.4312
107.000,map,15.1499,12.3241,2.5026,15.1346,12.2965,2.5064
107.100,map,15.1499,12.3241,2.5905,15.1346,12.2965,2.5946
107.200,map,15.1499,12.3241,2.6810,15.1346,12.2965,2.6846
107.300,map,15.1499,12.3241,2.7725,15.1346,12.2965,2.7746
107.400,map,15.1499,12.3241,2.8628,15.1346,12.2965,2.8646
107.500,map,15.1499,12.3241,2.9542,15.1346,12.2965,2.9546
107.600,map,15.1499,12.3241,3.0440,15.1346,12.2965,3.0446
107.700,map,15.1499,12.3241,3.1341,15.1346,12.2965,3.1346
107.800,map,15.1493,12.3240,-3.0590,15.1340,12.2964,-3.0586
107.900,map,15.1444,12.3234,-2.9684,15.1291,12.2958,-2.9688
108.000,map,15.1347,12.3212,-2.8853,15.1194,12.2936,-2.8865
108.100,map,15.1205,12.3169,-2.8163,15.1051,12.2893,-2.8175
108.200,map,15.1019,12.3100,-2.7592,15.0864,12.2824,-2.7599
108.300,map,15.0791,12.3002,-2.7116,15.0635,12.2725,-2.7117
108.400,map,15.0520,12.2870,-2.6706,15.0365,12.2594,-2.6711
108.500,map,15.0215,12.2708,-2.6359,15.0057,12.2430,-2.6370
108.600,map,14.9867,12.2508,-2.6075,14.9710,12.2232,-2.6085
108.700,map,14.9488,12.2278,-2.5833,14.9334,12.2003,-2.5844
108.800,map,14.9110,12.2036,-2.5628,14.8958,12.1764,-2.5641
108.900,map,14.8648,12.1798,-2.5486,14.8585,12.1516,-2.5469
109.000,map,14.8259,12.1550,-2.5345,14.8216,12.1263,-2.5321
109.100,map,14.7892,12.1292,-2.5211,14.7850,12.1004,-2.5191
109.200,map,14.7526,12.1027,-2.5098,14.7487,12.0740,-2.5081
109.300,map,14.7164,12.0759,-2.5004,14.7127,12.0472,-2.4988
109.400,map,14.6803,12.0488,-2.4917,14.6768,12.0201,-2.4902
109.500,map,14.6448,12.0215,-2.4835,14.6412,11.9927,-2.4818
109.600,map,14.6098,11.9943,-2.4781,14.6058,11.9651,-2.4763
109.700,map,14.5744,11.9665,-2.4734,14.5704,11.9372,-2.4719
109.800,map,14.5392,11.9386,-2.4699,14.5352,11.9092,-2.4682
109.900,map,14.5039,11.9104,-2.4668,14.5001,11.8811,-2.4651
110.000,map,14.4685,11.8821,-2.4641,14.4650,11.8529,-2.4625
110.100,map,14.4336,11.8539,-2.4618,14.4301,11.8246,-2.4602
110.200,map,14.3988,11.8257,-2.4602,14.3951,11.7962,-2.4583
110.300,map,14.3634,11.7970,-2.4584,14.3603,11.7678,-2.4567
110.400,map,14.3289,11.7689,-2.4571,14.3254,11.7393,-2.4554
110.500,map,14.2942,11.7405,-2.4560,14.2906,11.7108,-2.4542
110.600,map,14.2592,11.7118,-2.4551,14.2559,11.6822,-2.4532
110.700,map,14.2243,11.6832,-2.4539,14.2211,11.6536,-2.4524
110.800,map,14.1897,11.6548,-2.4530,14.1864,11.6250,-2.4517
110.900,map,14.1551,11.6263,-2.4523,14.1517,11.5963,-2.4511
111.000,map,14.1207,11.5979,-2.4518,14.1170,11.5677,-2.4507
111.100,map,14.0856,11.5690,-2.4514,14.0824,11.5390,-2.4504
111.200,map,14.0508,11.5402,-2.4512,14.0477,11.5103,-2.4501
111.300,map,14.0159,11.5114,-2.4510,14.0130,11.4816,-2.4498
111.400,map,13.9809,11.4825,-2.4508,13.9784,11.4529,-2.4496
111.500,map,13.9461,11.4537,-2.4509,13.9437,11.4242,-2.4494
111.600,map,13.9119,11.4254,-2.4510,13.9091,11.3954,-2.4492
111.700,map,13.8775,11.3970,-2.4509,13.8745,11.3667,-2.4490
111.800,map,13.8428,11.3683,-2.4509,13.8398,11.3380,-2.4488
111.900,map,13.8078,11.3394,-2.4512,13.8052,11.3092,-2.4486
112.000,map,13.7736,11.3111,-2.4509,13.7706,11.2805,-2.4484
112.100,map,13.7389,11.2825,-2.4504,13.7360,11.2517,-2.4482
112.200,map,13.7044,11.2539,-2.4503,13.7014,11.2229,-2.4480
112.300,map,13.6704,11.2257,-2.4503,13.6668,11.1942,-2.4479
112.400,map,13.6359,11.1972,-2.4504,13.6322,11.1654,-2.4478
112.500,map,13.6015,11.1688,-2.4505,13.5976,11.1366,-2.4477
112.600,map,13.5668,11.1401,-2.4505,13.5630,11.1078,-2.4477
112.700,map,13.5323,11.1115,-2.4504,13.5284,11.0791,-2.4477
112.800,map,13.4977,11.0829,-2.4504,13.4938,11.0503,-2.4478
112.900,map,13.4632,11.0544,-2.4505,13.4592,11.0215,-2.4478
113.000,map,13.4284,11.0255,-2.4504,13.4246,10.9927,-2.4478
113.100,map,13.3937,10.9969,-2.4506,13.3900,10.9640,-2.4479
113.200,map,13.3591,10.9682,-2.4506,13.3554,10.9352,-2.4479
113.300,map,13.3244,10.9395,-2.4505,13.3208,10.9064,-2.4479
113.400,map,13.2894,10.9106,-2.4506,13.2862,10.8777,-2.4479
113.500,map,13.2545,10.8818,-2.4508,13.2516,10.8489,-2.4480
113.600,map,13.2200,10.8532,-2.4509,13.2170,10.8201,-2.4479
113.700,map,13.1898,10.8202,-2.4490,13.1824,10.7913,-2.4479
113.800,map,13.1564,10.7904,-2.4491,13.1478,10.7626,-2.4481
113.900,map,13.1220,10.7619,-2.4497,13.1132,10.7338,-2.4486
114.000,map,13.0871,10.7330,-2.4500,13.0785,10.7051,-2.4490
114.100,map,13.0528,10.7046,-2.4503,13.0439,10.6763,-2.4493
114.200,map,13.0181,10.6759,-2.4504,13.0093,10.6476,-2.4496
114.300,map,12.9833,10.6471,-2.4506,12.9746,10.6189,-2.4499
114.400,map,12.9484,10.6182,-2.4502,12.9399,10.5902,-2.4502
114.500,map,12.9133,10.5892,-2.4501,12.9053,10.5615,-2.4504
114.600,map,12.8788,10.5607,-2.4508,12.8706,10.5329,-2.4507
114.700,map,12.8441,10.5320,-2.4515,12.8359,10.5042,-2.4510
114.800,map,12.8094,10.5033,-2.4515,12.8012,10.4755,-2.4512
114.900,map,12.7705,10.4711,-2.4514,12.7665,10.4469,-2.4513
115.000,map,12.7347,10.4415,-2.4516,12.7318,10.4182,-2.4514
115.100,map,12.6999,10.4128,-2.4522,12.6971,10.3896,-2.4515
115.200,map,12.6647,10.3838,-2.4520,12.6624,10.3609,-2.4516
115.300,map,12.6298,10.3550,-2.4522,12.6277,10.3323,-2.4516
115.400,map,12.5955,10.3268,-2.4525,12.5930,10.3036,-2.4517
115.500,map,12.5612,10.2984,-2.4524,12.5583,10.2750,-2.4517
115.600,map,12.5263,10.2697,-2.4528,12.5236,10.2464,-2.4521
115.700,map,12.4918,10.2413,-2.4531,12.4889,10.2177,-2.4525
115.800,map,12.4571,10.2128,-2.4538,12.4541,10.1891,-2.4529
115.900,map,12.4225,10.1844,-2.4543,12.4194,10.1605,-2.4532
116.000,map,12.3878,10.1559,-2.4543,12.3846,10.1320,-2.4534
116.100,map,12.3534,10.1187,-2.4528,12.3499,10.1034,-2.4536
116.200,map,12.3189,10.0881,-2.4532,12.3151,10.0748,-2.4540
116.300,map,12.2841,10.0596,-2.4544,12.2803,10.0463,-2.4547
116.400,map,12.2492,10.0309,-2.4548,12.2455,10.0177,-2.4553
116.500,map,12.2148,10.0027,-2.4550,12.2107,9.9892,-2.4557
116.600,map,12.1800,9.9742,-2.4554,12.1759,9.9607,-2.4562
116.700,map,12.1455,9.9459,-2.4560,12.1410,9.9323,-2.4565
116.800,map,12.1104,9.9173,-2.4563,12.1062,9.9038,-2.4568
116.900,map,12.0753,9.8886,-2.4565,12.0713,9.8753,-2.4571
117.000,map,12.0404,9.8601,-2.4568,12.0364,9.8469,-2.4573
117.100,map,12.0057,9.8317,-2.4574,12.0016,9.8184,-2.4575
117.200,map,11.9710,9.8035,-2.4575,11.9667,9.7900,-2.4576
117.300,map,11.9322,9.7753,-2.4573,11.9318,9.7616,-2.4576
117.400,map,11.8965,9.7470,-2.4573,11.8969,9.7331,-2.4576
117.500,map,11.8614,9.7184,-2.4574,11.8621,9.7047,-2.4576
117.600,map,11.8266,9.6900,-2.4571,11.8272,9.6763,-2.4575
117.700,map,11.7917,9.6616,-2.4572,11.7923,9.6478,-2.4575
117.800,map,11.7568,9.6331,-2.4572,11.7574,9.6194,-2.4574
117.900,map,11.7219,9.6046,-2.4570,11.7226,9.5909,-2.4574
118.000,map,11.6877,9.5766,-2.4565,11.6877,9.5625,-2.4574
118.100,map,11.6529,9.5482,-2.4564,11.6528,9.5341,-2.4574
118.200,map,11.6178,9.5195,-2.4560,11.6179,9.5056,-2.4575
118.300,map,11.5826,9.4907,-2.4560,11.5831,9.4772,-2.4576
118.400,map,11.5479,9.4623,-2.4559,11.5482,9.4487,-2.4578
118.500,map,11.5159,9.4341,-2.4573,11.5133,9.4203,-2.4580
118.600,map,11.4819,9.4059,-2.4577,11.4784,9.3919,-2.4576
118.700,map,11.4473,9.3776,-2.4570,11.4435,9.3635,-2.4571
118.800,map,11.4128,9.3495,-2.4564,11.4087,9.3350,-2.4567
118.900,map,11.3784,9.3213,-2.4562,11.3738,9.3065,-2.4564
119.000,map,11.3434,9.2927,-2.4561,11.3390,9.2780,-2.4561
119.100,map,11.3086,9.2642,-2.4553,11.3042,9.2495,-2.4558
119.200,map,11.2735,9.2355,-2.4552,11.2693,9.2210,-2.4556
119.300,map,11.2391,9.2073,-2.4553,11.2345,9.1925,-2.4555
119.400,map,11.2040,9.1786,-2.4552,11.1997,9.1640,-2.4553
119.500,map,11.1694,9.1502,-2.4550,11.1649,9.1355,-2.4551
119.600,map,11.1342,9.1214,-2.4551,11.1301,9.1070,-2.4550
119.700,map,11.0954,9.0931,-2.4549,11.0953,9.0785,-2.4549
119.800,map,11.0595,9.0645,-2.4547,11.0605,9.0499,-2.4547
119.900,map,11.0244,9.0357,-2.4546,11.0257,9.0214,-2.4544
120.000,map,10.9893,9.0069,-2.4545,10.9909,8.9928,-2.4542
120.100,map,10.9543,8.9782,-2.4542,10.9561,8.9643,-2.4539
120.200,map,10.9195,8.9496,-2.4539,10.9214,8.9357,-2.4537
120.300,map,10.8846,8.9209,-2.4536,10.8866,8.9071,-2.4536
120.400,map,10.8503,8.8927,-2.4538,10.8519,8.8786,-2.4534
120.500,map,10.8156,8.8642,-2.4537,10.8171,8.8500,-2.4533
120.600,map,10.7808,8.8356,-2.4536,10.7823,8.8214,-2.4532
120.700,map,10.7461,8.8071,-2.4535,10.7476,8.7928,-2.4531
120.800,map,10.7116,8.7787,-2.4539,10.7128,8.7642,-2.4530
120.900,map,10.6805,8.7499,-2.4537,10.6781,8.7356,-2.4528
121.000,map,10.6464,8.7211,-2.4535,10.6434,8.7070,-2.4528
121.100,map,10.6122,8.6930,-2.4539,10.6086,8.6784,-2.4529
121.200,map,10.5775,8.6645,-2.4540,10.5739,8.6498,-2.4529
121.300,map,10.5427,8.6359,-2.4539,10.5391,8.6212,-2.4529
121.400,map,10.5075,8.6070,-2.4540,10.5044,8.5926,-2.4530
121.500,map,10.4730,8.5787,-2.4539,10.4696,8.5640,-2.4530
121.600,map,10.4382,8.5501,-2.4540,10.4349,8.5354,-2.4532
121.700,map,10.4031,8.5213,-2.4544,10.4001,8.5068,-2.4537
121.800,map,10.3684,8.4928,-2.4549,10.3654,8.4783,-2.4542
121.900,map,10.3334,8.4641,-2.4554,10.3306,8.4497,-2.4546
122.000,map,10.2988,8.4358,-2.4558,10.2958,8.4212,-2.4550
122.100,map,10.2643,8.4076,-2.4562,10.2610,8.3927,-2.4553
122.200,map,10.2295,8.3791,-2.4562,10.2262,8.3642,-2.4555
122.300,map,10.1951,8.3510,-2.4561,10.1913,8.3357,-2.4558
122.400,map,10.1599,8.3222,-2.4563,10.1565,8.3072,-2.4561
122.500,map,10.1249,8.2936,-2.4568,10.1217,8.2787,-2.4563
122.600,map,10.0901,8.2652,-2.4570,10.0868,8.2502,-2.4565
122.700,map,10.0555,8.2370,-2.4571,10.0520,8.2217,-2.4566
122.800,map,10.0203,8.2083,-2.4574,10.0171,8.1933,-2.4568
122.900,map,9.9854,8.1798,-2.4575,9.9823,8.1648,-2.4569
123.000,map,9.9504,8.1512,-2.4576,9.9474,8.1363,-2.4569
123.100,map,9.9155,8.1228,-2.4579,9.9126,8.1079,-2.4570
123.200,map,9.8807,8.0945,-2.4579,9.8777,8.0794,-2.4570
123.300,map,9.8416,8.0660,-2.4580,9.8428,8.0510,-2.4571
123.400,map,9.8057,8.0376,-2.4577,9.8080,8.0225,-2.4569
123.500,map,9.7707,8.0090,-2.4573,9.7731,7.9941,-2.4565
123.600,map,9.7358,7.9806,-2.4567,9.7383,7.9656,-2.4562
123.700,map,9.7008,7.9520,-2.4564,9.7034,7.9371,-2.4560
123.800,map,9.6656,7.9233,-2.4562,9.6686,7.9086,-2.4558
123.900,map,9.6309,7.8948,-2.4563,9.6338,7.8801,-2.4556
124.000,map,9.5960,7.8663,-2.4563,9.5990,7.8516,-2.4554
124.100,map,9.5612,7.8379,-2.4562,9.5642,7.8231,-2.4552
124.200,map,9.5268,7.8097,-2.4561,9.5293,7.7945,-2.4551
124.300,map,9.4922,7.7815,-2.4579,9.4950,7.7664,-2.4568
124.400,map,9.4608,7.7562,-2.4729,9.4636,7.7411,-2.4718
124.500,map,9.4340,7.7281,-2.5011,9.4324,7.7170,-2.5018
124.600,map,9.4027,7.7040,-2.5460,9.4000,7.6940,-2.5468
124.700,map,9.3689,7.6824,-2.6054,9.3660,7.6724,-2.6060
124.800,map,9.3334,7.6628,-2.6656,9.3297,7.6524,-2.6661
124.900,map,9.2953,7.6444,-2.7174,9.2915,7.6340,-2.7177
125.000,map,9.2553,7.6275,-2.7608,9.2518,7.6171,-2.7614
125.100,map,9.2149,7.6122,-2.7983,9.2110,7.6017,-2.7986
125.200,map,9.1694,7.5981,-2.8300,9.1693,7.5876,-2.8302
125.300,map,9.1263,7.5852,-2.8576,9.1270,7.5746,-2.8569
125.400,map,9.0838,7.5734,-2.8808,9.0842,7.5626,-2.8795
125.500,map,9.0404,7.5623,-2.8996,9.0409,7.5515,-2.8987
125.600,map,8.9971,7.5519,-2.9159,8.9974,7.5411,-2.9151
125.700,map,8.9533,7.5422,-2.9293,8.9537,7.5313,-2.9291
125.800,map,8.9097,7.5331,-2.9412,8.9098,7.5221,-2.9412
125.900,map,8.8696,7.5244,-2.9513,8.8658,7.5134,-2.9515
126.000,map,8.8267,7.5162,-2.9602,8.8216,7.5051,-2.9603
126.100,map,8.7826,7.5083,-2.9681,8.7774,7.4972,-2.9679
126.200,map,8.7381,7.5006,-2.9743,8.7331,7.4896,-2.9744
126.300,map,8.6940,7.4933,-2.9797,8.6887,7.4822,-2.9800
126.400,map,8.6493,7.4861,-2.9844,8.6443,7.4751,-2.9847
126.500,map,8.6052,7.4792,-2.9886,8.5998,7.4682,-2.9888
126.600,map,8.5604,7.4724,-2.9922,8.5554,7.4614,-2.9923
126.700,map,8.5163,7.4658,-2.9952,8.5109,7.4548,-2.9953
126.800,map,8.4712,7.4592,-2.9978,8.4663,7.4483,-2.9978
126.900,map,8.4265,7.4528,-2.9999,8.4218,7.4419,-2.9999
127.000,map,8.3816,7.4464,-3.0015,8.3773,7.4356,-3.0018
127.100,map,8.3331,7.4402,-3.0034,8.3327,7.4293,-3.0034
127.200,map,8.2874,7.4341,-3.0046,8.2881,7.4232,-3.0047
127.300,map,8.2429,7.4280,-3.0063,8.2435,7.4170,-3.0059
127.400,map,8.1983,7.4219,-3.0073,8.1989,7.4110,-3.0068
127.500,map,8.1541,7.4160,-3.0081,8.1544,7.4049,-3.0075
127.600,map,8.1097,7.4100,-3.0085,8.1098,7.3989,-3.0081
127.700,map,8.0649,7.4040,-3.0088,8.0652,7.3930,-3.0087
127.800,map,8.0202,7.3981,-3.0090,8.0205,7.3870,-3.0092
127.900,map,7.9760,7.3922,-3.0097,7.9759,7.3811,-3.0097
128.000,map,7.9314,7.3863,-3.0101,7.9313,7.3752,-3.0101
128.100,map,7.8869,7.3804,-3.0103,7.8867,7.3693,-3.0104
128.200,map,7.8423,7.3745,-3.0106,7.8421,7.3634,-3.0107
128.300,map,7.7976,7.3686,-3.0109,7.7975,7.3575,-3.0110
128.400,map,7.7532,7.3628,-3.0113,7.7529,7.3517,-3.0112
128.500,map,7.7086,7.3570,-3.0116,7.7083,7.3458,-3.0115
128.600,map,7.6640,7.3512,-3.0117,7.6636,7.3400,-3.0116
128.700,map,7.6195,7.3453,-3.0118,7.6190,7.3342,-3.0117
128.800,map,7.5747,7.3395,-3.0120,7.5744,7.3283,-3.0118
128.900,map,7.5303,7.3337,-3.0119,7.5298,7.3225,-3.0119
129.000,map,7.4852,7.3278,-3.0119,7.4851,7.3167,-3.0120
129.100,map,7.4405,7.3220,-3.0120,7.4405,7.3109,-3.0121
129.200,map,7.3961,7.3162,-3.0118,7.3959,7.3051,-3.0122
129.300,map,7.3517,7.3104,-3.0119,7.3513,7.2993,-3.0123
129.400,map,7.3070,7.3046,-3.0116,7.3067,7.2935,-3.0124
129.500,map,7.2626,7.2988,-3.0118,7.2620,7.2877,-3.0126
129.600,map,7.2172,7.2929,-3.0121,7.2174,7.2819,-3.0127
129.700,map,7.1722,7.2870,-3.0121,7.1728,7.2761,-3.0128
129.800,map,7.1281,7.2812,-3.0120,7.1281,7.2703,-3.0129
129.900,map,7.0834,7.2754,-3.0122,7.0835,7.2646,-3.0130
130.000,map,7.0388,7.2696,-3.0125,7.0389,7.2588,-3.0131
130.100,map,6.9940,7.2638,-3.0127,6.9943,7.2530,-3.0132
130.200,map,6.9495,7.2581,-3.0129,6.9496,7.2473,-3.0132
130.300,map,6.9053,7.2523,-3.0130,6.9050,7.2415,-3.0131
130.400,map,6.8606,7.2466,-3.0129,6.8604,7.2357,-3.0131
130.500,map,6.8160,7.2408,-3.0129,6.8157,7.2300,-3.0131
130.600,map,6.7716,7.2351,-3.0127,6.7711,7.2242,-3.0130
130.700,map,6.7268,7.2292,-3.0133,6.7265,7.2184,-3.0137
130.800,map,6.6820,7.2235,-3.0152,6.6819,7.2127,-3.0153
130.900,map,6.6376,7.2179,-3.0166,6.6372,7.2071,-3.0168
131.000,map,6.5927,7.2123,-3.0181,6.5926,7.2015,-3.0180
131.100,map,6.5480,7.2068,-3.0190,6.5479,7.1960,-3.0191
131.200,map,6.5037,7.2013,-3.0200,6.5032,7.1905,-3.0201
131.300,map,6.4589,7.1959,-3.0210,6.4586,7.1851,-3.0210
131.400,map,6.4141,7.1904,-3.0150,6.4140,7.1796,-3.0146
131.500,map,6.3693,7.1844,-3.0041,6.3695,7.1737,-3.0036
131.600,map,6.3247,7.1780,-2.9941,6.3251,7.1673,-2.9937
131.700,map,6.2803,7.1712,-2.9854,6.2807,7.1605,-2.9849
131.800,map,6.2382,7.1643,-2.9690,6.2388,7.1536,-2.9688
131.900,map,6.2014,7.1574,-2.9380,6.2019,7.1466,-2.9377
132.000,map,6.1697,7.1501,-2.8921,6.1703,7.1394,-2.8916
132.100,map,6.1432,7.1426,-2.8357,6.1439,7.1318,-2.8355
132.200,map,6.1219,7.1353,-2.7840,6.1226,7.1245,-2.7837
132.300,map,6.1052,7.1286,-2.7375,6.1059,7.1178,-2.7373
132.400,map,6.0878,7.1207,-2.6985,6.0883,7.1099,-2.6979
132.500,map,6.0680,7.1109,-2.6656,6.0686,7.1001,-2.6647
132.600,map,6.0462,7.0993,-2.6375,6.0469,7.0885,-2.6365
132.700,map,6.0236,7.0864,-2.6134,6.0242,7.0756,-2.6127
132.800,map,6.0004,7.0726,-2.5932,6.0013,7.0619,-2.5925
132.900,map,5.9762,7.0575,-2.5763,5.9771,7.0467,-2.5753
133.000,map,5.9503,7.0408,-2.5618,5.9514,7.0301,-2.5607
133.100,map,5.9252,7.0241,-2.5494,5.9264,7.0135,-2.5481
133.200,map,5.8989,7.0062,-2.5390,5.9004,6.9958,-2.5375
133.300,map,5.8739,6.9889,-2.5299,5.8756,6.9784,-2.5284
133.400,map,5.8483,6.9707,-2.5220,5.8501,6.9603,-2.5206
133.500,map,5.8178,6.9514,-2.5136,5.8247,6.9420,-2.5139
133.600,map,5.7932,6.9334,-2.5080,5.7999,6.9240,-2.5083
133.700,map,5.7681,6.9149,-2.5031,5.7748,6.9054,-2.5036
133.800,map,5.7452,6.8978,-2.4910,5.7521,6.8884,-2.4916
133.900,map,5.7266,6.8833,-2.4640,5.7336,6.8740,-2.4645
134.000,map,5.7118,6.8709,-2.4256,5.7188,6.8616,-2.4257
134.100,map,5.6965,6.8571,-2.3905,5.7035,6.8479,-2.3904
134.200,map,5.6818,6.8429,-2.3609,5.6888,6.8337,-2.3605
134.300,map,5.6665,6.8273,-2.3353,5.6735,6.8181,-2.3354
134.400,map,5.6507,6.8106,-2.3139,5.6577,6.8013,-2.3142
134.500,map,5.6349,6.7930,-2.2959,5.6418,6.7837,-2.2963
134.600,map,5.6188,6.7746,-2.2810,5.6257,6.7653,-2.2813
134.700,map,5.6030,6.7559,-2.2682,5.6098,6.7465,-2.2685
134.800,map,5.5875,6.7372,-2.2573,5.5943,6.7277,-2.2578
134.900,map,5.5717,6.7178,-2.2483,5.5785,6.7083,-2.2487
135.000,map,5.5563,6.6985,-2.2408,5.5630,6.6889,-2.2411
135.100,map,5.5418,6.6800,-2.2340,5.5486,6.6707,-2.2346
135.200,map,5.5266,6.6605,-2.2285,5.5335,6.6513,-2.2291
135.300,map,5.5116,6.6410,-2.2240,5.5183,6.6315,-2.2245
135.400,map,5.4976,6.6226,-2.2201,5.5041,6.6129,-2.2207
135.500,map,5.4836,6.6041,-2.2169,5.4900,6.5942,-2.2174
135.600,map,5.4703,6.5864,-2.2140,5.4767,6.5766,-2.2146
135.700,map,5.4571,6.5687,-2.2116,5.4634,6.5588,-2.2122
135.800,map,5.4516,6.5492,-2.2097,5.4489,6.5393,-2.2103
135.900,map,5.4377,6.5292,-2.2082,5.4341,6.5195,-2.2087
136.000,map,5.4235,6.5100,-2.2070,5.4200,6.5004,-2.2075
136.100,map,5.4099,6.4915,-2.2059,5.4065,6.4820,-2.2065
136.200,map,5.3959,6.4726,-2.2051,5.3924,6.4630,-2.2057
136.300,map,5.3821,6.4538,-2.2044,5.3786,6.4442,-2.2050
136.400,map,5.3686,6.4353,-2.2038,5.3649,6.4256,-2.2044
136.500,map,5.3546,6.4162,-2.2032,5.3509,6.4066,-2.2039
136.600,map,5.3412,6.3979,-2.2029,5.3376,6.3884,-2.2035
136.700,map,5.3270,6.3786,-2.2028,5.3235,6.3691,-2.2032
136.800,map,5.3130,6.3595,-2.2045,5.3095,6.3500,-2.2048
136.900,map,5.3013,6.3437,-2.2190,5.2977,6.3342,-2.2196
137.000,map,5.2896,6.3287,-2.2411,5.2860,6.3191,-2.2414
137.100,map,5.2773,6.3134,-2.2595,5.2736,6.3038,-2.2602
137.200,map,5.2658,6.2996,-2.2756,5.2621,6.2901,-2.2762
137.300,map,5.2535,6.2854,-2.2890,5.2499,6.2759,-2.2897
137.400,map,5.2408,6.2710,-2.3004,5.2371,6.2615,-2.3011
137.500,map,5.2268,6.2556,-2.3102,5.2233,6.2462,-2.3108
137.600,map,5.2125,6.2400,-2.3183,5.2089,6.2306,-2.3190
137.700,map,5.1993,6.2259,-2.3252,5.1956,6.2164,-2.3259
137.800,map,5.1862,6.2121,-2.3311,5.1827,6.2027,-2.3317
137.900,map,5.1733,6.1985,-2.3361,5.1697,6.1892,-2.3367
138.000,map,5.1603,6.1850,-2.3401,5.1568,6.1758,-2.3408
138.100,map,5.1468,6.1711,-2.3436,5.1434,6.1620,-2.3443
138.200,map,5.1321,6.1561,-2.3470,5.1286,6.1470,-2.3476
138.300,map,5.1197,6.1435,-2.3493,5.1163,6.1344,-2.3499
138.400,map,5.1055,6.1292,-2.3514,5.1021,6.1201,-2.3520
138.500,map,5.0806,6.1142,-2.3533,5.0872,6.1051,-2.3538
138.600,map,5.0648,6.0983,-2.3546,5.0715,6.0894,-2.3550
138.700,map,5.0484,6.0818,-2.3555,5.0550,6.0729,-2.3560
138.800,map,5.0312,6.0646,-2.3563,5.0378,6.0557,-2.3568
138.900,map,5.0143,6.0478,-2.3570,5.0210,6.0388,-2.3576
139.000,map,4.9969,6.0304,-2.3575,5.0037,6.0216,-2.3582
139.100,map,4.9780,6.0116,-2.3580,4.9847,6.0027,-2.3587
139.200,map,4.9588,5.9924,-2.3584,4.9654,5.9836,-2.3592
139.300,map,4.9374,5.9711,-2.3586,4.9440,5.9623,-2.3596
139.400,map,4.9147,5.9485,-2.3588,4.9211,5.9395,-2.3600
139.500,map,4.8908,5.9248,-2.3592,4.8972,5.9158,-2.3604
139.600,map,4.8663,5.9004,-2.3594,4.8727,5.8916,-2.3606
139.700,map,4.8410,5.8753,-2.3596,4.8472,5.8663,-2.3609
139.800,map,4.8135,5.8479,-2.3599,4.8197,5.8391,-2.3611
139.900,map,4.7838,5.8183,-2.3527,4.7902,5.8096,-2.3537
140.000,map,4.7534,5.7872,-2.3306,4.7599,5.7786,-2.3317
140.100,map,4.7233,5.7546,-2.3058,4.7299,5.7463,-2.3067
140.200,map,4.6935,5.7209,-2.2844,4.7004,5.7130,-2.2851
140.300,map,4.6643,5.6866,-2.2661,4.6715,5.6790,-2.2667
140.400,map,4.6361,5.6523,-2.2503,4.6430,5.6444,-2.2511
140.500,map,4.6083,5.6174,-2.2368,4.6151,5.6093,-2.2377
140.600,map,4.5804,5.5815,-2.2259,4.5875,5.5739,-2.2264
140.700,map,4.5532,5.5456,-2.2166,4.5603,5.5382,-2.2166
140.800,map,4.5263,5.5097,-2.2084,4.5335,5.5022,-2.2083
140.900,map,4.4999,5.4738,-2.2009,4.5068,5.4660,-2.2012
141.000,map,4.4737,5.4375,-2.1951,4.4804,5.4296,-2.1951
141.100,map,4.4474,5.4009,-2.1900,4.4543,5.3930,-2.1899
141.200,map,4.4214,5.3642,-2.1853,4.4282,5.3563,-2.1855
141.300,map,4.3956,5.3274,-2.1815,4.4024,5.3195,-2.1817
141.400,map,4.3698,5.2905,-2.1782,4.3766,5.2826,-2.1785
141.500,map,4.3440,5.2533,-2.1758,4.3510,5.2457,-2.1758
141.600,map,4.3185,5.2163,-2.1735,4.3254,5.2086,-2.1735
141.700,map,4.2933,5.1796,-2.1715,4.3000,5.1715,-2.1714
141.800,map,4.2677,5.1422,-2.1699,4.2746,5.1344,-2.1697
141.900,map,4.2424,5.1051,-2.1686,4.2492,5.0972,-2.1682
142.000,map,4.2172,5.0681,-2.1677,4.2239,5.0600,-2.1669
142.100,map,4.1920,5.0309,-2.1666,4.1987,5.0227,-2.1657
142.200,map,4.1666,4.9935,-2.1653,4.1735,4.9854,-2.1647
142.300,map,4.1418,4.9567,-2.1646,4.1483,4.9481,-2.1638
142.400,map,4.1167,4.9195,-2.1640,4.1232,4.9108,-2.1630
142.500,map,4.0917,4.8824,-2.1633,4.0981,4.8735,-2.1624
142.600,map,4.0666,4.8451,-2.1629,4.0730,4.8361,-2.1618
142.700,map,4.0415,4.8077,-2.1624,4.0480,4.7987,-2.1614
142.800,map,4.0164,4.7703,-2.1621,4.0229,4.7613,-2.1609
142.900,map,3.9912,4.7328,-2.1620,3.9979,4.7240,-2.1605
143.000,map,3.9661,4.6954,-2.1615,3.9729,4.6865,-2.1602
143.100,map,3.9412,4.6582,-2.1610,3.9478,4.6491,-2.1599
143.200,map,3.9163,4.6211,-2.1610,3.9228,4.6117,-2.1596
143.300,map,3.8914,4.5839,-2.1608,3.8979,4.5743,-2.1594
143.400,map,3.8665,4.5468,-2.1603,3.8729,4.5369,-2.1592
143.500,map,3.8415,4.5094,-2.1605,3.8479,4.4994,-2.1591
143.600,map,3.8166,4.4720,-2.1599,3.8229,4.4620,-2.1589
143.700,map,3.7918,4.4350,-2.1598,3.7980,4.4246,-2.1588
143.800,map,3.7672,4.3982,-2.1596,3.7730,4.3871,-2.1587
143.900,map,3.7424,4.3611,-2.1599,3.7481,4.3497,-2.1587
144.000,map,3.7176,4.3239,-2.1599,3.7231,4.3122,-2.1586
144.100,map,3.6926,4.2866,-2.1600,3.6981,4.2748,-2.1586
144.200,map,3.6651,4.2495,-2.1597,3.6732,4.2373,-2.1585
144.300,map,3.6330,4.2122,-2.1592,3.6482,4.1999,-2.1584
144.400,map,3.6081,4.1749,-2.1588,3.6233,4.1624,-2.1579
144.500,map,3.5834,4.1378,-2.1584,3.5984,4.1249,-2.1573
144.600,map,3.5587,4.1008,-2.1578,3.5735,4.0875,-2.1569
144.700,map,3.5337,4.0631,-2.1573,3.5486,4.0500,-2.1564
144.800,map,3.5091,4.0261,-2.1568,3.5237,4.0125,-2.1561
144.900,map,3.4839,3.9882,-2.1567,3.4989,3.9749,-2.1558
145.000,map,3.4591,3.9507,-2.1564,3.4740,3.9374,-2.1555
145.100,map,3.4346,3.9138,-2.1559,3.4492,3.8999,-2.1553
145.200,map,3.4095,3.8759,-2.1556,3.4244,3.8624,-2.1551
145.300,map,3.3847,3.8384,-2.1555,3.3996,3.8248,-2.1550
145.400,map,3.3599,3.8009,-2.1555,3.3747,3.7873,-2.1549
145.500,map,3.3348,3.7631,-2.1553,3.3499,3.7498,-2.1548
145.600,map,3.3186,3.7153,-2.1549,3.3251,3.7122,-2.1547
145.700,map,3.2934,3.6772,-2.1555,3.3003,3.6747,-2.1552
145.800,map,3.2684,3.6396,-2.1570,3.2755,3.6372,-2.1565
145.900,map,3.2435,3.6020,-2.1583,3.2506,3.5997,-2.1576
146.000,map,3.2186,3.5646,-2.1589,3.2256,3.5622,-2.1586
146.100,map,3.1937,3.5273,-2.1596,3.2007,3.5248,-2.1594
146.200,map,3.1685,3.4897,-2.1605,3.1757,3.4874,-2.1602
146.300,map,3.1434,3.4523,-2.1613,3.1507,3.4500,-2.1609
146.400,map,3.1189,3.4157,-2.1620,3.1261,3.4133,-2.1615
146.500,map,3.0947,3.3797,-2.1623,3.1021,3.3776,-2.1620
146.600,map,3.0715,3.3451,-2.1628,3.0787,3.3428,-2.1625
146.700,map,3.0486,3.3110,-2.1632,3.0559,3.3089,-2.1629
146.800,map,3.0264,3.2781,-2.1636,3.0337,3.2758,-2.1633
146.900,map,3.0089,3.2503,-2.1639,3.0120,3.2436,-2.1636
147.000,map,2.9885,3.2197,-2.1639,2.9908,3.2121,-2.1640
147.100,map,2.9677,3.1889,-2.1646,2.9701,3.1814,-2.1644
147.200,map,2.9474,3.1589,-2.1650,2.9498,3.1515,-2.1649
147.300,map,2.9275,3.1294,-2.1654,2.9301,3.1223,-2.1652
147.400,map,2.9084,3.1012,-2.1655,2.9109,3.0938,-2.1655
147.500,map,2.8897,3.0735,-2.1656,2.8921,3.0661,-2.1658
147.600,map,2.8713,3.0464,-2.1659,2.8738,3.0391,-2.1661
147.700,map,2.8535,3.0201,-2.1664,2.8560,3.0127,-2.1664
147.800,map,2.8359,2.9941,-2.1666,2.8386,2.9871,-2.1666
147.900,map,2.8190,2.9692,-2.1667,2.8216,2.9621,-2.1668
148.000,map,2.8026,2.9450,-2.1668,2.8051,2.9377,-2.1670
148.100,map,2.7866,2.9214,-2.1669,2.7890,2.9140,-2.1672
148.200,map,2.7707,2.8980,-2.1671,2.7732,2.8908,-2.1674
148.300,map,2.7554,2.8755,-2.1674,2.7579,2.8682,-2.1675
148.400,map,2.7404,2.8534,-2.1675,2.7430,2.8462,-2.1677
148.500,map,2.7258,2.8318,-2.1677,2.7284,2.8248,-2.1678
148.600,map,2.7115,2.8095,-2.1677,2.7142,2.8039,-2.1678
148.700,map,2.6978,2.7859,-2.1678,2.7004,2.7836,-2.1680
148.800,map,2.6842,2.7659,-2.1687,2.6869,2.7638,-2.1690
148.900,map,2.6709,2.7464,-2.1698,2.6738,2.7445,-2.1702
149.000,map,2.6584,2.7281,-2.1690,2.6612,2.7262,-2.1694
149.100,map,2.6485,2.7134,-2.1549,2.6513,2.7114,-2.1554
149.200,map,2.6416,2.7026,-2.1263,2.6443,2.7006,-2.1264
149.300,map,2.6375,2.6958,-2.0824,2.6403,2.6939,-2.0825
149.400,map,2.6362,2.6933,-2.0221,2.6390,2.6914,-2.0235
149.500,map,2.6361,2.6933,-1.9480,2.6389,2.6914,-1.9495
149.600,map,2.6361,2.6933,-1.8611,2.6389,2.6914,-1.8620
149.700,map,2.6361,2.6933,-1.7710,2.6389,2.6914,-1.7720
149.800,map,2.6361,2.6933,-1.6810,2.6389,2.6914,-1.6820
149.900,map,2.6361,2.6933,-1.5904,2.6389,2.6914,-1.5920
150.000,map,2.6361,2.6933,-1.5008,2.6389,2.6914,-1.5020
150.100,map,2.6361,2.6933,-1.4110,2.6389,2.6914,-1.4120
150.200,map,2.6361,2.6933,-1.3213,2.6389,2.6914,-1.3220
150.300,map,2.6361,2.6933,-1.2317,2.6389,2.6914,-1.2320
150.400,map,2.6361,2.6933,-1.1421,2.6389,2.6914,-1.1420
150.500,map,2.6361,2.6933,-1.0520,2.6389,2.6914,-1.0520
150.600,map,2.6361,2.6933,-0.9619,2.6389,2.6914,-0.9620
150.700,map,2.6361,2.6933,-0.8726,2.6389,2.6914,-0.8720
150.800,map,2.6361,2.6933,-0.7831,2.6389,2.6914,-0.7820
150.900,map,2.6361,2.6933,-0.6930,2.6389,2.6914,-0.6920
151.000,map,2.6361,2.6933,-0.6014,2.6389,2.6914,-0.6020
151.100,map,2.6361,2.6933,-0.5114,2.6389,2.6914,-0.5120
151.200,map,2.6361,2.6933,-0.4284,2.6389,2.6914,-0.4290
151.300,map,2.6361,2.6933,-0.3580,2.6389,2.6914,-0.3591
151.400,map,2.6361,2.6933,-0.3000,2.6389,2.6914,-0.3010
151.500,map,2.6361,2.6933,-0.2516,2.6389,2.6914,-0.2525
151.600,map,2.6361,2.6933,-0.2117,2.6389,2.6914,-0.2120
151.700,map,2.6361,2.6933,-0.1772,2.6389,2.6914,-0.1780
151.800,map,2.6361,2.6933,-0.1485,2.6389,2.6914,-0.1495
151.900,map,2.6361,2.6933,-0.1258,2.6389,2.6914,-0.1269
152.000,map,2.6361,2.6933,-0.1166,2.6389,2.6914,-0.1177
152.100,map,2.6361,2.6933,-0.1165,2.6389,2.6914,-0.1175
152.200,map,2.6361,2.6933,-0.1165,2.6389,2.6914,-0.1175
152.300,map,2.6361,2.6933,-0.1165,2.6389,2.6914,-0.1175
152.400,map,2.6361,2.6933,-0.1165,2.6389,2.6914,-0.1175
152.500,map,2.6361,2.6933,-0.1165,2.6389,2.6914,-0.1175
152.600,map,2.6361,2.6933,-0.1165,2.6389,2.6914,-0.1175
152.700,map,2.6361,2.6933,-0.1165,2.6389,2.6914,-0.1175
152.800,map,2.6361,2.6933,-0.1165,2.6389,2.6914,-0.1175
152.900,map,2.6361,2.6933,-0.1165,2.6389,2.6914,-0.1175
153.000,map,2.6361,2.6933,-0.1165,2.6389,2.6914,-0.1175
153.100,map,2.6361,2.6933,-0.1165,2.6389,2.6914,-0.1175
153.200,map,2.6361,2.6933,-0.1165,2.6389,2.6914,-0.1175
153.300,map,2.6361,2.6933,-0.1165,2.6389,2.6914,-0.1175
153.400,map,2.6361,2.6933,-0.1165,2.6389,2.6914,-0.1175
153.500,map,2.6361,2.6933,-0.1165,2.6389,2.6914,-0.1175
153.600,map,2.6361,2.6933,-0.1165,2.6389,2.6914,-0.1175
153.700,map,2.6361,2.6933,-0.1165,2.6389,2.6914,-0.1175
153.800,map,2.6361,2.6933,-0.1165,2.6389,2.6914,-0.1175
153.900,map,2.6361,2.6933,-0.1165,2.6389,2.6914,-0.1175
154.000,map,2.6361,2.6933,-0.1165,2.6389,2.6914,-0.1175
154.100,map,2.6361,2.6933,-0.1165,2.6389,2.6914,-0.1175
154.200,map,2.6361,2.6933,-0.1165,2.6389,2.6914,-0.1175
154.300,map,2.6361,2.6933,-0.1165,2.6389,2.6914,-0.1175
154.400,map,2.6361,2.6933,-0.1165,2.6389,2.6914,-0.1175
154.500,map,2.6361,2.6933,-0.1165,2.6389,2.6914,-0.1175
154.600,map,2.6361,2.6933,-0.1165,2.6389,2.6914,-0.1175
154.700,map,2.6361,2.6933,-0.1165,2.6389,2.6914,-0.1175
154.800,map,2.6361,2.6933,-0.1165,2.6389,2.6914,-0.1175
154.900,map,2.6361,2.6933,-0.1165,2.6389,2.6914,-0.1175
155.000,map,2.6361,2.6933,-0.1165,2.6389,2.6914,-0.1175
155.100,map,2.6361,2.6933,-0.1165,2.6389,2.6914,-0.1175
155.200,map,2.6361,2.6933,-0.1165,2.6389,2.6914,-0.1175
155.300,map,2.6361,2.6933,-0.1165,2.6389,2.6914,-0.1175
155.400,map,2.6361,2.6933,-0.1165,2.6389,2.6914,-0.1175
155.500,map,2.6361,2.6933,-0.1165,2.6389,2.6914,-0.1175
155.600,map,2.6361,2.6933,-0.1165,2.6389,2.6914,-0.1175
155.700,map,2.6361,2.6933,-0.1165,2.6389,2.6914,-0.1175
155.800,map,2.6361,2.6933,-0.1165,2.6389,2.6914,-0.1175
155.900,map,2.6361,2.6933,-0.1165,2.6389,2.6914,-0.1175
156.000,map,2.6361,2.6933,-0.1165,2.6389,2.6914,-0.1175
156.100,map,2.6361,2.6933,-0.1165,2.6389,2.6914,-0.1175
156.200,map,2.6361,2.6933,-0.1165,2.6389,2.6914,-0.1175
156.300,map,2.6361,2.6933,-0.1165,2.6389,2.6914,-0.1175
156.400,map,2.6361,2.6933,-0.1165,2.6389,2.6914,-0.1175
156.500,map,2.6361,2.6933,-0.1165,2.6389,2.6914,-0.1175
156.600,map,2.6361,2.6933,-0.1165,2.6389,2.6914,-0.1175
156.700,map,2.6361,2.6933,-0.1165,2.6389,2.6914,-0.1175
156.800,map,2.6361,2.6933,-0.1165,2.6389,2.6914,-0.1175
156.900,map,2.6361,2.6933,-0.1165,2.6389,2.6914,-0.1175
157.000,map,2.6361,2.6933,-0.1165,2.6389,2.6914,-0.1175
157.100,map,2.6361,2.6933,-0.1165,2.6389,2.6914,-0.1175
157.200,map,2.6361,2.6933,-0.1165,2.6389,2.6914,-0.1175
157.300,map,2.6361,2.6933,-0.1165,2.6389,2.6914,-0.1175
157.400,map,2.6361,2.6933,-0.1165,2.6389,2.6914,-0.1175
157.500,map,2.6361,2.6933,-0.1165,2.6389,2.6914,-0.1175
157.600,map,2.6361,2.6933,-0.1165,2.6389,2.6914,-0.1175
157.700,map,2.6361,2.6933,-0.1165,2.6389,2.6914,-0.1175
157.800,map,2.6361,2.6933,-0.1165,2.6389,2.6914,-0.1175
157.900,map,2.6361,2.6933,-0.1165,2.6389,2.6914,-0.1175
158.000,map,2.6361,2.6933,-0.1165,2.6389,2.6914,-0.1175
158.100,map,2.6361,2.6933,-0.1165,2.6389,2.6914,-0.1175
158.200,map,2.6361,2.6933,-0.1165,2.6389,2.6914,-0.1175
158.300,map,2.6361,2.6933,-0.1165,2.6389,2.6914,-0.1175
158.400,map,2.6361,2.6933,-0.1165,2.6389,2.6914,-0.1175
158.500,map,2.6361,2.6933,-0.1165,2.6389,2.6914,-0.1175
158.600,map,2.6361,2.6933,-0.1165,2.6389,2.6914,-0.1175
158.700,map,2.6361,2.6933,-0.1165,2.6389,2.6914,-0.1175
158.800,map,2.6361,2.6933,-0.1165,2.6389,2.6914,-0.1175
158.900,map,2.6361,2.6933,-0.1165,2.6389,2.6914,-0.1175
159.000,map,2.6361,2.6933,-0.1165,2.6389,2.6914,-0.1175
159.100,map,2.6361,2.6933,-0.1165,2.6389,2.6914,-0.1175
159.200,map,2.6361,2.6933,-0.1165,2.6389,2.6914,-0.1175
159.300,map,2.6361,2.6933,-0.1165,2.6389,2.6914,-0.1175
159.400,map,2.6361,2.6933,-0.1165,2.6389,2.6914,-0.1175
159.510,map,2.6361,2.6933,-0.1165,2.6389,2.6914,-0.1175
159.610,map,2.6361,2.6933,-0.1165,2.6389,2.6914,-0.1175
159.710,map,2.6361,2.6933,-0.1165,2.6389,2.6914,-0.1175
159.810,map,2.6361,2.6933,-0.1165,2.6389,2.6914,-0.1175
159.910,map,2.6361,2.6933,-0.1165,2.6389,2.6914,-0.1175
160.010,map,2.6361,2.6933,-0.1165,2.6389,2.6914,-0.1175
160.110,map,2.6361,2.6933,-0.1165,2.6389,2.6914,-0.1175
160.210,map,2.6361,2.6933,-0.1165,2.6389,2.6914,-0.1175
160.310,map,2.6361,2.6933,-0.1165,2.6389,2.6914,-0.1175
160.410,map,2.6361,2.6933,-0.1165,2.6389,2.6914,-0.1175
160.510,map,2.6361,2.6933,-0.1165,2.6389,2.6914,-0.1175
160.610,map,2.6361,2.6933,-0.1165,2.6389,2.6914,-0.1175
160.710,map,2.6361,2.6933,-0.1165,2.6389,2.6914,-0.1175
160.810,map,2.6361,2.6933,-0.1165,2.6389,2.6914,-0.1175
160.910,map,2.6361,2.6933,-0.1165,2.6389,2.6914,-0.1175
161.010,map,2.6361,2.6933,-0.1165,2.6389,2.6914,-0.1175
161.110,map,2.6361,2.6933,-0.1165,2.6389,2.6914,-0.1175
161.210,map,2.6361,2.6933,-0.1165,2.6389,2.6914,-0.1175
161.310,map,2.6361,2.6933,-0.1165,2.6389,2.6914,-0.1175
161.410,map,2.6361,2.6933,-0.1165,2.6389,2.6914,-0.1175
161.510,map,2.6361,2.6933,-0.1165,2.6389,2.6914,-0.1175
161.610,map,2.6361,2.6933,-0.1165,2.6389,2.6914,-0.1175
161.710,map,2.6361,2.6933,-0.1165,2.6389,2.6914,-0.1175
161.810,map,2.6361,2.6933,-0.1165,2.6389,2.6914,-0.1175
161.910,map,2.6361,2.6933,-0.1165,2.6389,2.6914,-0.1175
162.010,map,2.6361,2.6933,-0.1165,2.6389,2.6914,-0.1175
162.110,map,2.6361,2.6933,-0.1165,2.6389,2.6914,-0.1175
162.210,map,2.6361,2.6933,-0.1165,2.6389,2.6914,-0.1175
162.310,map,2.6361,2.6933,-0.1165,2.6389,2.6914,-0.1175
162.410,map,2.6361,2.6933,-0.1165,2.6389,2.6914,-0.1175
162.510,map,2.6361,2.6933,-0.1165,2.6389,2.6914,-0.1175
162.610,map,2.6361,2.6933,-0.1165,2.6389,2.6914,-0.1175
162.710,map,2.6361,2.6933,-0.1165,2.6389,2.6914,-0.1175
162.810,map,2.6361,2.6933,-0.1165,2.6389,2.6914,-0.1175
162.910,map,2.6361,2.6933,-0.1165,2.6389,2.6914,-0.1175
163.010,map,2.6361,2.6933,-0.1165,2.6389,2.6914,-0.1175
163.110,map,2.6361,2.6933,-0.1165,2.6389,2.6914,-0.1175
163.210,map,2.6361,2.6933,-0.1165,2.6389,2.6914,-0.1175
163.310,map,2.6361,2.6933,-0.1165,2.6389,2.6914,-0.1175
163.410,map,2.6361,2.6933,-0.1165,2.6389,2.6914,-0.1175
163.510,map,2.6361,2.6933,-0.1165,2.6389,2.6914,-0.1175
163.610,map,2.6361,2.6933,-0.1165,2.6389,2.6914,-0.1175
163.710,map,2.6361,2.6933,-0.1165,2.6389,2.6914,-0.1175
163.810,map,2.6361,2.6933,-0.1165,2.6389,2.6914,-0.1175
163.910,map,2.6361,2.6933,-0.1165,2.6389,2.6914,-0.1175
164.010,map,2.6361,2.6933,-0.1165,2.6389,2.6914,-0.1175
164.110,map,2.6361,2.6933,-0.1165,2.6389,2.6914,-0.1175
164.210,map,2.6361,2.6933,-0.1165,2.6389,2.6914,-0.1175
164.310,map,2.6361,2.6933,-0.1165,2.6389,2.6914,-0.1175
164.410,map,2.6361,2.6933,-0.1165,2.6389,2.6914,-0.1175
164.510,map,2.6361,2.6933,-0.1165,2.6389,2.6914,-0.1175
164.610,map,2.6361,2.6933,-0.1165,2.6389,2.6914,-0.1175
164.710,map,2.6361,2.6933,-0.1165,2.6389,2.6914,-0.1175
164.810,map,2.6361,2.6933,-0.1165,2.6389,2.6914,-0.1175
164.910,map,2.6361,2.6933,-0.1165,2.6389,2.6914,-0.1175
165.010,map,2.6361,2.6933,-0.1165,2.6389,2.6914,-0.1175
165.110,map,2.6361,2.6933,-0.1165,2.6389,2.6914,-0.1175
165.210,map,2.6361,2.6933,-0.1165,2.6389,2.6914,-0.1175
165.310,map,2.6361,2.6933,-0.1165,2.6389,2.6914,-0.1175
165.410,map,2.6361,2.6933,-0.1165,2.6389,2.6914,-0.1175
165.510,map,2.6361,2.6933,-0.1165,2.6389,2.6914,-0.1175
165.610,map,2.6361,2.6933,-0.1165,2.6389,2.6914,-0.1175
165.710,map,2.6361,2.6933,-0.1165,2.6389,2.6914,-0.1175
165.810,map,2.6361,2.6933,-0.1165,2.6389,2.6914,-0.1175
165.910,map,2.6361,2.6933,-0.1165,2.6389,2.6914,-0.1175
166.010,map,2.6361,2.6933,-0.1165,2.6389,2.6914,-0.1175
166.110,map,2.6361,2.6933,-0.1165,2.6389,2.6914,-0.1175
166.210,map,2.6361,2.6933,-0.1165,2.6389,2.6914,-0.1175
166.310,map,2.6361,2.6933,-0.1165,2.6389,2.6914,-0.1175
166.410,map,2.6361,2.6933,-0.1165,2.6389,2.6914,-0.1175
166.510,map,2.6361,2.6933,-0.1165,2.6389,2.6914,-0.1175
166.610,map,2.6361,2.6933,-0.1165,2.6389,2.6914,-0.1175
166.710,map,2.6361,2.6933,-0.1165,2.6389,2.6914,-0.1175
166.810,map,2.6361,2.6933,-0.1165,2.6389,2.6914,-0.1175
166.910,map,2.6361,2.6933,-0.1165,2.6389,2.6914,-0.1175
167.010,map,2.6361,2.6933,-0.1165,2.6389,2.6914,-0.1175
167.110,map,2.6361,2.6933,-0.1165,2.6389,2.6914,-0.1175
167.210,map,2.6361,2.6933,-0.1165,2.6389,2.6914,-0.1175
167.310,map,2.6361,2.6933,-0.1165,2.6389,2.6914,-0.1175
167.410,map,2.6361,2.6933,-0.1165,2.6389,2.6914,-0.1175
167.510,map,2.6361,2.6933,-0.1165,2.6389,2.6914,-0.1175
167.610,map,2.6361,2.6933,-0.1165,2.6389,2.6914,-0.1175
167.710,map,2.6361,2.6933,-0.1165,2.6389,2.6914,-0.1175
167.810,map,2.6361,2.6933,-0.1165,2.6389,2.6914,-0.1175
167.910,map,2.6361,2.6933,-0.1165,2.6389,2.6914,-0.1175
168.010,map,2.6361,2.6933,-0.1165,2.6389,2.6914,-0.1175
168.110,map,2.6361,2.6933,-0.1165,2.6389,2.6914,-0.1175
168.210,map,2.6361,2.6933,-0.1165,2.6389,2.6914,-0.1175
168.310,map,2.6361,2.6933,-0.1165,2.6389,2.6914,-0.1175
168.410,map,2.6361,2.6933,-0.1165,2.6389,2.6914,-0.1175
168.510,map,2.6361,2.6933,-0.1165,2.6389,2.6914,-0.1175
168.610,map,2.6361,2.6933,-0.1165,2.6389,2.6914,-0.1175
168.710,map,2.6361,2.6933,-0.1165,2.6389,2.6914,-0.1175
168.810,map,2.6361,2.6933,-0.1165,2.6389,2.6914,-0.1175
168.910,map,2.6361,2.6933,-0.1165,2.6389,2.6914,-0.1175
169.010,map,2.6361,2.6933,-0.1165,2.6389,2.6914,-0.1175
169.110,map,2.6361,2.6933,-0.1165,2.6389,2.6914,-0.1175
169.210,map,2.6361,2.6933,-0.1165,2.6389,2.6914,-0.1175
169.310,map,2.6361,2.6933,-0.1165,2.6389,2.6914,-0.1175
169.410,map,2.6361,2.6933,-0.1165,2.6389,2.6914,-0.1175
169.510,map,2.6361,2.6933,-0.1165,2.6389,2.6914,-0.1175
169.610,map,2.6361,2.6933,-0.1165,2.6389,2.6914,-0.1175
169.710,map,2.6361,2.6933,-0.1165,2.6389,2.6914,-0.1175
169.810,map,2.6361,2.6933,-0.1165,2.6389,2.6914,-0.1175
169.910,map,2.6361,2.6933,-0.1165,2.6389,2.6914,-0.1175
170.010,map,2.6361,2.6933,-0.1165,2.6389,2.6914,-0.1175
170.110,map,2.6361,2.6933,-0.1165,2.6389,2.6914,-0.1175
170.210,map,2.6361,2.6933,-0.1165,2.6389,2.6914,-0.1175
170.310,map,2.6361,2.6933,-0.1165,2.6389,2.6914,-0.1175
170.410,map,2.6361,2.6933,-0.1165,2.6389,2.6914,-0.1175
170.510,map,2.6361,2.6933,-0.1165,2.6389,2.6914,-0.1175
170.610,map,2.6361,2.6933,-0.1165,2.6389,2.6914,-0.1175
170.710,map,2.6361,2.6933,-0.1165,2.6389,2.6914,-0.1175
170.810,map,2.6361,2.6933,-0.1165,2.6389,2.6914,-0.1175
170.910,map,2.6361,2.6933,-0.1165,2.6389,2.6914,-0.1175
171.010,map,2.6361,2.6933,-0.1165,2.6389,2.6914,-0.1175
171.110,map,2.6361,2.6933,-0.1165,2.6389,2.6914,-0.1175
171.210,map,2.6361,2.6933,-0.1165,2.6389,2.6914,-0.1175
171.310,map,2.6361,2.6933,-0.1165,2.6389,2.6914,-0.1175
171.410,map,2.6361,2.6933,-0.1165,2.6389,2.6914,-0.1175
171.510,map,2.6361,2.6933,-0.1165,2.6389,2.6914,-0.1175
171.610,map,2.6361,2.6933,-0.1165,2.6389,2.6914,-0.1175
171.710,map,2.6361,2.6933,-0.1165,2.6389,2.6914,-0.1175
171.810,map,2.6361,2.6933,-0.1165,2.6389,2.6914,-0.1175
171.910,map,2.6361,2.6933,-0.1165,2.6389,2.6914,-0.1175
172.010,map,2.6361,2.6933,-0.1165,2.6389,2.6914,-0.1175
172.110,map,2.6361,2.6933,-0.1165,2.6389,2.6914,-0.1175
172.210,map,2.6361,2.6933,-0.1165,2.6389,2.6914,-0.1175
172.310,map,2.6361,2.6933,-0.1165,2.6389,2.6914,-0.1175
172.410,map,2.6361,2.6933,-0.1165,2.6389,2.6914,-0.1175
172.510,map,2.6361,2.6933,-0.1165,2.6389,2.6914,-0.1175
172.610,map,2.6361,2.6933,-0.1165,2.6389,2.6914,-0.1175
172.710,map,2.6361,2.6933,-0.1165,2.6389,2.6914,-0.1175
172.810,map,2.6361,2.6933,-0.1165,2.6389,2.6914,-0.1175
172.910,map,2.6361,2.6933,-0.1165,2.6389,2.6914,-0.1175
173.010,map,2.6361,2.6933,-0.1165,2.6389,2.6914,-0.1175
173.110,map,2.6361,2.6933,-0.1165,2.6389,2.6914,-0.1175
173.210,map,2.6361,2.6933,-0.1165,2.6389,2.6914,-0.1175
173.310,map,2.6361,2.6933,-0.1165,2.6389,2.6914,-0.1175
173.410,map,2.6361,2.6933,-0.1165,2.6389,2.6914,-0.1175
173.510,map,2.6361,2.6933,-0.1165,2.6389,2.6914,-0.1175
173.610,map,2.6361,2.6933,-0.1165,2.6389,2.6914,-0.1175
173.710,map,2.6361,2.6933,-0.1165,2.6389,2.6914,-0.1175
173.810,map,2.6361,2.6933,-0.1165,2.6389,2.6914,-0.1175
173.910,map,2.6361,2.6933,-0.1165,2.6389,2.6914,-0.1175
174.010,map,2.6361,2.6933,-0.1165,2.6389,2.6914,-0.1175
174.110,map,2.6361,2.6933,-0.1165,2.6389,2.6914,-0.1175
174.210,map,2.6361,2.6933,-0.1165,2.6389,2.6914,-0.1175
174.310,map,2.6361,2.6933,-0.1165,2.6389,2.6914,-0.1175
174.410,map,2.6361,2.6933,-0.1165,2.6389,2.6914,-0.1175
174.510,map,2.6361,2.6933,-0.1165,2.6389,2.6914,-0.1175
174.610,map,2.6361,2.6933,-0.1165,2.6389,2.6914,-0.1175
174.710,map,2.6361,2.6933,-0.1165,2.6389,2.6914,-0.1175
174.810,map,2.6361,2.6933,-0.1165,2.6389,2.6914,-0.1175
174.910,map,2.6361,2.6933,-0.1165,2.6389,2.6914,-0.1175
175.010,map,2.6361,2.6933,-0.1165,2.6389,2.6914,-0.1175
175.110,map,2.6361,2.6933,-0.1165,2.6389,2.6914,-0.1175
175.210,map,2.6361,2.6933,-0.1165,2.6389,2.6914,-0.1175
175.310,map,2.6361,2.6933,-0.1165,2.6389,2.6914,-0.1175
175.410,map,2.6361,2.6933,-0.1165,2.6389,2.6914,-0.1175
175.510,map,2.6361,2.6933,-0.1165,2.6389,2.6914,-0.1175
175.610,map,2.6361,2.6933,-0.1165,2.6389,2.6914,-0.1175
175.710,map,2.6361,2.6933,-0.1165,2.6389,2.6914,-0.1175
175.810,map,2.6361,2.6933,-0.1165,2.6389,2.6914,-0.1175
175.910,map,2.6361,2.6933,-0.1165,2.6389,2.6914,-0.1175
176.010,map,2.6361,2.6933,-0.1165,2.6389,2.6914,-0.1175
176.110,map,2.6361,2.6933,-0.1165,2.6389,2.6914,-0.1175
176.210,map,2.6361,2.6933,-0.1165,2.6389,2.6914,-0.1175
176.310,map,2.6361,2.6933,-0.1165,2.6389,2.6914,-0.1175
176.410,map,2.6361,2.6933,-0.1165,2.6389,2.6914,-0.1175
176.510,map,2.6361,2.6933,-0.1165,2.6389,2.6914,-0.1175
176.610,map,2.6361,2.6933,-0.1165,2.6389,2.6914,-0.1175
176.710,map,2.6361,2.6933,-0.1165,2.6389,2.6914,-0.1175
176.810,map,2.6361,2.6933,-0.1165,2.6389,2.6914,-0.1175
176.910,map,2.6361,2.6933,-0.1165,2.6389,2.6914,-0.1175
177.010,map,2.6361,2.6933,-0.1165,2.6389,2.6914,-0.1175
177.110,map,2.6361,2.6933,-0.1165,2.6389,2.6914,-0.1175
177.210,map,2.6361,2.6933,-0.1165,2.6389,2.6914,-0.1175
177.310,map,2.6361,2.6933,-0.1165,2.6389,2.6914,-0.1175
177.410,map,2.6361,2.6933,-0.1165,2.6389,2.6914,-0.1175
177.510,map,2.6361,2.6933,-0.1165,2.6389,2.6914,-0.1175
177.610,map,2.6361,2.6933,-0.1165,2.6389,2.6914,-0.1175
177.710,map,2.6361,2.6933,-0.1165,2.6389,2.6914,-0.1175
177.810,map,2.6361,2.6933,-0.1165,2.6389,2.6914,-0.1175
177.910,map,2.6361,2.6933,-0.1165,2.6389,2.6914,-0.1175
178.010,map,2.6361,2.6933,-0.1165,2.6389,2.6914,-0.1175
178.110,map,2.6361,2.6933,-0.1165,2.6389,2.6914,-0.1175
178.210,map,2.6361,2.6933,-0.1165,2.6389,2.6914,-0.1175
178.310,map,2.6361,2.6933,-0.1165,2.6389,2.6914,-0.1175
178.410,map,2.6361,2.6933,-0.1165,2.6389,2.6914,-0.1175
178.510,map,2.6361,2.6933,-0.1165,2.6389,2.6914,-0.1175
178.610,map,2.6361,2.6933,-0.1165,2.6389,2.6914,-0.1175
178.710,map,2.6361,2.6933,-0.1165,2.6389,2.6914,-0.1175
178.810,map,2.6361,2.6933,-0.1165,2.6389,2.6914,-0.1175
178.910,map,2.6361,2.6933,-0.1165,2.6389,2.6914,-0.1175
179.010,map,2.6361,2.6933,-0.1165,2.6389,2.6914,-0.1175
179.110,map,2.6361,2.6933,-0.1165,2.6389,2.6914,-0.1175
179.210,map,2.6361,2.6933,-0.1165,2.6389,2.6914,-0.1175
179.310,map,2.6361,2.6933,-0.1165,2.6389,2.6914,-0.1175
179.410,map,2.6361,2.6933,-0.1165,2.6389,2.6914,-0.1175
179.510,map,2.6361,2.6933,-0.1165,2.6389,2.6914,-0.1175
179.610,map,2.6361,2.6933,-0.1165,2.6389,2.6914,-0.1175
179.710,map,2.6361,2.6933,-0.1165,2.6389,2.6914,-0.1175
179.810,map,2.6361,2.6933,-0.1165,2.6389,2.6914,-0.1175
179.910,map,2.6361,2.6933,-0.1165,2.6389,2.6914,-0.1175
180.010,map,2.6361,2.6933,-0.1165,2.6389,2.6914,-0.1175
180.110,map,2.6361,2.6933,-0.1165,2.6389,2.6914,-0.1175
180.210,map,2.6361,2.6933,-0.1165,2.6389,2.6914,-0.1175
180.310,map,2.6361,2.6933,-0.1165,2.6389,2.6914,-0.1175
180.410,map,2.6361,2.6933,-0.1165,2.6389,2.6914,-0.1175
180.510,map,2.6361,2.6933,-0.1165,2.6389,2.6914,-0.1175
180.610,map,2.6361,2.6933,-0.1165,2.6389,2.6914,-0.1175
180.710,map,2.6361,2.6933,-0.1165,2.6389,2.6914,-0.1175
180.810,map,2.6361,2.6933,-0.1165,2.6389,2.6914,-0.1175
180.910,map,2.6361,2.6933,-0.1165,2.6389,2.6914,-0.1175
181.010,map,2.6361,2.6933,-0.1165,2.6389,2.6914,-0.1175
181.110,map,2.6361,2.6933,-0.1165,2.6389,2.6914,-0.1175
181.210,map,2.6361,2.6933,-0.1165,2.6389,2.6914,-0.1175
181.310,map,2.6361,2.6933,-0.1165,2.6389,2.6914,-0.1175
181.410,map,2.6361,2.6933,-0.1165,2.6389,2.6914,-0.1175
181.510,map,2.6361,2.6933,-0.1165,2.6389,2.6914,-0.1175
181.610,map,2.6361,2.6933,-0.1165,2.6389,2.6914,-0.1175
181.710,map,2.6361,2.6933,-0.1165,2.6389,2.6914,-0.1175
181.810,map,2.6361,2.6933,-0.1165,2.6389,2.6914,-0.1175
181.910,map,2.6361,2.6933,-0.1165,2.6389,2.6914,-0.1175
182.010,map,2.6361,2.6933,-0.1165,2.6389,2.6914,-0.1175
182.110,map,2.6361,2.6933,-0.1165,2.6389,2.6914,-0.1175
182.210,map,2.6361,2.6933,-0.1165,2.6389,2.6914,-0.1175
182.310,map,2.6361,2.6933,-0.1165,2.6389,2.6914,-0.1175
182.410,map,2.6361,2.6933,-0.1165,2.6389,2.6914,-0.1175
182.510,map,2.6361,2.6933,-0.1165,2.6389,2.6914,-0.1175
182.610,map,2.6361,2.6933,-0.1165,2.6389,2.6914,-0.1175
182.710,map,2.6361,2.6933,-0.1165,2.6389,2.6914,-0.1175
182.810,map,2.6361,2.6933,-0.1165,2.6389,2.6914,-0.1175
182.910,map,2.6361,2.6933,-0.1165,2.6389,2.6914,-0.1175
183.010,map,2.6361,2.6933,-0.1165,2.6389,2.6914,-0.1175
183.110,map,2.6361,2.6933,-0.1165,2.6389,2.6914,-0.1175
183.210,map,2.6361,2.6933,-0.1165,2.6389,2.6914,-0.1175
183.310,map,2.6361,2.6933,-0.1165,2.6389,2.6914,-0.1175
183.410,map,2.6361,2.6933,-0.1165,2.6389,2.6914,-0.1175
183.510,map,2.6361,2.6933,-0.1165,2.6389,2.6914,-0.1175
183.610,map,2.6361,2.6933,-0.1165,2.6389,2.6914,-0.1175
183.710,map,2.6361,2.6933,-0.1165,2.6389,2.6914,-0.1175
183.810,map,2.6361,2.6933,-0.1165,2.6389,2.6914,-0.1175
183.910,map,2.6361,2.6933,-0.1165,2.6389,2.6914,-0.1175
184.010,map,2.6361,2.6933,-0.1165,2.6389,2.6914,-0.1175
184.110,map,2.6361,2.6933,-0.1165,2.6389,2.6914,-0.1175
184.210,map,2.6361,2.6933,-0.1165,2.6389,2.6914,-0.1175
184.310,map,2.6361,2.6933,-0.1165,2.6389,2.6914,-0.1175
184.410,map,2.6361,2.6933,-0.1165,2.6389,2.6914,-0.1175
184.510,map,2.6361,2.6933,-0.1165,2.6389,2.6914,-0.1175
184.610,map,2.6361,2.6933,-0.1165,2.6389,2.6914,-0.1175
184.710,map,2.6361,2.6933,-0.1165,2.6389,2.6914,-0.1175
184.810,map,2.6361,2.6933,-0.1165,2.6389,2.6914,-0.1175
184.910,map,2.6361,2.6933,-0.1165,2.6389,2.6914,-0.1175
185.010,map,2.6361,2.6933,-0.1165,2.6389,2.6914,-0.1175
185.110,map,2.6361,2.6933,-0.1165,2.6389,2.6914,-0.1175
185.210,map,2.6361,2.6933,-0.1165,2.6389,2.6914,-0.1175
185.310,map,2.6361,2.6933,-0.1165,2.6389,2.6914,-0.1175
185.410,map,2.6361,2.6933,-0.1165,2.6389,2.6914,-0.1175
185.510,map,2.6361,2.6933,-0.1165,2.6389,2.6914,-0.1175
185.610,map,2.6361,2.6933,-0.1165,2.6389,2.6914,-0.1175
185.710,map,2.6361,2.6933,-0.1165,2.6389,2.6914,-0.1175
185.810,map,2.6361,2.6933,-0.1165,2.6389,2.6914,-0.1175
185.910,map,2.6361,2.6933,-0.1165,2.6389,2.6914,-0.1175
186.010,map,2.6361,2.6933,-0.1165,2.6389,2.6914,-0.1175
186.110,map,2.6361,2.6933,-0.1165,2.6389,2.6914,-0.1175
186.210,map,2.6361,2.6933,-0.1165,2.6389,2.6914,-0.1175
186.310,map,2.6361,2.6933,-0.1165,2.6389,2.6914,-0.1175
186.410,map,2.6361,2.6933,-0.1165,2.6389,2.6914,-0.1175
186.510,map,2.6361,2.6933,-0.1165,2.6389,2.6914,-0.1175
186.610,map,2.6361,2.6933,-0.1165,2.6389,2.6914,-0.1175
186.710,map,2.6361,2.6933,-0.1165,2.6389,2.6914,-0.1175
186.810,map,2.6361,2.6933,-0.1165,2.6389,2.6914,-0.1175
186.910,map,2.6361,2.6933,-0.1165,2.6389,2.6914,-0.1175
187.010,map,2.6361,2.6933,-0.1165,2.6389,2.6914,-0.1175
187.110,map,2.6361,2.6933,-0.1165,2.6389,2.6914,-0.1175
187.210,map,2.6361,2.6933,-0.1165,2.6389,2.6914,-0.1175
187.310,map,2.6361,2.6933,-0.1165,2.6389,2.6914,-0.1175
187.410,map,2.6361,2.6933,-0.1165,2.6389,2.6914,-0.1175
187.510,map,2.6361,2.6933,-0.1165,2.6389,2.6914,-0.1175
187.610,map,2.6361,2.6933,-0.1165,2.6389,2.6914,-0.1175
187.710,map,2.6361,2.6933,-0.1165,2.6389,2.6914,-0.1175
187.810,map,2.6361,2.6933,-0.1165,2.6389,2.6914,-0.1175
187.910,map,2.6361,2.6933,-0.1165,2.6389,2.6914,-0.1175
188.010,map,2.6361,2.6933,-0.1165,2.6389,2.6914,-0.1175
188.110,map,2.6361,2.6933,-0.1165,2.6389,2.6914,-0.1175
188.210,map,2.6361,2.6933,-0.1165,2.6389,2.6914,-0.1175
188.310,map,2.6361,2.6933,-0.1165,2.6389,2.6914,-0.1175
188.410,map,2.6361,2.6933,-0.1165,2.6389,2.6914,-0.1175
188.510,map,2.6361,2.6933,-0.1165,2.6389,2.6914,-0.1175
188.610,map,2.6361,2.6933,-0.1165,2.6389,2.6914,-0.1175
188.710,map,2.6361,2.6933,-0.1165,2.6389,2.6914,-0.1175
188.810,map,2.6361,2.6933,-0.1165,2.6389,2.6914,-0.1175
188.910,map,2.6361,2.6933,-0.1165,2.6389,2.6914,-0.1175
189.010,map,2.6361,2.6933,-0.1165,2.6389,2.6914,-0.1175
189.110,map,2.6361,2.6933,-0.1165,2.6389,2.6914,-0.1175
189.210,map,2.6361,2.6933,-0.1165,2.6389,2.6914,-0.1175
189.310,map,2.6361,2.6933,-0.1165,2.6389,2.6914,-0.1175
189.410,map,2.6361,2.6933,-0.1165,2.6389,2.6914,-0.1175
189.510,map,2.6361,2.6933,-0.1165,2.6389,2.6914,-0.1175
189.610,map,2.6361,2.6933,-0.1165,2.6389,2.6914,-0.1175
189.710,map,2.6361,2.6933,-0.1165,2.6389,2.6914,-0.1175
189.810,map,2.6361,2.6933,-0.1165,2.6389,2.6914,-0.1175
189.910,map,2.6361,2.6933,-0.1165,2.6389,2.6914,-0.1175
190.010,map,2.6361,2.6933,-0.1165,2.6389,2.6914,-0.1175
190.110,map,2.6361,2.6933,-0.1165,2.6389,2.6914,-0.1175
190.210,map,2.6361,2.6933,-0.1165,2.6389,2.6914,-0.1175
190.310,map,2.6361,2.6933,-0.1165,2.6389,2.6914,-0.1175
190.410,map,2.6361,2.6933,-0.1165,2.6389,2.6914,-0.1175
190.510,map,2.6361,2.6933,-0.1165,2.6389,2.6914,-0.1175
190.610,map,2.6361,2.6933,-0.1165,2.6389,2.6914,-0.1175
190.710,map,2.6361,2.6933,-0.1165,2.6389,2.6914,-0.1175
190.810,map,2.6361,2.6933,-0.1165,2.6389,2.6914,-0.1175
190.910,map,2.6361,2.6933,-0.1165,2.6389,2.6914,-0.1175
191.010,map,2.6361,2.6933,-0.1165,2.6389,2.6914,-0.1175
191.110,map,2.6361,2.6933,-0.1165,2.6389,2.6914,-0.1175
191.210,map,2.6361,2.6933,-0.1165,2.6389,2.6914,-0.1175
191.310,map,2.6361,2.6933,-0.1165,2.6389,2.6914,-0.1175
191.410,map,2.6361,2.6933,-0.1165,2.6389,2.6914,-0.1175
191.510,map,2.6361,2.6933,-0.1165,2.6389,2.6914,-0.1175
191.610,map,2.6361,2.6933,-0.1165,2.6389,2.6914,-0.1175
191.710,map,2.6361,2.6933,-0.1165,2.6389,2.6914,-0.1175
191.810,map,2.6361,2.6933,-0.1165,2.6389,2.6914,-0.1175
191.910,map,2.6361,2.6933,-0.1165,2.6389,2.6914,-0.1175
192.010,map,2.6361,2.6933,-0.1165,2.6389,2.6914,-0.1175
192.110,map,2.6361,2.6933,-0.1165,2.6389,2.6914,-0.1175
192.210,map,2.6361,2.6933,-0.1165,2.6389,2.6914,-0.1175
192.310,map,2.6361,2.6933,-0.1165,2.6389,2.6914,-0.1175
192.410,map,2.6361,2.6933,-0.1165,2.6389,2.6914,-0.1175
192.510,map,2.6361,2.6933,-0.1165,2.6389,2.6914,-0.1175
192.610,map,2.6361,2.6933,-0.1165,2.6389,2.6914,-0.1175
192.710,map,2.6361,2.6933,-0.1165,2.6389,2.6914,-0.1175
192.810,map,2.6361,2.6933,-0.1165,2.6389,2.6914,-0.1175
192.910,map,2.6361,2.6933,-0.1165,2.6389,2.6914,-0.1175
193.010,map,2.6361,2.6933,-0.1165,2.6389,2.6914,-0.1175
193.110,map,2.6361,2.6933,-0.1165,2.6389,2.6914,-0.1175
193.210,map,2.6361,2.6933,-0.1165,2.6389,2.6914,-0.1175
193.310,map,2.6361,2.6933,-0.1165,2.6389,2.6914,-0.1175
193.410,map,2.6361,2.6933,-0.1165,2.6389,2.6914,-0.1175
193.510,map,2.6361,2.6933,-0.1165,2.6389,2.6914,-0.1175
193.610,map,2.6361,2.6933,-0.1165,2.6389,2.6914,-0.1175
193.710,map,2.6361,2.6933,-0.1165,2.6389,2.6914,-0.1175
193.810,map,2.6361,2.6933,-0.1165,2.6389,2.6914,-0.1175
193.910,map,2.6361,2.6933,-0.1165,2.6389,2.6914,-0.1175
194.010,map,2.6361,2.6933,-0.1165,2.6389,2.6914,-0.1175
194.110,map,2.6361,2.6933,-0.1165,2.6389,2.6914,-0.1175
194.210,map,2.6361,2.6933,-0.1165,2.6389,2.6914,-0.1175
194.310,map,2.6361,2.6933,-0.1165,2.6389,2.6914,-0.1175
194.410,map,2.6361,2.6933,-0.1165,2.6389,2.6914,-0.1175
194.510,map,2.6361,2.6933,-0.1165,2.6389,2.6914,-0.1175
194.610,map,2.6361,2.6933,-0.1165,2.6389,2.6914,-0.1175
194.710,map,2.6361,2.6933,-0.1165,2.6389,2.6914,-0.1175
194.810,map,2.6361,2.6933,-0.1165,2.6389,2.6914,-0.1175
194.910,map,2.6361,2.6933,-0.1165,2.6389,2.6914,-0.1175
195.010,map,2.6361,2.6933,-0.1165,2.6389,2.6914,-0.1175
195.110,map,2.6361,2.6933,-0.1165,2.6389,2.6914,-0.1175
195.210,map,2.6361,2.6933,-0.1165,2.6389,2.6914,-0.1175
195.310,map,2.6361,2.6933,-0.1165,2.6389,2.6914,-0.1175
195.410,map,2.6361,2.6933,-0.1165,2.6389,2.6914,-0.1175
195.510,map,2.6361,2.6933,-0.1165,2.6389,2.6914,-0.1175
195.610,map,2.6361,2.6933,-0.1165,2.6389,2.6914,-0.1175
195.710,map,2.6361,2.6933,-0.1165,2.6389,2.6914,-0.1175
195.810,map,2.6361,2.6933,-0.1165,2.6389,2.6914,-0.1175
195.910,map,2.6361,2.6933,-0.1165,2.6389,2.6914,-0.1175
196.010,map,2.6361,2.6933,-0.1165,2.6389,2.6914,-0.1175
196.110,map,2.6361,2.6933,-0.1165,2.6389,2.6914,-0.1175
196.210,map,2.6361,2.6933,-0.1165,2.6389,2.6914,-0.1175
196.310,map,2.6361,2.6933,-0.1165,2.6389,2.6914,-0.1175
196.410,map,2.6361,2.6933,-0.1165,2.6389,2.6914,-0.1175
196.510,map,2.6361,2.6933,-0.1165,2.6389,2.6914,-0.1175
196.610,map,2.6361,2.6933,-0.1165,2.6389,2.6914,-0.1175
196.710,map,2.6361,2.6933,-0.1165,2.6389,2.6914,-0.1175
196.810,map,2.6361,2.6933,-0.1165,2.6389,2.6914,-0.1175
196.910,map,2.6361,2.6933,-0.1165,2.6389,2.6914,-0.1175
197.010,map,2.6361,2.6933,-0.1165,2.6389,2.6914,-0.1175
197.110,map,2.6361,2.6933,-0.1165,2.6389,2.6914,-0.1175
197.210,map,2.6361,2.6933,-0.1165,2.6389,2.6914,-0.1175
197.310,map,2.6361,2.6933,-0.1165,2.6389,2.6914,-0.1175
197.410,map,2.6361,2.6933,-0.1165,2.6389,2.6914,-0.1175
197.510,map,2.6361,2.6933,-0.1165,2.6389,2.6914,-0.1175
197.610,map,2.6361,2.6933,-0.1165,2.6389,2.6914,-0.1175
197.710,map,2.6361,2.6933,-0.1165,2.6389,2.6914,-0.1175
197.810,map,2.6361,2.6933,-0.1165,2.6389,2.6914,-0.1175
197.910,map,2.6361,2.6933,-0.1165,2.6389,2.6914,-0.1175
198.010,map,2.6361,2.6933,-0.1165,2.6389,2.6914,-0.1175
198.110,map,2.6361,2.6933,-0.1165,2.6389,2.6914,-0.1175
198.210,map,2.6361,2.6933,-0.1165,2.6389,2.6914,-0.1175
198.310,map,2.6361,2.6933,-0.1165,2.6389,2.6914,-0.1175
198.410,map,2.6361,2.6933,-0.1165,2.6389,2.6914,-0.1175
198.510,map,2.6361,2.6933,-0.1165,2.6389,2.6914,-0.1175
198.610,map,2.6361,2.6933,-0.1165,2.6389,2.6914,-0.1175
198.710,map,2.6361,2.6933,-0.1165,2.6389,2.6914,-0.1175
198.810,map,2.6361,2.6933,-0.1165,2.6389,2.6914,-0.1175
198.910,map,2.6361,2.6933,-0.1165,2.6389,2.6914,-0.1175
199.010,map,2.6361,2.6933,-0.1165,2.6389,2.6914,-0.1175
199.110,map,2.6361,2.6933,-0.1165,2.6389,2.6914,-0.1175
199.210,map,2.6361,2.6933,-0.1165,2.6389,2.6914,-0.1175
199.310,map,2.6361,2.6933,-0.1165,2.6389,2.6914,-0.1175
199.410,map,2.6361,2.6933,-0.1165,2.6389,2.6914,-0.1175
199.510,map,2.6361,2.6933,-0.1165,2.6389,2.6914,-0.1175
199.610,map,2.6361,2.6933,-0.1165,2.6389,2.6914,-0.1175
199.710,map,2.6361,2.6933,-0.1165,2.6389,2.6914,-0.1175
199.810,map,2.6361,2.6933,-0.1165,2.6389,2.6914,-0.1175
199.910,map,2.6361,2.6933,-0.1165,2.6389,2.6914,-0.1175
200.010,map,2.6361,2.6933,-0.1165,2.6389,2.6914,-0.1175
200.110,map,2.6361,2.6933,-0.1165,2.6389,2.6914,-0.1175
200.210,map,2.6361,2.6933,-0.1165,2.6389,2.6914,-0.1175
200.310,map,2.6361,2.6933,-0.1165,2.6389,2.6914,-0.1175
200.410,map,2.6361,2.6933,-0.1165,2.6389,2.6914,-0.1175
200.510,map,2.6361,2.6933,-0.1165,2.6389,2.6914,-0.1175
200.610,map,2.6361,2.6933,-0.1165,2.6389,2.6914,-0.1175
200.710,map,2.6361,2.6933,-0.1165,2.6389,2.6914,-0.1175
200.810,map,2.6361,2.6933,-0.1165,2.6389,2.6914,-0.1175
200.910,map,2.6361,2.6933,-0.1165,2.6389,2.6914,-0.1175
201.010,map,2.6361,2.6933,-0.1165,2.6389,2.6914,-0.1175
201.110,map,2.6361,2.6933,-0.1165,2.6389,2.6914,-0.1175
201.210,map,2.6361,2.6933,-0.1165,2.6389,2.6914,-0.1175
201.310,map,2.6361,2.6933,-0.1165,2.6389,2.6914,-0.1175
201.410,map,2.6361,2.6933,-0.1165,2.6389,2.6914,-0.1175
201.510,map,2.6361,2.6933,-0.1165,2.6389,2.6914,-0.1175
201.610,map,2.6361,2.6933,-0.1165,2.6389,2.6914,-0.1175
201.710,map,2.6361,2.6933,-0.1165,2.6389,2.6914,-0.1175
201.810,map,2.6361,2.6933,-0.1165,2.6389,2.6914,-0.1175
201.910,map,2.6361,2.6933,-0.1165,2.6389,2.6914,-0.1175
202.010,map,2.6361,2.6933,-0.1165,2.6389,2.6914,-0.1175
202.110,map,2.6361,2.6933,-0.1165,2.6389,2.6914,-0.1175
202.210,map,2.6361,2.6933,-0.1165,2.6389,2.6914,-0.1175
202.310,map,2.6361,2.6933,-0.1165,2.6389,2.6914,-0.1175
202.410,map,2.6361,2.6933,-0.1165,2.6389,2.6914,-0.1175
202.510,map,2.6361,2.6933,-0.1165,2.6389,2.6914,-0.1175
202.610,map,2.6361,2.6933,-0.1165,2.6389,2.6914,-0.1175
202.710,map,2.6361,2.6933,-0.1165,2.6389,2.6914,-0.1175
202.810,map,2.6361,2.6933,-0.1165,2.6389,2.6914,-0.1175
202.910,map,2.6361,2.6933,-0.1165,2.6389,2.6914,-0.1175
203.010,map,2.6361,2.6933,-0.1165,2.6389,2.6914,-0.1175
203.110,map,2.6361,2.6933,-0.1165,2.6389,2.6914,-0.1175
203.210,map,2.6361,2.6933,-0.1165,2.6389,2.6914,-0.1175
203.310,map,2.6361,2.6933,-0.1165,2.6389,2.6914,-0.1175
203.410,map,2.6361,2.6933,-0.1165,2.6389,2.6914,-0.1175
203.510,map,2.6361,2.6933,-0.1165,2.6389,2.6914,-0.1175
203.610,map,2.6361,2.6933,-0.1165,2.6389,2.6914,-0.1175
203.710,map,2.6361,2.6933,-0.1165,2.6389,2.6914,-0.1175
203.810,map,2.6361,2.6933,-0.1165,2.6389,2.6914,-0.1175
203.910,map,2.6361,2.6933,-0.1165,2.6389,2.6914,-0.1175
204.010,map,2.6361,2.6933,-0.1165,2.6389,2.6914,-0.1175
204.110,map,2.6361,2.6933,-0.1165,2.6389,2.6914,-0.1175
204.210,map,2.6361,2.6933,-0.1165,2.6389,2.6914,-0.1175
204.310,map,2.6361,2.6933,-0.1165,2.6389,2.6914,-0.1175
204.410,map,2.6361,2.6933,-0.1165,2.6389,2.6914,-0.1175
204.510,map,2.6361,2.6933,-0.1165,2.6389,2.6914,-0.1175
204.610,map,2.6361,2.6933,-0.1165,2.6389,2.6914,-0.1175
204.710,map,2.6361,2.6933,-0.1165,2.6389,2.6914,-0.1175
204.810,map,2.6361,2.6933,-0.1165,2.6389,2.6914,-0.1175
204.910,map,2.6361,2.6933,-0.1165,2.6389,2.6914,-0.1175
205.010,map,2.6361,2.6933,-0.1165,2.6389,2.6914,-0.1175
205.110,map,2.6361,2.6933,-0.1165,2.6389,2.6914,-0.1175
205.210,map,2.6361,2.6933,-0.1165,2.6389,2.6914,-0.1175
205.310,map,2.6361,2.6933,-0.1165,2.6389,2.6914,-0.1175
205.410,map,2.6361,2.6933,-0.1165,2.6389,2.6914,-0.1175
205.510,map,2.6361,2.6933,-0.1165,2.6389,2.6914,-0.1175
205.610,map,2.6361,2.6933,-0.1165,2.6389,2.6914,-0.1175
205.710,map,2.6361,2.6933,-0.1165,2.6389,2.6914,-0.1175
205.810,map,2.6361,2.6933,-0.1165,2.6389,2.6914,-0.1175
205.910,map,2.6361,2.6933,-0.1165,2.6389,2.6914,-0.1175
206.010,map,2.6361,2.6933,-0.1165,2.6389,2.6914,-0.1175
206.110,map,2.6361,2.6933,-0.1165,2.6389,2.6914,-0.1175
206.210,map,2.6361,2.6933,-0.1165,2.6389,2.6914,-0.1175
206.310,map,2.6361,2.6933,-0.1165,2.6389,2.6914,-0.1175
206.410,map,2.6361,2.6933,-0.1165,2.6389,2.6914,-0.1175
206.510,map,2.6361,2.6933,-0.1165,2.6389,2.6914,-0.1175
206.610,map,2.6361,2.6933,-0.1165,2.6389,2.6914,-0.1175
206.710,map,2.6361,2.6933,-0.1165,2.6389,2.6914,-0.1175
206.810,map,2.6361,2.6933,-0.1165,2.6389,2.6914,-0.1175
206.910,map,2.6361,2.6933,-0.1165,2.6389,2.6914,-0.1175
207.010,map,2.6361,2.6933,-0.1165,2.6389,2.6914,-0.1175
207.110,map,2.6361,2.6933,-0.1165,2.6389,2.6914,-0.1175
207.210,map,2.6361,2.6933,-0.1165,2.6389,2.6914,-0.1175
207.310,map,2.6361,2.6933,-0.1165,2.6389,2.6914,-0.1175
207.410,map,2.6361,2.6933,-0.1165,2.6389,2.6914,-0.1175
207.510,map,2.6361,2.6933,-0.1165,2.6389,2.6914,-0.1175
207.610,map,2.6361,2.6933,-0.1165,2.6389,2.6914,-0.1175
207.710,map,2.6361,2.6933,-0.1165,2.6389,2.6914,-0.1175
207.810,map,2.6361,2.6933,-0.1165,2.6389,2.6914,-0.1175
207.910,map,2.6361,2.6933,-0.1165,2.6389,2.6914,-0.1175
208.010,map,2.6361,2.6933,-0.1165,2.6389,2.6914,-0.1175
208.110,map,2.6361,2.6933,-0.1165,2.6389,2.6914,-0.1175
208.210,map,2.6361,2.6933,-0.1165,2.6389,2.6914,-0.1175
208.310,map,2.6361,2.6933,-0.1165,2.6389,2.6914,-0.1175
208.410,map,2.6361,2.6933,-0.1165,2.6389,2.6914,-0.1175
208.510,map,2.6361,2.6933,-0.1165,2.6389,2.6914,-0.1175
208.610,map,2.6361,2.6933,-0.1165,2.6389,2.6914,-0.1175
208.710,map,2.6361,2.6933,-0.1165,2.6389,2.6914,-0.1175
208.810,map,2.6361,2.6933,-0.1165,2.6389,2.6914,-0.1175
208.910,map,2.6361,2.6933,-0.1165,2.6389,2.6914,-0.1175
209.010,map,2.6361,2.6933,-0.1165,2.6389,2.6914,-0.1175
209.110,map,2.6361,2.6933,-0.1165,2.6389,2.6914,-0.1175
209.210,map,2.6361,2.6933,-0.1165,2.6389,2.6914,-0.1175
209.310,map,2.6361,2.6933,-0.1165,2.6389,2.6914,-0.1175
209.410,map,2.6361,2.6933,-0.1165,2.6389,2.6914,-0.1175
209.510,map,2.6361,2.6933,-0.1165,2.6389,2.6914,-0.1175
209.610,map,2.6361,2.6933,-0.1165,2.6389,2.6914,-0.1175
209.710,map,2.6361,2.6933,-0.1165,2.6389,2.6914,-0.1175
209.810,map,2.6361,2.6933,-0.1165,2.6389,2.6914,-0.1175
209.910,map,2.6361,2.6933,-0.1165,2.6389,2.6914,-0.1175
210.010,map,2.6361,2.6933,-0.1165,2.6389,2.6914,-0.1175
210.110,map,2.6361,2.6933,-0.1165,2.6389,2.6914,-0.1175
210.210,map,2.6361,2.6933,-0.1165,2.6389,2.6914,-0.1175
210.310,map,2.6361,2.6933,-0.1165,2.6389,2.6914,-0.1175
210.410,map,2.6361,2.6933,-0.1165,2.6389,2.6914,-0.1175
210.510,map,2.6361,2.6933,-0.1165,2.6389,2.6914,-0.1175
210.610,map,2.6361,2.6933,-0.1165,2.6389,2.6914,-0.1175
210.710,map,2.6361,2.6933,-0.1165,2.6389,2.6914,-0.1175
210.810,map,2.6361,2.6933,-0.1165,2.6389,2.6914,-0.1175
210.910,map,2.6361,2.6933,-0.1165,2.6389,2.6914,-0.1175
211.010,map,2.6361,2.6933,-0.1165,2.6389,2.6914,-0.1175
211.110,map,2.6361,2.6933,-0.1165,2.6389,2.6914,-0.1175
211.210,map,2.6361,2.6933,-0.1165,2.6389,2.6914,-0.1175
211.310,map,2.6361,2.6933,-0.1165,2.6389,2.6914,-0.1175
211.410,map,2.6361,2.6933,-0.1165,2.6389,2.6914,-0.1175
211.510,map,2.6361,2.6933,-0.1165,2.6389,2.6914,-0.1175
211.610,map,2.6361,2.6933,-0.1165,2.6389,2.6914,-0.1175
211.710,map,2.6361,2.6933,-0.1165,2.6389,2.6914,-0.1175
211.810,map,2.6361,2.6933,-0.1165,2.6389,2.6914,-0.1175
211.910,map,2.6361,2.6933,-0.1165,2.6389,2.6914,-0.1175
212.010,map,2.6361,2.6933,-0.1165,2.6389,2.6914,-0.1175
212.110,map,2.6361,2.6933,-0.1165,2.6389,2.6914,-0.1175
212.210,map,2.6361,2.6933,-0.1165,2.6389,2.6914,-0.1175
212.310,map,2.6361,2.6933,-0.1165,2.6389,2.6914,-0.1175
212.410,map,2.6361,2.6933,-0.1165,2.6389,2.6914,-0.1175
212.510,map,2.6361,2.6933,-0.1165,2.6389,2.6914,-0.1175
212.610,map,2.6361,2.6933,-0.1165,2.6389,2.6914,-0.1175
212.710,map,2.6361,2.6933,-0.1165,2.6389,2.6914,-0.1175
212.810,map,2.6361,2.6933,-0.1165,2.6389,2.6914,-0.1175
212.910,map,2.6361,2.6933,-0.1165,2.6389,2.6914,-0.1175
213.010,map,2.6361,2.6933,-0.1165,2.6389,2.6914,-0.1175
213.110,map,2.6361,2.6933,-0.1165,2.6389,2.6914,-0.1175
213.210,map,2.6361,2.6933,-0.1165,2.6389,2.6914,-0.1175
213.310,map,2.6361,2.6933,-0.1165,2.6389,2.6914,-0.1175
213.410,map,2.6361,2.6933,-0.1165,2.6389,2.6914,-0.1175
213.510,map,2.6361,2.6933,-0.1165,2.6389,2.6914,-0.1175
213.610,map,2.6361,2.6933,-0.1165,2.6389,2.6914,-0.1175
213.710,map,2.6361,2.6933,-0.1165,2.6389,2.6914,-0.1175
213.810,map,2.6361,2.6933,-0.1165,2.6389,2.6914,-0.1175
213.910,map,2.6361,2.6933,-0.1165,2.6389,2.6914,-0.1175
214.010,map,2.6361,2.6933,-0.1165,2.6389,2.6914,-0.1175
214.110,map,2.6361,2.6933,-0.1165,2.6389,2.6914,-0.1175
214.210,map,2.6361,2.6933,-0.1165,2.6389,2.6914,-0.1175
214.310,map,2.6361,2.6933,-0.1165,2.6389,2.6914,-0.1175
214.410,map,2.6361,2.6933,-0.1165,2.6389,2.6914,-0.1175
214.510,map,2.6361,2.6933,-0.1165,2.6389,2.6914,-0.1175
214.610,map,2.6361,2.6933,-0.1165,2.6389,2.6914,-0.1175
214.710,map,2.6361,2.6933,-0.1165,2.6389,2.6914,-0.1175
214.810,map,2.6361,2.6933,-0.1165,2.6389,2.6914,-0.1175
214.910,map,2.6361,2.6933,-0.1165,2.6389,2.6914,-0.1175
215.010,map,2.6361,2.6933,-0.1165,2.6389,2.6914,-0.1175
215.110,map,2.6361,2.6933,-0.1165,2.6389,2.6914,-0.1175
215.210,map,2.6361,2.6933,-0.1165,2.6389,2.6914,-0.1175
215.310,map,2.6361,2.6933,-0.1165,2.6389,2.6914,-0.1175
215.410,map,2.6361,2.6933,-0.1165,2.6389,2.6914,-0.1175
215.510,map,2.6361,2.6933,-0.1165,2.6389,2.6914,-0.1175
215.610,map,2.6361,2.6933,-0.1165,2.6389,2.6914,-0.1175
215.710,map,2.6361,2.6933,-0.1165,2.6389,2.6914,-0.1175
215.810,map,2.6361,2.6933,-0.1165,2.6389,2.6914,-0.1175
215.910,map,2.6361,2.6933,-0.1165,2.6389,2.6914,-0.1175
216.010,map,2.6361,2.6933,-0.1165,2.6389,2.6914,-0.1175
216.110,map,2.6361,2.6933,-0.1165,2.6389,2.6914,-0.1175
216.210,map,2.6361,2.6933,-0.1165,2.6389,2.6914,-0.1175
216.310,map,2.6361,2.6933,-0.1165,2.6389,2.6914,-0.1175
216.410,map,2.6361,2.6933,-0.1165,2.6389,2.6914,-0.1175
216.510,map,2.6361,2.6933,-0.1165,2.6389,2.6914,-0.1175
216.610,map,2.6361,2.6933,-0.1165,2.6389,2.6914,-0.1175
216.710,map,2.6361,2.6933,-0.1165,2.6389,2.6914,-0.1175
216.810,map,2.6361,2.6933,-0.1165,2.6389,2.6914,-0.1175
216.910,map,2.6361,2.6933,-0.1165,2.6389,2.6914,-0.1175
217.010,map,2.6361,2.6933,-0.1165,2.6389,2.6914,-0.1175
217.110,map,2.6361,2.6933,-0.1165,2.6389,2.6914,-0.1175
217.210,map,2.6361,2.6933,-0.1165,2.6389,2.6914,-0.1175
217.310,map,2.6361,2.6933,-0.1165,2.6389,2.6914,-0.1175
217.410,map,2.6361,2.6933,-0.1165,2.6389,2.6914,-0.1175
217.510,map,2.6361,2.6933,-0.1165,2.6389,2.6914,-0.1175
217.610,map,2.6361,2.6933,-0.1165,2.6389,2.6914,-0.1175
217.710,map,2.6361,2.6933,-0.1165,2.6389,2.6914,-0.1175
217.810,map,2.6361,2.6933,-0.1165,2.6389,2.6914,-0.1175
217.910,map,2.6361,2.6933,-0.1165,2.6389,2.6914,-0.1175
218.010,map,2.6361,2.6933,-0.1165,2.6389,2.6914,-0.1175
218.110,map,2.6361,2.6933,-0.1165,2.6389,2.6914,-0.1175
218.210,map,2.6361,2.6933,-0.1165,2.6389,2.6914,-0.1175
218.310,map,2.6361,2.6933,-0.1165,2.6389,2.6914,-0.1175
218.410,map,2.6361,2.6933,-0.1165,2.6389,2.6914,-0.1175
218.510,map,2.6361,2.6933,-0.1165,2.6389,2.6914,-0.1175
218.610,map,2.6361,2.6933,-0.1165,2.6389,2.6914,-0.1175
218.710,map,2.6361,2.6933,-0.1165,2.6389,2.6914,-0.1175
218.810,map,2.6361,2.6933,-0.1165,2.6389,2.6914,-0.1175
218.910,map,2.6361,2.6933,-0.1165,2.6389,2.6914,-0.1175
219.010,map,2.6361,2.6933,-0.1165,2.6389,2.6914,-0.1175
219.110,map,2.6361,2.6933,-0.1165,2.6389,2.6914,-0.1175
219.210,map,2.6361,2.6933,-0.1165,2.6389,2.6914,-0.1175
219.310,map,2.6361,2.6933,-0.1165,2.6389,2.6914,-0.1175
219.410,map,2.6361,2.6933,-0.1165,2.6389,2.6914,-0.1175
219.510,map,2.6361,2.6933,-0.1165,2.6389,2.6914,-0.1175
219.610,map,2.6361,2.6933,-0.1165,2.6389,2.6914,-0.1175
219.710,map,2.6361,2.6933,-0.1165,2.6389,2.6914,-0.1175
219.810,map,2.6361,2.6933,-0.1165,2.6389,2.6914,-0.1175
219.910,map,2.6361,2.6933,-0.1165,2.6389,2.6914,-0.1175
220.010,map,2.6361,2.6933,-0.1165,2.6389,2.6914,-0.1175
220.110,map,2.6361,2.6933,-0.1165,2.6389,2.6914,-0.1175
220.210,map,2.6361,2.6933,-0.1165,2.6389,2.6914,-0.1175
220.310,map,2.6361,2.6933,-0.1165,2.6389,2.6914,-0.1175
220.410,map,2.6361,2.6933,-0.1165,2.6389,2.6914,-0.1175
220.510,map,2.6361,2.6933,-0.1165,2.6389,2.6914,-0.1175
220.610,map,2.6361,2.6933,-0.1165,2.6389,2.6914,-0.1175
220.710,map,2.6361,2.6933,-0.1165,2.6389,2.6914,-0.1175
220.810,map,2.6361,2.6933,-0.1165,2.6389,2.6914,-0.1175
220.910,map,2.6361,2.6933,-0.1165,2.6389,2.6914,-0.1175
221.010,map,2.6361,2.6933,-0.1165,2.6389,2.6914,-0.1175
221.110,map,2.6361,2.6933,-0.1165,2.6389,2.6914,-0.1175
221.210,map,2.6361,2.6933,-0.1165,2.6389,2.6914,-0.1175
221.310,map,2.6361,2.6933,-0.1165,2.6389,2.6914,-0.1175
221.410,map,2.6361,2.6933,-0.1165,2.6389,2.6914,-0.1175
221.510,map,2.6361,2.6933,-0.1165,2.6389,2.6914,-0.1175
221.610,map,2.6361,2.6933,-0.1165,2.6389,2.6914,-0.1175
221.710,map,2.6361,2.6933,-0.1165,2.6389,2.6914,-0.1175
221.810,map,2.6361,2.6933,-0.1165,2.6389,2.6914,-0.1175
221.910,map,2.6361,2.6933,-0.1165,2.6389,2.6914,-0.1175
222.010,map,2.6361,2.6933,-0.1165,2.6389,2.6914,-0.1175
222.110,map,2.6361,2.6933,-0.1165,2.6389,2.6914,-0.1175
222.210,map,2.6361,2.6933,-0.1165,2.6389,2.6914,-0.1175
222.310,map,2.6361,2.6933,-0.1165,2.6389,2.6914,-0.1175
222.410,map,2.6361,2.6933,-0.1165,2.6389,2.6914,-0.1175
222.510,map,2.6361,2.6933,-0.1165,2.6389,2.6914,-0.1175
222.610,map,2.6361,2.6933,-0.1165,2.6389,2.6914,-0.1175
222.710,map,2.6361,2.6933,-0.1165,2.6389,2.6914,-0.1175
222.810,map,2.6361,2.6933,-0.1165,2.6389,2.6914,-0.1175
222.910,map,2.6361,2.6933,-0.1165,2.6389,2.6914,-0.1175
223.010,map,2.6361,2.6933,-0.1165,2.6389,2.6914,-0.1175
223.110,map,2.6361,2.6933,-0.1165,2.6389,2.6914,-0.1175
223.210,map,2.6361,2.6933,-0.1165,2.6389,2.6914,-0.1175
223.310,map,2.6361,2.6933,-0.1165,2.6389,2.6914,-0.1175
223.410,map,2.6361,2.6933,-0.1165,2.6389,2.6914,-0.1175
223.510,map,2.6361,2.6933,-0.1165,2.6389,2.6914,-0.1175
223.610,map,2.6361,2.6933,-0.1165,2.6389,2.6914,-0.1175
223.710,map,2.6361,2.6933,-0.1165,2.6389,2.6914,-0.1175
223.810,map,2.6361,2.6933,-0.1165,2.6389,2.6914,-0.1175
223.910,map,2.6361,2.6933,-0.1165,2.6389,2.6914,-0.1175
224.010,map,2.6361,2.6933,-0.1165,2.6389,2.6914,-0.1175
224.110,map,2.6361,2.6933,-0.1165,2.6389,2.6914,-0.1175
224.210,map,2.6361,2.6933,-0.1165,2.6389,2.6914,-0.1175
224.310,map,2.6361,2.6933,-0.1165,2.6389,2.6914,-0.1175
224.410,map,2.6361,2.6933,-0.1165,2.6389,2.6914,-0.1175
224.510,map,2.6361,2.6933,-0.1165,2.6389,2.6914,-0.1175
224.610,map,2.6361,2.6933,-0.1165,2.6389,2.6914,-0.1175
224.710,map,2.6361,2.6933,-0.1165,2.6389,2.6914,-0.1175
224.810,map,2.6361,2.6933,-0.1165,2.6389,2.6914,-0.1175
224.910,map,2.6361,2.6933,-0.1165,2.6389,2.6914,-0.1175
225.010,map,2.6361,2.6933,-0.1165,2.6389,2.6914,-0.1175
225.110,map,2.6361,2.6933,-0.1165,2.6389,2.6914,-0.1175
225.210,map,2.6361,2.6933,-0.1165,2.6389,2.6914,-0.1175
225.310,map,2.6361,2.6933,-0.1165,2.6389,2.6914,-0.1175
225.410,map,2.6361,2.6933,-0.1165,2.6389,2.6914,-0.1175
225.510,map,2.6361,2.6933,-0.1165,2.6389,2.6914,-0.1175
225.610,map,2.6361,2.6933,-0.1165,2.6389,2.6914,-0.1175
225.710,map,2.6361,2.6933,-0.1165,2.6389,2.6914,-0.1175
225.810,map,2.6361,2.6933,-0.1165,2.6389,2.6914,-0.1175
225.910,map,2.6361,2.6933,-0.1165,2.6389,2.6914,-0.1175
226.010,map,2.6361,2.6933,-0.1165,2.6389,2.6914,-0.1175
226.110,map,2.6361,2.6933,-0.1165,2.6389,2.6914,-0.1175
226.210,map,2.6361,2.6933,-0.1165,2.6389,2.6914,-0.1175
226.310,map,2.6361,2.6933,-0.1165,2.6389,2.6914,-0.1175
226.410,map,2.6361,2.6933,-0.1165,2.6389,2.6914,-0.1175
226.510,map,2.6361,2.6933,-0.1165,2.6389,2.6914,-0.1175
226.610,map,2.6361,2.6933,-0.1165,2.6389,2.6914,-0.1175
226.710,map,2.6361,2.6933,-0.1165,2.6389,2.6914,-0.1175
226.810,map,2.6361,2.6933,-0.1165,2.6389,2.6914,-0.1175
226.910,map,2.6361,2.6933,-0.1165,2.6389,2.6914,-0.1175
227.010,map,2.6361,2.6933,-0.1165,2.6389,2.6914,-0.1175
227.110,map,2.6361,2.6933,-0.1165,2.6389,2.6914,-0.1175
227.210,map,2.6361,2.6933,-0.1165,2.6389,2.6914,-0.1175
227.310,map,2.6361,2.6933,-0.1165,2.6389,2.6914,-0.1175
227.410,map,2.6361,2.6933,-0.1165,2.6389,2.6914,-0.1175
227.510,map,2.6361,2.6933,-0.1165,2.6389,2.6914,-0.1175
227.610,map,2.6361,2.6933,-0.1165,2.6389,2.6914,-0.1175
227.710,map,2.6361,2.6933,-0.1165,2.6389,2.6914,-0.1175
227.810,map,2.6361,2.6933,-0.1165,2.6389,2.6914,-0.1175
227.910,map,2.6361,2.6933,-0.1165,2.6389,2.6914,-0.1175
228.010,map,2.6361,2.6933,-0.1165,2.6389,2.6914,-0.1175
228.110,map,2.6361,2.6933,-0.1165,2.6389,2.6914,-0.1175
228.210,map,2.6361,2.6933,-0.1165,2.6389,2.6914,-0.1175
228.310,map,2.6361,2.6933,-0.1165,2.6389,2.6914,-0.1175
228.410,map,2.6361,2.6933,-0.1165,2.6389,2.6914,-0.1175
228.510,map,2.6361,2.6933,-0.1165,2.6389,2.6914,-0.1175
228.610,map,2.6361,2.6933,-0.1165,2.6389,2.6914,-0.1175
228.710,map,2.6361,2.6933,-0.1165,2.6389,2.6914,-0.1175
228.810,map,2.6361,2.6933,-0.1165,2.6389,2.6914,-0.1175
228.910,map,2.6361,2.6933,-0.1165,2.6389,2.6914,-0.1175
229.010,map,2.6361,2.6933,-0.1165,2.6389,2.6914,-0.1175
229.110,map,2.6361,2.6933,-0.1165,2.6389,2.6914,-0.1175
229.210,map,2.6361,2.6933,-0.1165,2.6389,2.6914,-0.1175
229.310,map,2.6361,2.6933,-0.1165,2.6389,2.6914,-0.1175
229.410,map,2.6361,2.6933,-0.1165,2.6389,2.6914,-0.1175
229.510,map,2.6361,2.6933,-0.1165,2.6389,2.6914,-0.1175
229.610,map,2.6361,2.6933,-0.1165,2.6389,2.6914,-0.1175
229.710,map,2.6361,2.6933,-0.1165,2.6389,2.6914,-0.1175
229.810,map,2.6361,2.6933,-0.1165,2.6389,2.6914,-0.1175
229.910,map,2.6361,2.6933,-0.1165,2.6389,2.6914,-0.1175
230.010,map,2.6361,2.6933,-0.1165,2.6389,2.6914,-0.1175
230.110,map,2.6361,2.6933,-0.1165,2.6389,2.6914,-0.1175
230.210,map,2.6361,2.6933,-0.1165,2.6389,2.6914,-0.1175
230.310,map,2.6361,2.6933,-0.1165,2.6389,2.6914,-0.1175
230.410,map,2.6361,2.6933,-0.1165,2.6389,2.6914,-0.1175
230.510,map,2.6361,2.6933,-0.1165,2.6389,2.6914,-0.1175
230.610,map,2.6361,2.6933,-0.1165,2.6389,2.6914,-0.1175
230.710,map,2.6361,2.6933,-0.1165,2.6389,2.6914,-0.1175
230.810,map,2.6361,2.6933,-0.1165,2.6389,2.6914,-0.1175
230.910,map,2.6361,2.6933,-0.1165,2.6389,2.6914,-0.1175
231.010,map,2.6361,2.6933,-0.1165,2.6389,2.6914,-0.1175
231.110,map,2.6361,2.6933,-0.1165,2.6389,2.6914,-0.1175
231.210,map,2.6361,2.6933,-0.1165,2.6389,2.6914,-0.1175
231.310,map,2.6361,2.6933,-0.1165,2.6389,2.6914,-0.1175
231.410,map,2.6361,2.6933,-0.1165,2.6389,2.6914,-0.1175
231.510,map,2.6361,2.6933,-0.1165,2.6389,2.6914,-0.1175
231.610,map,2.6361,2.6933,-0.1165,2.6389,2.6914,-0.1175
231.710,map,2.6361,2.6933,-0.1165,2.6389,2.6914,-0.1175
231.810,map,2.6361,2.6933,-0.1165,2.6389,2.6914,-0.1175
231.910,map,2.6361,2.6933,-0.1165,2.6389,2.6914,-0.1175
232.010,map,2.6361,2.6933,-0.1165,2.6389,2.6914,-0.1175
232.110,map,2.6361,2.6933,-0.1165,2.6389,2.6914,-0.1175
232.210,map,2.6361,2.6933,-0.1165,2.6389,2.6914,-0.1175
232.310,map,2.6361,2.6933,-0.1165,2.6389,2.6914,-0.1175
232.410,map,2.6361,2.6933,-0.1165,2.6389,2.6914,-0.1175
232.510,map,2.6361,2.6933,-0.1165,2.6389,2.6914,-0.1175
232.610,map,2.6361,2.6933,-0.1165,2.6389,2.6914,-0.1175
232.710,map,2.6361,2.6933,-0.1165,2.6389,2.6914,-0.1175
232.810,map,2.6361,2.6933,-0.1165,2.6389,2.6914,-0.1175
232.910,map,2.6361,2.6933,-0.1165,2.6389,2.6914,-0.1175
233.010,map,2.6361,2.6933,-0.1165,2.6389,2.6914,-0.1175
233.110,map,2.6361,2.6933,-0.1165,2.6389,2.6914,-0.1175
233.210,map,2.6361,2.6933,-0.1165,2.6389,2.6914,-0.1175
233.310,map,2.6361,2.6933,-0.1165,2.6389,2.6914,-0.1175
233.410,map,2.6361,2.6933,-0.1165,2.6389,2.6914,-0.1175
233.510,map,2.6361,2.6933,-0.1165,2.6389,2.6914,-0.1175
233.610,map,2.6361,2.6933,-0.1165,2.6389,2.6914,-0.1175
233.710,map,2.6361,2.6933,-0.1165,2.6389,2.6914,-0.1175
233.810,map,2.6361,2.6933,-0.1165,2.6389,2.6914,-0.1175
233.910,map,2.6361,2.6933,-0.1165,2.6389,2.6914,-0.1175
234.010,map,2.6361,2.6933,-0.1165,2.6389,2.6914,-0.1175
234.110,map,2.6361,2.6933,-0.1165,2.6389,2.6914,-0.1175
234.210,map,2.6361,2.6933,-0.1165,2.6389,2.6914,-0.1175
234.310,map,2.6361,2.6933,-0.1165,2.6389,2.6914,-0.1175
234.410,map,2.6361,2.6933,-0.1165,2.6389,2.6914,-0.1175
234.510,map,2.6361,2.6933,-0.1165,2.6389,2.6914,-0.1175
234.610,map,2.6361,2.6933,-0.1165,2.6389,2.6914,-0.1175
234.710,map,2.6361,2.6933,-0.1165,2.6389,2.6914,-0.1175
234.810,map,2.6361,2.6933,-0.1165,2.6389,2.6914,-0.1175
234.910,map,2.6361,2.6933,-0.1165,2.6389,2.6914,-0.1175
235.010,map,2.6361,2.6933,-0.1165,2.6389,2.6914,-0.1175
235.110,map,2.6361,2.6933,-0.1165,2.6389,2.6914,-0.1175
235.210,map,2.6361,2.6933,-0.1165,2.6389,2.6914,-0.1175
235.310,map,2.6361,2.6933,-0.1165,2.6389,2.6914,-0.1175
235.410,map,2.6361,2.6933,-0.1165,2.6389,2.6914,-0.1175
235.510,map,2.6361,2.6933,-0.1165,2.6389,2.6914,-0.1175
235.610,map,2.6361,2.6933,-0.1165,2.6389,2.6914,-0.1175
235.710,map,2.6361,2.6933,-0.1165,2.6389,2.6914,-0.1175
235.810,map,2.6361,2.6933,-0.1165,2.6389,2.6914,-0.1175
235.910,map,2.6361,2.6933,-0.1165,2.6389,2.6914,-0.1175
236.010,map,2.6361,2.6933,-0.1165,2.6389,2.6914,-0.1175
236.110,map,2.6361,2.6933,-0.1165,2.6389,2.6914,-0.1175
236.210,map,2.6361,2.6933,-0.1165,2.6389,2.6914,-0.1175
236.310,map,2.6361,2.6933,-0.1165,2.6389,2.6914,-0.1175
236.410,map,2.6361,2.6933,-0.1165,2.6389,2.6914,-0.1175
236.510,map,2.6361,2.6933,-0.1165,2.6389,2.6914,-0.1175
236.610,map,2.6361,2.6933,-0.1165,2.6389,2.6914,-0.1175
236.710,map,2.6361,2.6933,-0.1165,2.6389,2.6914,-0.1175
236.810,map,2.6361,2.6933,-0.1165,2.6389,2.6914,-0.1175
236.910,map,2.6361,2.6933,-0.1165,2.6389,2.6914,-0.1175
237.010,map,2.6361,2.6933,-0.1165,2.6389,2.6914,-0.1175
237.110,map,2.6361,2.6933,-0.1165,2.6389,2.6914,-0.1175
237.210,map,2.6361,2.6933,-0.1165,2.6389,2.6914,-0.1175
237.310,map,2.6361,2.6933,-0.1165,2.6389,2.6914,-0.1175
237.410,map,2.6361,2.6933,-0.1165,2.6389,2.6914,-0.1175
237.510,map,2.6361,2.6933,-0.1165,2.6389,2.6914,-0.1175
237.610,map,2.6361,2.6933,-0.1165,2.6389,2.6914,-0.1175
237.710,map,2.6361,2.6933,-0.1165,2.6389,2.6914,-0.1175
237.810,map,2.6361,2.6933,-0.1165,2.6389,2.6914,-0.1175
237.910,map,2.6361,2.6933,-0.1165,2.6389,2.6914,-0.1175
238.010,map,2.6361,2.6933,-0.1165,2.6389,2.6914,-0.1175
238.110,map,2.6361,2.6933,-0.1165,2.6389,2.6914,-0.1175
238.210,map,2.6361,2.6933,-0.1165,2.6389,2.6914,-0.1175
238.310,map,2.6361,2.6933,-0.1165,2.6389,2.6914,-0.1175
238.410,map,2.6361,2.6933,-0.1165,2.6389,2.6914,-0.1175
238.510,map,2.6361,2.6933,-0.1165,2.6389,2.6914,-0.1175
238.610,map,2.6361,2.6933,-0.1165,2.6389,2.6914,-0.1175
238.710,map,2.6361,2.6933,-0.1165,2.6389,2.6914,-0.1175
238.810,map,2.6361,2.6933,-0.1165,2.6389,2.6914,-0.1175
238.910,map,2.6361,2.6933,-0.1165,2.6389,2.6914,-0.1175
239.010,map,2.6361,2.6933,-0.1165,2.6389,2.6914,-0.1175
239.110,map,2.6361,2.6933,-0.1165,2.6389,2.6914,-0.1175
239.210,map,2.6361,2.6933,-0.1165,2.6389,2.6914,-0.1175
239.310,map,2.6361,2.6933,-0.1165,2.6389,2.6914,-0.1175
239.410,map,2.6361,2.6933,-0.1165,2.6389,2.6914,-0.1175
239.510,map,2.6361,2.6933,-0.1165,2.6389,2.6914,-0.1175
239.610,map,2.6361,2.6933,-0.1165,2.6389,2.6914,-0.1175
239.710,map,2.6361,2.6933,-0.1165,2.6389,2.6914,-0.1175
239.810,map,2.6361,2.6933,-0.1165,2.6389,2.6914,-0.1175
239.910,map,2.6361,2.6933,-0.1165,2.6389,2.6914,-0.1175
240.010,map,2.6361,2.6933,-0.1165,2.6389,2.6914,-0.1175
240.110,map,2.6361,2.6933,-0.1165,2.6389,2.6914,-0.1175
240.210,map,2.6361,2.6933,-0.1165,2.6389,2.6914,-0.1175
240.310,map,2.6361,2.6933,-0.1165,2.6389,2.6914,-0.1175
240.410,map,2.6361,2.6933,-0.1165,2.6389,2.6914,-0.1175
240.510,map,2.6361,2.6933,-0.1165,2.6389,2.6914,-0.1175
240.610,map,2.6361,2.6933,-0.1165,2.6389,2.6914,-0.1175
240.710,map,2.6361,2.6933,-0.1165,2.6389,2.6914,-0.1175
240.810,map,2.6361,2.6933,-0.1165,2.6389,2.6914,-0.1175
240.910,map,2.6361,2.6933,-0.1165,2.6389,2.6914,-0.1175
241.010,map,2.6361,2.6933,-0.1165,2.6389,2.6914,-0.1175
241.110,map,2.6361,2.6933,-0.1165,2.6389,2.6914,-0.1175
241.210,map,2.6361,2.6933,-0.1165,2.6389,2.6914,-0.1175
241.310,map,2.6361,2.6933,-0.1165,2.6389,2.6914,-0.1175
241.410,map,2.6361,2.6933,-0.1165,2.6389,2.6914,-0.1175
241.510,map,2.6361,2.6933,-0.1165,2.6389,2.6914,-0.1175
241.610,map,2.6361,2.6933,-0.1165,2.6389,2.6914,-0.1175
241.710,map,2.6361,2.6933,-0.1165,2.6389,2.6914,-0.1175
241.810,map,2.6361,2.6933,-0.1165,2.6389,2.6914,-0.1175
241.910,map,2.6361,2.6933,-0.1165,2.6389,2.6914,-0.1175
242.010,map,2.6361,2.6933,-0.1165,2.6389,2.6914,-0.1175
242.110,map,2.6361,2.6933,-0.1165,2.6389,2.6914,-0.1175
242.210,map,2.6361,2.6933,-0.1165,2.6389,2.6914,-0.1175
242.310,map,2.6361,2.6933,-0.1165,2.6389,2.6914,-0.1175
242.410,map,2.6361,2.6933,-0.1165,2.6389,2.6914,-0.1175
242.510,map,2.6361,2.6933,-0.1165,2.6389,2.6914,-0.1175
242.610,map,2.6361,2.6933,-0.1165,2.6389,2.6914,-0.1175
242.710,map,2.6361,2.6933,-0.1165,2.6389,2.6914,-0.1175
242.810,map,2.6361,2.6933,-0.1165,2.6389,2.6914,-0.1175
242.910,map,2.6361,2.6933,-0.1165,2.6389,2.6914,-0.1175
243.010,map,2.6361,2.6933,-0.1165,2.6389,2.6914,-0.1175
243.110,map,2.6361,2.6933,-0.1165,2.6389,2.6914,-0.1175
243.210,map,2.6361,2.6933,-0.1165,2.6389,2.6914,-0.1175
243.310,map,2.6361,2.6933,-0.1165,2.6389,2.6914,-0.1175
243.410,map,2.6361,2.6933,-0.1165,2.6389,2.6914,-0.1175
243.510,map,2.6361,2.6933,-0.1165,2.6389,2.6914,-0.1175
243.610,map,2.6361,2.6933,-0.1165,2.6389,2.6914,-0.1175
243.710,map,2.6361,2.6933,-0.1165,2.6389,2.6914,-0.1175
243.810,map,2.6361,2.6933,-0.1165,2.6389,2.6914,-0.1175
243.910,map,2.6361,2.6933,-0.1165,2.6389,2.6914,-0.1175
244.010,map,2.6361,2.6933,-0.1165,2.6389,2.6914,-0.1175
244.110,map,2.6361,2.6933,-0.1165,2.6389,2.6914,-0.1175
244.210,map,2.6361,2.6933,-0.1165,2.6389,2.6914,-0.1175
244.310,map,2.6361,2.6933,-0.1165,2.6389,2.6914,-0.1175
244.410,map,2.6361,2.6933,-0.1165,2.6389,2.6914,-0.1175
244.510,map,2.6361,2.6933,-0.1165,2.6389,2.6914,-0.1175
244.610,map,2.6361,2.6933,-0.1165,2.6389,2.6914,-0.1175
244.710,map,2.6361,2.6933,-0.1165,2.6389,2.6914,-0.1175
244.810,map,2.6361,2.6933,-0.1165,2.6389,2.6914,-0.1175
244.910,map,2.6361,2.6933,-0.1165,2.6389,2.6914,-0.1175
245.010,map,2.6361,2.6933,-0.1165,2.6389,2.6914,-0.1175
245.110,map,2.6361,2.6933,-0.1165,2.6389,2.6914,-0.1175
245.210,map,2.6361,2.6933,-0.1165,2.6389,2.6914,-0.1175
245.310,map,2.6361,2.6933,-0.1165,2.6389,2.6914,-0.1175
245.410,map,2.6361,2.6933,-0.1165,2.6389,2.6914,-0.1175
245.510,map,2.6361,2.6933,-0.1165,2.6389,2.6914,-0.1175
245.610,map,2.6361,2.6933,-0.1165,2.6389,2.6914,-0.1175
245.710,map,2.6361,2.6933,-0.1165,2.6389,2.6914,-0.1175
245.810,map,2.6361,2.6933,-0.1165,2.6389,2.6914,-0.1175
245.910,map,2.6361,2.6933,-0.1165,2.6389,2.6914,-0.1175
246.010,map,2.6361,2.6933,-0.1165,2.6389,2.6914,-0.1175
246.110,map,2.6361,2.6933,-0.1165,2.6389,2.6914,-0.1175
246.210,map,2.6361,2.6933,-0.1165,2.6389,2.6914,-0.1175
246.310,map,2.6361,2.6933,-0.1165,2.6389,2.6914,-0.1175
246.410,map,2.6361,2.6933,-0.1165,2.6389,2.6914,-0.1175
246.510,map,2.6361,2.6933,-0.1165,2.6389,2.6914,-0.1175
246.610,map,2.6361,2.6933,-0.1165,2.6389,2.6914,-0.1175
246.710,map,2.6361,2.6933,-0.1165,2.6389,2.6914,-0.1175
246.810,map,2.6361,2.6933,-0.1165,2.6389,2.6914,-0.1175
246.910,map,2.6361,2.6933,-0.1165,2.6389,2.6914,-0.1175
247.010,map,2.6361,2.6933,-0.1165,2.6389,2.6914,-0.1175
247.110,map,2.6361,2.6933,-0.1165,2.6389,2.6914,-0.1175
247.210,map,2.6361,2.6933,-0.1165,2.6389,2.6914,-0.1175
247.310,map,2.6361,2.6933,-0.1165,2.6389,2.6914,-0.1175
247.410,map,2.6361,2.6933,-0.1165,2.6389,2.6914,-0.1175
247.510,map,2.6361,2.6933,-0.1165,2.6389,2.6914,-0.1175
247.610,map,2.6361,2.6933,-0.1165,2.6389,2.6914,-0.1175
247.710,map,2.6361,2.6933,-0.1165,2.6389,2.6914,-0.1175
247.810,map,2.6361,2.6933,-0.1165,2.6389,2.6914,-0.1175
247.910,map,2.6361,2.6933,-0.1165,2.6389,2.6914,-0.1175
248.010,map,2.6361,2.6933,-0.1165,2.6389,2.6914,-0.1175
248.110,map,2.6361,2.6933,-0.1165,2.6389,2.6914,-0.1175
248.210,map,2.6361,2.6933,-0.1165,2.6389,2.6914,-0.1175
248.310,map,2.6361,2.6933,-0.1165,2.6389,2.6914,-0.1175
248.410,map,2.6361,2.6933,-0.1165,2.6389,2.6914,-0.1175
248.510,map,2.6361,2.6933,-0.1165,2.6389,2.6914,-0.1175
248.610,map,2.6361,2.6933,-0.1165,2.6389,2.6914,-0.1175
248.710,map,2.6361,2.6933,-0.1165,2.6389,2.6914,-0.1175
248.810,map,2.6361,2.6933,-0.1165,2.6389,2.6914,-0.1175
248.910,map,2.6361,2.6933,-0.1165,2.6389,2.6914,-0.1175
249.010,map,2.6361,2.6933,-0.1165,2.6389,2.6914,-0.1175
249.110,map,2.6361,2.6933,-0.1165,2.6389,2.6914,-0.1175
249.210,map,2.6361,2.6933,-0.1165,2.6389,2.6914,-0.1175
249.310,map,2.6361,2.6933,-0.1165,2.6389,2.6914,-0.1175
249.410,map,2.6361,2.6933,-0.1165,2.6389,2.6914,-0.1175
249.510,map,2.6361,2.6933,-0.1165,2.6389,2.6914,-0.1175
249.610,map,2.6361,2.6933,-0.1165,2.6389,2.6914,-0.1175
249.710,map,2.6361,2.6933,-0.1165,2.6389,2.6914,-0.1175
249.810,map,2.6361,2.6933,-0.1165,2.6389,2.6914,-0.1175
249.910,map,2.6361,2.6933,-0.1165,2.6389,2.6914,-0.1175
250.010,map,2.6361,2.6933,-0.1165,2.6389,2.6914,-0.1175
250.110,map,2.6361,2.6933,-0.1165,2.6389,2.6914,-0.1175
250.210,map,2.6361,2.6933,-0.1165,2.6389,2.6914,-0.1175
250.310,map,2.6361,2.6933,-0.1165,2.6389,2.6914,-0.1175
250.410,map,2.6361,2.6933,-0.1165,2.6389,2.6914,-0.1175
250.510,map,2.6361,2.6933,-0.1165,2.6389,2.6914,-0.1175
250.610,map,2.6361,2.6933,-0.1165,2.6389,2.6914,-0.1175
250.710,map,2.6361,2.6933,-0.1165,2.6389,2.6914,-0.1175
250.810,map,2.6361,2.6933,-0.1165,2.6389,2.6914,-0.1175
250.910,map,2.6361,2.6933,-0.1165,2.6389,2.6914,-0.1175
251.010,map,2.6361,2.6933,-0.1165,2.6389,2.6914,-0.1175
251.110,map,2.6361,2.6933,-0.1165,2.6389,2.6914,-0.1175
251.210,map,2.6361,2.6933,-0.1165,2.6389,2.6914,-0.1175
251.310,map,2.6361,2.6933,-0.1165,2.6389,2.6914,-0.1175
251.410,map,2.6361,2.6933,-0.1165,2.6389,2.6914,-0.1175
251.510,map,2.6361,2.6933,-0.1165,2.6389,2.6914,-0.1175
251.610,map,2.6361,2.6933,-0.1165,2.6389,2.6914,-0.1175
251.710,map,2.6361,2.6933,-0.1165,2.6389,2.6914,-0.1175
251.810,map,2.6361,2.6933,-0.1165,2.6389,2.6914,-0.1175
251.910,map,2.6361,2.6933,-0.1165,2.6389,2.6914,-0.1175
252.010,map,2.6361,2.6933,-0.1165,2.6389,2.6914,-0.1175
252.110,map,2.6361,2.6933,-0.1165,2.6389,2.6914,-0.1175
252.210,map,2.6361,2.6933,-0.1165,2.6389,2.6914,-0.1175
252.310,map,2.6361,2.6933,-0.1165,2.6389,2.6914,-0.1175
252.410,map,2.6361,2.6933,-0.1165,2.6389,2.6914,-0.1175
252.510,map,2.6361,2.6933,-0.1165,2.6389,2.6914,-0.1175
252.610,map,2.6361,2.6933,-0.1165,2.6389,2.6914,-0.1175
252.710,map,2.6361,2.6933,-0.1165,2.6389,2.6914,-0.1175
252.810,map,2.6361,2.6933,-0.1165,2.6389,2.6914,-0.1175
252.910,map,2.6361,2.6933,-0.1165,2.6389,2.6914,-0.1175
253.010,map,2.6361,2.6933,-0.1165,2.6389,2.6914,-0.1175
253.110,map,2.6361,2.6933,-0.1165,2.6389,2.6914,-0.1175
253.210,map,2.6361,2.6933,-0.1165,2.6389,2.6914,-0.1175
253.310,map,2.6361,2.6933,-0.1165,2.6389,2.6914,-0.1175
253.410,map,2.6361,2.6933,-0.1165,2.6389,2.6914,-0.1175
253.510,map,2.6361,2.6933,-0.1165,2.6389,2.6914,-0.1175
253.610,map,2.6361,2.6933,-0.1165,2.6389,2.6914,-0.1175
253.710,map,2.6361,2.6933,-0.1165,2.6389,2.6914,-0.1175
253.810,map,2.6361,2.6933,-0.1165,2.6389,2.6914,-0.1175
253.910,map,2.6361,2.6933,-0.1165,2.6389,2.6914,-0.1175
254.010,map,2.6361,2.6933,-0.1165,2.6389,2.6914,-0.1175
254.110,map,2.6361,2.6933,-0.1165,2.6389,2.6914,-0.1175
254.210,map,2.6361,2.6933,-0.1165,2.6389,2.6914,-0.1175
254.310,map,2.6361,2.6933,-0.1165,2.6389,2.6914,-0.1175
254.410,map,2.6361,2.6933,-0.1165,2.6389,2.6914,-0.1175
254.510,map,2.6361,2.6933,-0.1165,2.6389,2.6914,-0.1175
254.610,map,2.6361,2.6933,-0.1165,2.6389,2.6914,-0.1175
254.710,map,2.6361,2.6933,-0.1165,2.6389,2.6914,-0.1175
254.810,map,2.6361,2.6933,-0.1165,2.6389,2.6914,-0.1175
254.910,map,2.6361,2.6933,-0.1165,2.6389,2.6914,-0.1175
255.010,map,2.6361,2.6933,-0.1165,2.6389,2.6914,-0.1175
255.110,map,2.6361,2.6933,-0.1165,2.6389,2.6914,-0.1175
255.210,map,2.6361,2.6933,-0.1165,2.6389,2.6914,-0.1175
255.310,map,2.6361,2.6933,-0.1165,2.6389,2.6914,-0.1175
255.410,map,2.6361,2.6933,-0.1165,2.6389,2.6914,-0.1175
255.510,map,2.6361,2.6933,-0.1165,2.6389,2.6914,-0.1175
255.610,map,2.6361,2.6933,-0.1165,2.6389,2.6914,-0.1175
255.710,map,2.6361,2.6933,-0.1165,2.6389,2.6914,-0.1175
255.810,map,2.6361,2.6933,-0.1165,2.6389,2.6914,-0.1175
255.910,map,2.6361,2.6933,-0.1165,2.6389,2.6914,-0.1175
256.010,map,2.6361,2.6933,-0.1165,2.6389,2.6914,-0.1175
256.110,map,2.6361,2.6933,-0.1165,2.6389,2.6914,-0.1175
256.210,map,2.6361,2.6933,-0.1165,2.6389,2.6914,-0.1175
256.310,map,2.6361,2.6933,-0.1165,2.6389,2.6914,-0.1175
256.410,map,2.6361,2.6933,-0.1165,2.6389,2.6914,-0.1175
256.510,map,2.6361,2.6933,-0.1165,2.6389,2.6914,-0.1175
256.610,map,2.6361,2.6933,-0.1165,2.6389,2.6914,-0.1175
256.710,map,2.6361,2.6933,-0.1165,2.6389,2.6914,-0.1175
256.810,map,2.6361,2.6933,-0.1165,2.6389,2.6914,-0.1175
256.910,map,2.6361,2.6933,-0.1165,2.6389,2.6914,-0.1175
257.010,map,2.6361,2.6933,-0.1165,2.6389,2.6914,-0.1175
257.110,map,2.6361,2.6933,-0.1165,2.6389,2.6914,-0.1175
257.210,map,2.6361,2.6933,-0.1165,2.6389,2.6914,-0.1175
257.310,map,2.6361,2.6933,-0.1165,2.6389,2.6914,-0.1175
257.410,map,2.6361,2.6933,-0.1165,2.6389,2.6914,-0.1175
257.510,map,2.6361,2.6933,-0.1165,2.6389,2.6914,-0.1175
257.610,map,2.6361,2.6933,-0.1165,2.6389,2.6914,-0.1175
257.710,map,2.6361,2.6933,-0.1165,2.6389,2.6914,-0.1175
257.810,map,2.6361,2.6933,-0.1165,2.6389,2.6914,-0.1175
257.910,map,2.6361,2.6933,-0.1165,2.6389,2.6914,-0.1175
258.010,map,2.6361,2.6933,-0.1165,2.6389,2.6914,-0.1175
258.110,map,2.6361,2.6933,-0.1165,2.6389,2.6914,-0.1175
258.210,map,2.6361,2.6933,-0.1165,2.6389,2.6914,-0.1175
258.310,map,2.6361,2.6933,-0.1165,2.6389,2.6914,-0.1175
258.410,map,2.6361,2.6933,-0.1165,2.6389,2.6914,-0.1175
258.510,map,2.6361,2.6933,-0.1165,2.6389,2.6914,-0.1175
258.610,map,2.6361,2.6933,-0.1165,2.6389,2.6914,-0.1175
258.710,map,2.6361,2.6933,-0.1165,2.6389,2.6914,-0.1175
258.810,map,2.6361,2.6933,-0.1165,2.6389,2.6914,-0.1175
258.910,map,2.6361,2.6933,-0.1165,2.6389,2.6914,-0.1175
259.010,map,2.6361,2.6933,-0.1165,2.6389,2.6914,-0.1175
259.110,map,2.6361,2.6933,-0.1165,2.6389,2.6914,-0.1175
259.210,map,2.6361,2.6933,-0.1165,2.6389,2.6914,-0.1175
259.310,map,2.6361,2.6933,-0.1165,2.6389,2.6914,-0.1175
259.410,map,2.6361,2.6933,-0.1165,2.6389,2.6914,-0.1175
259.510,map,2.6361,2.6933,-0.1165,2.6389,2.6914,-0.1175
259.610,map,2.6361,2.6933,-0.1165,2.6389,2.6914,-0.1175
259.710,map,2.6361,2.6933,-0.1165,2.6389,2.6914,-0.1175
259.810,map,2.6361,2.6933,-0.1165,2.6389,2.6914,-0.1175
259.910,map,2.6361,2.6933,-0.1165,2.6389,2.6914,-0.1175
260.010,map,2.6361,2.6933,-0.1165,2.6389,2.6914,-0.1175
260.110,map,2.6361,2.6933,-0.1165,2.6389,2.6914,-0.1175
260.210,map,2.6361,2.6933,-0.1165,2.6389,2.6914,-0.1175
260.310,map,2.6361,2.6933,-0.1165,2.6389,2.6914,-0.1175
260.410,map,2.6361,2.6933,-0.1165,2.6389,2.6914,-0.1175
260.510,map,2.6361,2.6933,-0.1165,2.6389,2.6914,-0.1175
260.610,map,2.6361,2.6933,-0.1165,2.6389,2.6914,-0.1175
260.710,map,2.6361,2.6933,-0.1165,2.6389,2.6914,-0.1175
260.810,map,2.6361,2.6933,-0.1165,2.6389,2.6914,-0.1175
260.910,map,2.6361,2.6933,-0.1165,2.6389,2.6914,-0.1175
261.010,map,2.6361,2.6933,-0.1165,2.6389,2.6914,-0.1175
261.110,map,2.6361,2.6933,-0.1165,2.6389,2.6914,-0.1175
261.210,map,2.6361,2.6933,-0.1165,2.6389,2.6914,-0.1175
261.310,map,2.6361,2.6933,-0.1165,2.6389,2.6914,-0.1175
261.410,map,2.6361,2.6933,-0.1165,2.6389,2.6914,-0.1175
261.510,map,2.6361,2.6933,-0.1165,2.6389,2.6914,-0.1175
261.610,map,2.6361,2.6933,-0.1165,2.6389,2.6914,-0.1175
261.710,map,2.6361,2.6933,-0.1165,2.6389,2.6914,-0.1175
261.810,map,2.6361,2.6933,-0.1165,2.6389,2.6914,-0.1175
261.910,map,2.6361,2.6933,-0.1165,2.6389,2.6914,-0.1175
262.010,map,2.6361,2.6933,-0.1165,2.6389,2.6914,-0.1175
262.110,map,2.6361,2.6933,-0.1165,2.6389,2.6914,-0.1175
262.210,map,2.6361,2.6933,-0.1165,2.6389,2.6914,-0.1175
262.310,map,2.6361,2.6933,-0.1165,2.6389,2.6914,-0.1175
262.410,map,2.6361,2.6933,-0.1165,2.6389,2.6914,-0.1175
262.510,map,2.6361,2.6933,-0.1165,2.6389,2.6914,-0.1175
262.610,map,2.6361,2.6933,-0.1165,2.6389,2.6914,-0.1175
262.710,map,2.6361,2.6933,-0.1165,2.6389,2.6914,-0.1175
262.810,map,2.6361,2.6933,-0.1165,2.6389,2.6914,-0.1175
262.910,map,2.6361,2.6933,-0.1165,2.6389,2.6914,-0.1175
263.010,map,2.6361,2.6933,-0.1165,2.6389,2.6914,-0.1175
263.110,map,2.6361,2.6933,-0.1165,2.6389,2.6914,-0.1175
263.210,map,2.6361,2.6933,-0.1165,2.6389,2.6914,-0.1175
263.310,map,2.6361,2.6933,-0.1165,2.6389,2.6914,-0.1175
263.410,map,2.6361,2.6933,-0.1165,2.6389,2.6914,-0.1175
263.510,map,2.6361,2.6933,-0.1165,2.6389,2.6914,-0.1175
263.610,map,2.6361,2.6933,-0.1165,2.6389,2.6914,-0.1175
263.710,map,2.6361,2.6933,-0.1165,2.6389,2.6914,-0.1175
263.810,map,2.6361,2.6933,-0.1165,2.6389,2.6914,-0.1175
263.910,map,2.6361,2.6933,-0.1165,2.6389,2.6914,-0.1175
264.010,map,2.6361,2.6933,-0.1165,2.6389,2.6914,-0.1175
264.110,map,2.6361,2.6933,-0.1165,2.6389,2.6914,-0.1175
264.210,map,2.6361,2.6933,-0.1165,2.6389,2.6914,-0.1175
264.310,map,2.6361,2.6933,-0.1165,2.6389,2.6914,-0.1175
264.410,map,2.6361,2.6933,-0.1165,2.6389,2.6914,-0.1175
264.510,map,2.6361,2.6933,-0.1165,2.6389,2.6914,-0.1175
264.610,map,2.6361,2.6933,-0.1165,2.6389,2.6914,-0.1175
264.710,map,2.6361,2.6933,-0.1165,2.6389,2.6914,-0.1175
264.810,map,2.6361,2.6933,-0.1165,2.6389,2.6914,-0.1175
264.910,map,2.6361,2.6933,-0.1165,2.6389,2.6914,-0.1175
265.010,map,2.6361,2.6933,-0.1165,2.6389,2.6914,-0.1175
265.110,map,2.6361,2.6933,-0.1165,2.6389,2.6914,-0.1175
265.210,map,2.6361,2.6933,-0.1165,2.6389,2.6914,-0.1175
265.310,map,2.6361,2.6933,-0.1165,2.6389,2.6914,-0.1175
265.410,map,2.6361,2.6933,-0.1165,2.6389,2.6914,-0.1175
265.510,map,2.6361,2.6933,-0.1165,2.6389,2.6914,-0.1175
265.610,map,2.6361,2.6933,-0.1165,2.6389,2.6914,-0.1175
265.710,map,2.6361,2.6933,-0.1165,2.6389,2.6914,-0.1175
265.810,map,2.6361,2.6933,-0.1165,2.6389,2.6914,-0.1175
265.910,map,2.6361,2.6933,-0.1165,2.6389,2.6914,-0.1175
266.010,map,2.6361,2.6933,-0.1165,2.6389,2.6914,-0.1175
266.110,map,2.6361,2.6933,-0.1165,2.6389,2.6914,-0.1175
266.210,map,2.6361,2.6933,-0.1165,2.6389,2.6914,-0.1175
266.310,map,2.6361,2.6933,-0.1165,2.6389,2.6914,-0.1175
266.410,map,2.6361,2.6933,-0.1165,2.6389,2.6914,-0.1175
266.510,map,2.6361,2.6933,-0.1165,2.6389,2.6914,-0.1175
266.610,map,2.6361,2.6933,-0.1165,2.6389,2.6914,-0.1175
266.710,map,2.6361,2.6933,-0.1165,2.6389,2.6914,-0.1175
266.810,map,2.6361,2.6933,-0.1165,2.6389,2.6914,-0.1175
266.910,map,2.6361,2.6933,-0.1165,2.6389,2.6914,-0.1175
267.010,map,2.6361,2.6933,-0.1165,2.6389,2.6914,-0.1175
267.110,map,2.6361,2.6933,-0.1165,2.6389,2.6914,-0.1175
267.210,map,2.6361,2.6933,-0.1165,2.6389,2.6914,-0.1175
267.310,map,2.6361,2.6933,-0.1165,2.6389,2.6914,-0.1175
267.410,map,2.6361,2.6933,-0.1165,2.6389,2.6914,-0.1175
267.510,map,2.6361,2.6933,-0.1165,2.6389,2.6914,-0.1175
267.610,map,2.6361,2.6933,-0.1165,2.6389,2.6914,-0.1175
267.710,map,2.6361,2.6933,-0.1165,2.6389,2.6914,-0.1175
267.810,map,2.6361,2.6933,-0.1165,2.6389,2.6914,-0.1175
267.910,map,2.6361,2.6933,-0.1165,2.6389,2.6914,-0.1175
268.010,map,2.6361,2.6933,-0.1165,2.6389,2.6914,-0.1175
268.110,map,2.6361,2.6933,-0.1165,2.6389,2.6914,-0.1175
268.210,map,2.6361,2.6933,-0.1165,2.6389,2.6914,-0.1175
268.310,map,2.6361,2.6933,-0.1165,2.6389,2.6914,-0.1175
268.410,map,2.6361,2.6933,-0.1165,2.6389,2.6914,-0.1175
268.510,map,2.6361,2.6933,-0.1165,2.6389,2.6914,-0.1175
268.610,map,2.6361,2.6933,-0.1165,2.6389,2.6914,-0.1175
268.710,map,2.6361,2.6933,-0.1165,2.6389,2.6914,-0.1175
268.810,map,2.6361,2.6933,-0.1165,2.6389,2.6914,-0.1175
268.910,map,2.6361,2.6933,-0.1165,2.6389,2.6914,-0.1175
269.010,map,2.6361,2.6933,-0.1165,2.6389,2.6914,-0.1175
269.110,map,2.6361,2.6933,-0.1165,2.6389,2.6914,-0.1175
269.210,map,2.6361,2.6933,-0.1165,2.6389,2.6914,-0.1175
269.310,map,2.6361,2.6933,-0.1165,2.6389,2.6914,-0.1175
269.410,map,2.6361,2.6933,-0.1165,2.6389,2.6914,-0.1175
269.510,map,2.6361,2.6933,-0.1165,2.6389,2.6914,-0.1175
269.610,map,2.6361,2.6933,-0.1165,2.6389,2.6914,-0.1175
269.710,map,2.6361,2.6933,-0.1165,2.6389,2.6914,-0.1175
269.810,map,2.6361,2.6933,-0.1165,2.6389,2.6914,-0.1175
269.910,map,2.6361,2.6933,-0.1165,2.6389,2.6914,-0.1175
270.010,map,2.6361,2.6933,-0.1165,2.6389,2.6914,-0.1175
270.110,map,2.6361,2.6933,-0.1165,2.6389,2.6914,-0.1175
270.210,map,2.6361,2.6933,-0.1165,2.6389,2.6914,-0.1175
270.310,map,2.6361,2.6933,-0.1165,2.6389,2.6914,-0.1175
270.410,map,2.6361,2.6933,-0.1165,2.6389,2.6914,-0.1175
270.510,map,2.6361,2.6933,-0.1165,2.6389,2.6914,-0.1175
270.610,map,2.6361,2.6933,-0.1165,2.6389,2.6914,-0.1175
270.710,map,2.6361,2.6933,-0.1165,2.6389,2.6914,-0.1175
270.810,map,2.6361,2.6933,-0.1165,2.6389,2.6914,-0.1175
270.910,map,2.6361,2.6933,-0.1165,2.6389,2.6914,-0.1175
271.010,map,2.6361,2.6933,-0.1165,2.6389,2.6914,-0.1175
271.110,map,2.6361,2.6933,-0.1165,2.6389,2.6914,-0.1175
271.210,map,2.6361,2.6933,-0.1165,2.6389,2.6914,-0.1175
271.310,map,2.6361,2.6933,-0.1165,2.6389,2.6914,-0.1175
271.410,map,2.6361,2.6933,-0.1165,2.6389,2.6914,-0.1175
271.510,map,2.6361,2.6933,-0.1165,2.6389,2.6914,-0.1175
271.610,map,2.6361,2.6933,-0.1165,2.6389,2.6914,-0.1175
271.710,map,2.6361,2.6933,-0.1165,2.6389,2.6914,-0.1175
271.810,map,2.6361,2.6933,-0.1165,2.6389,2.6914,-0.1175
271.910,map,2.6361,2.6933,-0.1165,2.6389,2.6914,-0.1175
272.010,map,2.6361,2.6933,-0.1165,2.6389,2.6914,-0.1175
272.110,map,2.6361,2.6933,-0.1165,2.6389,2.6914,-0.1175
272.210,map,2.6361,2.6933,-0.1165,2.6389,2.6914,-0.1175
272.310,map,2.6361,2.6933,-0.1165,2.6389,2.6914,-0.1175
272.410,map,2.6361,2.6933,-0.1165,2.6389,2.6914,-0.1175
272.510,map,2.6361,2.6933,-0.1165,2.6389,2.6914,-0.1175
272.610,map,2.6361,2.6933,-0.1165,2.6389,2.6914,-0.1175
272.710,map,2.6361,2.6933,-0.1165,2.6389,2.6914,-0.1175
272.810,map,2.6361,2.6933,-0.1165,2.6389,2.6914,-0.1175
272.910,map,2.6361,2.6933,-0.1165,2.6389,2.6914,-0.1175
273.010,map,2.6361,2.6933,-0.1165,2.6389,2.6914,-0.1175
273.110,map,2.6361,2.6933,-0.1165,2.6389,2.6914,-0.1175
273.210,map,2.6361,2.6933,-0.1165,2.6389,2.6914,-0.1175
273.310,map,2.6361,2.6933,-0.1165,2.6389,2.6914,-0.1175
273.410,map,2.6361,2.6933,-0.1165,2.6389,2.6914,-0.1175
273.510,map,2.6361,2.6933,-0.1165,2.6389,2.6914,-0.1175
273.610,map,2.6361,2.6933,-0.1165,2.6389,2.6914,-0.1175
273.710,map,2.6361,2.6933,-0.1165,2.6389,2.6914,-0.1175
273.810,map,2.6361,2.6933,-0.1165,2.6389,2.6914,-0.1175
273.910,map,2.6361,2.6933,-0.1165,2.6389,2.6914,-0.1175
274.010,map,2.6361,2.6933,-0.1165,2.6389,2.6914,-0.1175
274.110,map,2.6361,2.6933,-0.1165,2.6389,2.6914,-0.1175
274.210,map,2.6361,2.6933,-0.1165,2.6389,2.6914,-0.1175
274.310,map,2.6361,2.6933,-0.1165,2.6389,2.6914,-0.1175
274.410,map,2.6361,2.6933,-0.1165,2.6389,2.6914,-0.1175
274.510,map,2.6361,2.6933,-0.1165,2.6389,2.6914,-0.1175
274.610,map,2.6361,2.6933,-0.1165,2.6389,2.6914,-0.1175
274.710,map,2.6361,2.6933,-0.1165,2.6389,2.6914,-0.1175
274.810,map,2.6361,2.6933,-0.1165,2.6389,2.6914,-0.1175
274.910,map,2.6361,2.6933,-0.1165,2.6389,2.6914,-0.1175
275.010,map,2.6361,2.6933,-0.1165,2.6389,2.6914,-0.1175
275.110,map,2.6361,2.6933,-0.1165,2.6389,2.6914,-0.1175
275.210,map,2.6361,2.6933,-0.1165,2.6389,2.6914,-0.1175
275.310,map,2.6361,2.6933,-0.1165,2.6389,2.6914,-0.1175
275.410,map,2.6361,2.6933,-0.1165,2.6389,2.6914,-0.1175
275.510,map,2.6361,2.6933,-0.1165,2.6389,2.6914,-0.1175
275.610,map,2.6361,2.6933,-0.1165,2.6389,2.6914,-0.1175
275.710,map,2.6361,2.6933,-0.1165,2.6389,2.6914,-0.1175
275.810,map,2.6361,2.6933,-0.1165,2.6389,2.6914,-0.1175
275.910,map,2.6361,2.6933,-0.1165,2.6389,2.6914,-0.1175
276.010,map,2.6361,2.6933,-0.1165,2.6389,2.6914,-0.1175
276.110,map,2.6361,2.6933,-0.1165,2.6389,2.6914,-0.1175
276.210,map,2.6361,2.6933,-0.1165,2.6389,2.6914,-0.1175
276.310,map,2.6361,2.6933,-0.1165,2.6389,2.6914,-0.1175
276.410,map,2.6361,2.6933,-0.1165,2.6389,2.6914,-0.1175
276.510,map,2.6361,2.6933,-0.1165,2.6389,2.6914,-0.1175
276.610,map,2.6361,2.6933,-0.1165,2.6389,2.6914,-0.1175
276.710,map,2.6361,2.6933,-0.1165,2.6389,2.6914,-0.1175
276.810,map,2.6361,2.6933,-0.1165,2.6389,2.6914,-0.1175
276.910,map,2.6361,2.6933,-0.1165,2.6389,2.6914,-0.1175
277.010,map,2.6361,2.6933,-0.1165,2.6389,2.6914,-0.1175
277.110,map,2.6361,2.6933,-0.1165,2.6389,2.6914,-0.1175
277.210,map,2.6361,2.6933,-0.1165,2.6389,2.6914,-0.1175
277.310,map,2.6361,2.6933,-0.1165,2.6389,2.6914,-0.1175
277.410,map,2.6361,2.6933,-0.1165,2.6389,2.6914,-0.1175
277.510,map,2.6361,2.6933,-0.1165,2.6389,2.6914,-0.1175
277.610,map,2.6361,2.6933,-0.1165,2.6389,2.6914,-0.1175
277.710,map,2.6361,2.6933,-0.1165,2.6389,2.6914,-0.1175
277.810,map,2.6361,2.6933,-0.1165,2.6389,2.6914,-0.1175
277.910,map,2.6361,2.6933,-0.1165,2.6389,2.6914,-0.1175
278.010,map,2.6361,2.6933,-0.1165,2.6389,2.6914,-0.1175
278.110,map,2.6361,2.6933,-0.1165,2.6389,2.6914,-0.1175
278.210,map,2.6361,2.6933,-0.1165,2.6389,2.6914,-0.1175
278.310,map,2.6361,2.6933,-0.1165,2.6389,2.6914,-0.1175
278.410,map,2.6361,2.6933,-0.1165,2.6389,2.6914,-0.1175
278.510,map,2.6361,2.6933,-0.1165,2.6389,2.6914,-0.1175
278.610,map,2.6361,2.6933,-0.1165,2.6389,2.6914,-0.1175
278.710,map,2.6361,2.6933,-0.1165,2.6389,2.6914,-0.1175
278.810,map,2.6361,2.6933,-0.1165,2.6389,2.6914,-0.1175
278.910,map,2.6361,2.6933,-0.1165,2.6389,2.6914,-0.1175
279.010,map,2.6361,2.6933,-0.1165,2.6389,2.6914,-0.1175
279.110,map,2.6361,2.6933,-0.1165,2.6389,2.6914,-0.1175
279.210,map,2.6361,2.6933,-0.1165,2.6389,2.6914,-0.1175
279.310,map,2.6361,2.6933,-0.1165,2.6389,2.6914,-0.1175
279.410,map,2.6361,2.6933,-0.1165,2.6389,2.6914,-0.1175
279.510,map,2.6361,2.6933,-0.1165,2.6389,2.6914,-0.1175
279.610,map,2.6361,2.6933,-0.1165,2.6389,2.6914,-0.1175
279.710,map,2.6361,2.6933,-0.1165,2.6389,2.6914,-0.1175
279.810,map,2.6361,2.6933,-0.1165,2.6389,2.6914,-0.1175
279.910,map,2.6361,2.6933,-0.1165,2.6389,2.6914,-0.1175
280.010,map,2.6361,2.6933,-0.1165,2.6389,2.6914,-0.1175
280.110,map,2.6361,2.6933,-0.1165,2.6389,2.6914,-0.1175
280.210,map,2.6361,2.6933,-0.1165,2.6389,2.6914,-0.1175
280.310,map,2.6361,2.6933,-0.1165,2.6389,2.6914,-0.1175
280.410,map,2.6361,2.6933,-0.1165,2.6389,2.6914,-0.1175
280.510,map,2.6361,2.6933,-0.1165,2.6389,2.6914,-0.1175
280.610,map,2.6361,2.6933,-0.1165,2.6389,2.6914,-0.1175
280.710,map,2.6361,2.6933,-0.1165,2.6389,2.6914,-0.1175
280.810,map,2.6361,2.6933,-0.1165,2.6389,2.6914,-0.1175
280.910,map,2.6361,2.6933,-0.1165,2.6389,2.6914,-0.1175
281.010,map,2.6361,2.6933,-0.1165,2.6389,2.6914,-0.1175
281.110,map,2.6361,2.6933,-0.1165,2.6389,2.6914,-0.1175
281.210,map,2.6361,2.6933,-0.1165,2.6389,2.6914,-0.1175
281.310,map,2.6361,2.6933,-0.1165,2.6389,2.6914,-0.1175
281.410,map,2.6361,2.6933,-0.1165,2.6389,2.6914,-0.1175
281.510,map,2.6361,2.6933,-0.1165,2.6389,2.6914,-0.1175
281.610,map,2.6361,2.6933,-0.1165,2.6389,2.6914,-0.1175
281.710,map,2.6361,2.6933,-0.1165,2.6389,2.6914,-0.1175
281.810,map,2.6361,2.6933,-0.1165,2.6389,2.6914,-0.1175
281.910,map,2.6361,2.6933,-0.1165,2.6389,2.6914,-0.1175
282.010,map,2.6361,2.6933,-0.1165,2.6389,2.6914,-0.1175
282.110,map,2.6361,2.6933,-0.1165,2.6389,2.6914,-0.1175
282.210,map,2.6361,2.6933,-0.1165,2.6389,2.6914,-0.1175
282.310,map,2.6361,2.6933,-0.1165,2.6389,2.6914,-0.1175
282.410,map,2.6361,2.6933,-0.1165,2.6389,2.6914,-0.1175
282.510,map,2.6361,2.6933,-0.1165,2.6389,2.6914,-0.1175
282.610,map,2.6361,2.6933,-0.1165,2.6389,2.6914,-0.1175
282.710,map,2.6361,2.6933,-0.1165,2.6389,2.6914,-0.1175
282.810,map,2.6361,2.6933,-0.1165,2.6389,2.6914,-0.1175
282.910,map,2.6361,2.6933,-0.1165,2.6389,2.6914,-0.1175
283.010,map,2.6361,2.6933,-0.1165,2.6389,2.6914,-0.1175
283.110,map,2.6361,2.6933,-0.1165,2.6389,2.6914,-0.1175
283.210,map,2.6361,2.6933,-0.1165,2.6389,2.6914,-0.1175
283.310,map,2.6361,2.6933,-0.1165,2.6389,2.6914,-0.1175
283.410,map,2.6361,2.6933,-0.1165,2.6389,2.6914,-0.1175
283.510,map,2.6361,2.6933,-0.1165,2.6389,2.6914,-0.1175
283.610,map,2.6361,2.6933,-0.1165,2.6389,2.6914,-0.1175
283.710,map,2.6361,2.6933,-0.1165,2.6389,2.6914,-0.1175
283.810,map,2.6361,2.6933,-0.1165,2.6389,2.6914,-0.1175
283.910,map,2.6361,2.6933,-0.1165,2.6389,2.6914,-0.1175
284.010,map,2.6361,2.6933,-0.1165,2.6389,2.6914,-0.1175
284.110,map,2.6361,2.6933,-0.1165,2.6389,2.6914,-0.1175
284.210,map,2.6361,2.6933,-0.1165,2.6389,2.6914,-0.1175
284.310,map,2.6361,2.6933,-0.1165,2.6389,2.6914,-0.1175
284.410,map,2.6361,2.6933,-0.1165,2.6389,2.6914,-0.1175
284.510,map,2.6361,2.6933,-0.1165,2.6389,2.6914,-0.1175
284.610,map,2.6361,2.6933,-0.1165,2.6389,2.6914,-0.1175
284.710,map,2.6361,2.6933,-0.1165,2.6389,2.6914,-0.1175
284.810,map,2.6361,2.6933,-0.1165,2.6389,2.6914,-0.1175
284.910,map,2.6361,2.6933,-0.1165,2.6389,2.6914,-0.1175
285.010,map,2.6361,2.6933,-0.1165,2.6389,2.6914,-0.1175
285.110,map,2.6361,2.6933,-0.1165,2.6389,2.6914,-0.1175
285.210,map,2.6361,2.6933,-0.1165,2.6389,2.6914,-0.1175
285.310,map,2.6361,2.6933,-0.1165,2.6389,2.6914,-0.1175
285.410,map,2.6361,2.6933,-0.1165,2.6389,2.6914,-0.1175
285.510,map,2.6361,2.6933,-0.1165,2.6389,2.6914,-0.1175
285.610,map,2.6361,2.6933,-0.1165,2.6389,2.6914,-0.1175
285.710,map,2.6361,2.6933,-0.1165,2.6389,2.6914,-0.1175
285.810,map,2.6361,2.6933,-0.1165,2.6389,2.6914,-0.1175
285.910,map,2.6361,2.6933,-0.1165,2.6389,2.6914,-0.1175
286.010,map,2.6361,2.6933,-0.1165,2.6389,2.6914,-0.1175
286.110,map,2.6361,2.6933,-0.1165,2.6389,2.6914,-0.1175
286.210,map,2.6361,2.6933,-0.1165,2.6389,2.6914,-0.1175
286.310,map,2.6361,2.6933,-0.1165,2.6389,2.6914,-0.1175
286.410,map,2.6361,2.6933,-0.1165,2.6389,2.6914,-0.1175
286.510,map,2.6361,2.6933,-0.1165,2.6389,2.6914,-0.1175
286.610,map,2.6361,2.6933,-0.1165,2.6389,2.6914,-0.1175
286.710,map,2.6361,2.6933,-0.1165,2.6389,2.6914,-0.1175
286.810,map,2.6361,2.6933,-0.1165,2.6389,2.6914,-0.1175
286.910,map,2.6361,2.6933,-0.1165,2.6389,2.6914,-0.1175
287.010,map,2.6361,2.6933,-0.1165,2.6389,2.6914,-0.1175
287.110,map,2.6361,2.6933,-0.1165,2.6389,2.6914,-0.1175
287.210,map,2.6361,2.6933,-0.1165,2.6389,2.6914,-0.1175
287.310,map,2.6361,2.6933,-0.1165,2.6389,2.6914,-0.1175
287.410,map,2.6361,2.6933,-0.1165,2.6389,2.6914,-0.1175
287.510,map,2.6361,2.6933,-0.1165,2.6389,2.6914,-0.1175
287.610,map,2.6361,2.6933,-0.1165,2.6389,2.6914,-0.1175
287.710,map,2.6361,2.6933,-0.1165,2.6389,2.6914,-0.1175
287.810,map,2.6361,2.6933,-0.1165,2.6389,2.6914,-0.1175
287.910,map,2.6361,2.6933,-0.1165,2.6389,2.6914,-0.1175
288.010,map,2.6361,2.6933,-0.1165,2.6389,2.6914,-0.1175
288.110,map,2.6361,2.6933,-0.1165,2.6389,2.6914,-0.1175
288.210,map,2.6361,2.6933,-0.1165,2.6389,2.6914,-0.1175
288.310,map,2.6361,2.6933,-0.1165,2.6389,2.6914,-0.1175
288.410,map,2.6361,2.6933,-0.1165,2.6389,2.6914,-0.1175
288.510,map,2.6361,2.6933,-0.1165,2.6389,2.6914,-0.1175
288.610,map,2.6361,2.6933,-0.1165,2.6389,2.6914,-0.1175
288.710,map,2.6361,2.6933,-0.1165,2.6389,2.6914,-0.1175
288.810,map,2.6361,2.6933,-0.1165,2.6389,2.6914,-0.1175
288.910,map,2.6361,2.6933,-0.1165,2.6389,2.6914,-0.1175
289.010,map,2.6361,2.6933,-0.1165,2.6389,2.6914,-0.1175
289.110,map,2.6361,2.6933,-0.1165,2.6389,2.6914,-0.1175
289.210,map,2.6361,2.6933,-0.1165,2.6389,2.6914,-0.1175
289.310,map,2.6361,2.6933,-0.1165,2.6389,2.6914,-0.1175
289.410,map,2.6361,2.6933,-0.1165,2.6389,2.6914,-0.1175
289.510,map,2.6361,2.6933,-0.1165,2.6389,2.6914,-0.1175
289.610,map,2.6361,2.6933,-0.1165,2.6389,2.6914,-0.1175
289.710,map,2.6361,2.6933,-0.1165,2.6389,2.6914,-0.1175
289.810,map,2.6361,2.6933,-0.1165,2.6389,2.6914,-0.1175
289.910,map,2.6361,2.6933,-0.1165,2.6389,2.6914,-0.1175
290.010,map,2.6361,2.6933,-0.1165,2.6389,2.6914,-0.1175
290.110,map,2.6361,2.6933,-0.1165,2.6389,2.6914,-0.1175
290.210,map,2.6361,2.6933,-0.1165,2.6389,2.6914,-0.1175
290.310,map,2.6361,2.6933,-0.1165,2.6389,2.6914,-0.1175
290.410,map,2.6361,2.6933,-0.1165,2.6389,2.6914,-0.1175
290.510,map,2.6361,2.6933,-0.1165,2.6389,2.6914,-0.1175
290.610,map,2.6361,2.6933,-0.1165,2.6389,2.6914,-0.1175
290.710,map,2.6361,2.6933,-0.1165,2.6389,2.6914,-0.1175
290.810,map,2.6361,2.6933,-0.1165,2.6389,2.6914,-0.1175
290.910,map,2.6361,2.6933,-0.1165,2.6389,2.6914,-0.1175
291.010,map,2.6361,2.6933,-0.1165,2.6389,2.6914,-0.1175
291.110,map,2.6361,2.6933,-0.1165,2.6389,2.6914,-0.1175
291.210,map,2.6361,2.6933,-0.1165,2.6389,2.6914,-0.1175
291.310,map,2.6361,2.6933,-0.1165,2.6389,2.6914,-0.1175
291.410,map,2.6361,2.6933,-0.1165,2.6389,2.6914,-0.1175
291.510,map,2.6361,2.6933,-0.1165,2.6389,2.6914,-0.1175
291.610,map,2.6361,2.6933,-0.1165,2.6389,2.6914,-0.1175
291.710,map,2.6361,2.6933,-0.1165,2.6389,2.6914,-0.1175
291.810,map,2.6361,2.6933,-0.1165,2.6389,2.6914,-0.1175
291.910,map,2.6361,2.6933,-0.1165,2.6389,2.6914,-0.1175
292.010,map,2.6361,2.6933,-0.1165,2.6389,2.6914,-0.1175
292.110,map,2.6361,2.6933,-0.1165,2.6389,2.6914,-0.1175
292.210,map,2.6361,2.6933,-0.1165,2.6389,2.6914,-0.1175
292.310,map,2.6361,2.6933,-0.1165,2.6389,2.6914,-0.1175
292.410,map,2.6361,2.6933,-0.1165,2.6389,2.6914,-0.1175
292.510,map,2.6361,2.6933,-0.1165,2.6389,2.6914,-0.1175
292.610,map,2.6361,2.6933,-0.1165,2.6389,2.6914,-0.1175
292.710,map,2.6361,2.6933,-0.1165,2.6389,2.6914,-0.1175
292.810,map,2.6361,2.6933,-0.1165,2.6389,2.6914,-0.1175
292.910,map,2.6361,2.6933,-0.1165,2.6389,2.6914,-0.1175
293.010,map,2.6361,2.6933,-0.1165,2.6389,2.6914,-0.1175
293.110,map,2.6361,2.6933,-0.1165,2.6389,2.6914,-0.1175
293.210,map,2.6361,2.6933,-0.1165,2.6389,2.6914,-0.1175
293.310,map,2.6361,2.6933,-0.1165,2.6389,2.6914,-0.1175
293.410,map,2.6361,2.6933,-0.1165,2.6389,2.6914,-0.1175
293.510,map,2.6361,2.6933,-0.1165,2.6389,2.6914,-0.1175
293.610,map,2.6361,2.6933,-0.1165,2.6389,2.6914,-0.1175
293.710,map,2.6361,2.6933,-0.1165,2.6389,2.6914,-0.1175
293.810,map,2.6361,2.6933,-0.1165,2.6389,2.6914,-0.1175
293.910,map,2.6361,2.6933,-0.1165,2.6389,2.6914,-0.1175
294.010,map,2.6361,2.6933,-0.1165,2.6389,2.6914,-0.1175
294.110,map,2.6361,2.6933,-0.1165,2.6389,2.6914,-0.1175
294.210,map,2.6361,2.6933,-0.1165,2.6389,2.6914,-0.1175
294.310,map,2.6361,2.6933,-0.1165,2.6389,2.6914,-0.1175
294.410,map,2.6361,2.6933,-0.1165,2.6389,2.6914,-0.1175
294.510,map,2.6361,2.6933,-0.1165,2.6389,2.6914,-0.1175
294.610,map,2.6361,2.6933,-0.1165,2.6389,2.6914,-0.1175
294.710,map,2.6361,2.6933,-0.1165,2.6389,2.6914,-0.1175
294.810,map,2.6361,2.6933,-0.1165,2.6389,2.6914,-0.1175
294.910,map,2.6361,2.6933,-0.1165,2.6389,2.6914,-0.1175
295.010,map,2.6361,2.6933,-0.1165,2.6389,2.6914,-0.1175
295.110,map,2.6361,2.6933,-0.1165,2.6389,2.6914,-0.1175
295.210,map,2.6361,2.6933,-0.1165,2.6389,2.6914,-0.1175
295.310,map,2.6361,2.6933,-0.1165,2.6389,2.6914,-0.1175
295.410,map,2.6361,2.6933,-0.1165,2.6389,2.6914,-0.1175
295.510,map,2.6361,2.6933,-0.1165,2.6389,2.6914,-0.1175
295.610,map,2.6361,2.6933,-0.1165,2.6389,2.6914,-0.1175
295.710,map,2.6361,2.6933,-0.1165,2.6389,2.6914,-0.1175
295.810,map,2.6361,2.6933,-0.1165,2.6389,2.6914,-0.1175
295.910,map,2.6361,2.6933,-0.1165,2.6389,2.6914,-0.1175
296.010,map,2.6361,2.6933,-0.1165,2.6389,2.6914,-0.1175
296.110,map,2.6361,2.6933,-0.1165,2.6389,2.6914,-0.1175
296.210,map,2.6361,2.6933,-0.1165,2.6389,2.6914,-0.1175
296.310,map,2.6361,2.6933,-0.1165,2.6389,2.6914,-0.1175
296.410,map,2.6361,2.6933,-0.1165,2.6389,2.6914,-0.1175
296.510,map,2.6361,2.6933,-0.1165,2.6389,2.6914,-0.1175
296.610,map,2.6361,2.6933,-0.1165,2.6389,2.6914,-0.1175
296.710,map,2.6361,2.6933,-0.1165,2.6389,2.6914,-0.1175
296.810,map,2.6361,2.6933,-0.1165,2.6389,2.6914,-0.1175
296.910,map,2.6361,2.6933,-0.1165,2.6389,2.6914,-0.1175
297.010,map,2.6361,2.6933,-0.1165,2.6389,2.6914,-0.1175
297.110,map,2.6361,2.6933,-0.1165,2.6389,2.6914,-0.1175
297.210,map,2.6361,2.6933,-0.1165,2.6389,2.6914,-0.1175
297.310,map,2.6361,2.6933,-0.1165,2.6389,2.6914,-0.1175
297.410,map,2.6361,2.6933,-0.1165,2.6389,2.6914,-0.1175
297.510,map,2.6361,2.6933,-0.1165,2.6389,2.6914,-0.1175
297.610,map,2.6361,2.6933,-0.1165,2.6389,2.6914,-0.1175
297.710,map,2.6361,2.6933,-0.1165,2.6389,2.6914,-0.1175
297.810,map,2.6361,2.6933,-0.1165,2.6389,2.6914,-0.1175
297.910,map,2.6361,2.6933,-0.1165,2.6389,2.6914,-0.1175
298.010,map,2.6361,2.6933,-0.1165,2.6389,2.6914,-0.1175
298.110,map,2.6361,2.6933,-0.1165,2.6389,2.6914,-0.1175
298.210,map,2.6361,2.6933,-0.1165,2.6389,2.6914,-0.1175
298.310,map,2.6361,2.6933,-0.1165,2.6389,2.6914,-0.1175
298.410,map,2.6361,2.6933,-0.1165,2.6389,2.6914,-0.1175
298.510,map,2.6361,2.6933,-0.1165,2.6389,2.6914,-0.1175
298.610,map,2.6361,2.6933,-0.1165,2.6389,2.6914,-0.1175
298.710,map,2.6361,2.6933,-0.1165,2.6389,2.6914,-0.1175
298.810,map,2.6361,2.6933,-0.1165,2.6389,2.6914,-0.1175
298.910,map,2.6361,2.6933,-0.1165,2.6389,2.6914,-0.1175
299.010,map,2.6361,2.6933,-0.1165,2.6389,2.6914,-0.1175
299.110,map,2.6361,2.6933,-0.1165,2.6389,2.6914,-0.1175
299.210,map,2.6361,2.6933,-0.1165,2.6389,2.6914,-0.1175
299.310,map,2.6361,2.6933,-0.1165,2.6389,2.6914,-0.1175
299.410,map,2.6361,2.6933,-0.1165,2.6389,2.6914,-0.1175
299.510,map,2.6361,2.6933,-0.1165,2.6389,2.6914,-0.1175
299.610,map,2.6361,2.6933,-0.1165,2.6389,2.6914,-0.1175
299.710,map,2.6361,2.6933,-0.1165,2.6389,2.6914,-0.1175
299.810,map,2.6361,2.6933,-0.1165,2.6389,2.6914,-0.1175
299.910,map,2.6361,2.6933,-0.1165,2.6389,2.6914,-0.1175
300.010,map,2.6361,2.6933,-0.1165,2.6389,2.6914,-0.1175
300.110,map,2.6361,2.6933,-0.1165,2.6389,2.6914,-0.1175
300.210,map,2.6361,2.6933,-0.1165,2.6389,2.6914,-0.1175
300.310,map,2.6361,2.6933,-0.1165,2.6389,2.6914,-0.1175
300.410,map,2.6361,2.6933,-0.1165,2.6389,2.6914,-0.1175
300.510,map,2.6361,2.6933,-0.1165,2.6389,2.6914,-0.1175
300.610,map,2.6361,2.6933,-0.1165,2.6389,2.6914,-0.1175
300.710,map,2.6361,2.6933,-0.1165,2.6389,2.6914,-0.1175
300.810,map,2.6361,2.6933,-0.1165,2.6389,2.6914,-0.1175
300.910,map,2.6361,2.6933,-0.1165,2.6389,2.6914,-0.1175
301.010,map,2.6361,2.6933,-0.1165,2.6389,2.6914,-0.1175
301.110,map,2.6361,2.6933,-0.1165,2.6389,2.6914,-0.1175
301.210,map,2.6361,2.6933,-0.1165,2.6389,2.6914,-0.1175
301.310,map,2.6361,2.6933,-0.1165,2.6389,2.6914,-0.1175
301.410,map,2.6361,2.6933,-0.1165,2.6389,2.6914,-0.1175
301.510,map,2.6361,2.6933,-0.1165,2.6389,2.6914,-0.1175
301.610,map,2.6361,2.6933,-0.1165,2.6389,2.6914,-0.1175
301.710,map,2.6361,2.6933,-0.1165,2.6389,2.6914,-0.1175
301.810,map,2.6361,2.6933,-0.1165,2.6389,2.6914,-0.1175
301.910,map,2.6361,2.6933,-0.1165,2.6389,2.6914,-0.1175
302.010,map,2.6361,2.6933,-0.1165,2.6389,2.6914,-0.1175
302.110,map,2.6361,2.6933,-0.1165,2.6389,2.6914,-0.1175
302.210,map,2.6361,2.6933,-0.1165,2.6389,2.6914,-0.1175
302.310,map,2.6361,2.6933,-0.1165,2.6389,2.6914,-0.1175
302.410,map,2.6361,2.6933,-0.1165,2.6389,2.6914,-0.1175
302.510,map,2.6361,2.6933,-0.1165,2.6389,2.6914,-0.1175
302.610,map,2.6361,2.6933,-0.1165,2.6389,2.6914,-0.1175
302.710,map,2.6361,2.6933,-0.1165,2.6389,2.6914,-0.1175
302.810,map,2.6361,2.6933,-0.1165,2.6389,2.6914,-0.1175
302.910,map,2.6361,2.6933,-0.1165,2.6389,2.6914,-0.1175
303.010,map,2.6361,2.6933,-0.1165,2.6389,2.6914,-0.1175
303.110,map,2.6361,2.6933,-0.1165,2.6389,2.6914,-0.1175
303.210,map,2.6361,2.6933,-0.1165,2.6389,2.6914,-0.1175
303.310,map,2.6361,2.6933,-0.1165,2.6389,2.6914,-0.1175
303.410,map,2.6361,2.6933,-0.1165,2.6389,2.6914,-0.1175
303.510,map,2.6361,2.6933,-0.1165,2.6389,2.6914,-0.1175
303.610,map,2.6361,2.6933,-0.1165,2.6389,2.6914,-0.1175
303.710,map,2.6361,2.6933,-0.1165,2.6389,2.6914,-0.1175
303.810,map,2.6361,2.6933,-0.1165,2.6389,2.6914,-0.1175
303.910,map,2.6361,2.6933,-0.1165,2.6389,2.6914,-0.1175
304.010,map,2.6361,2.6933,-0.1165,2.6389,2.6914,-0.1175
304.110,map,2.6361,2.6933,-0.1165,2.6389,2.6914,-0.1175
304.210,map,2.6361,2.6933,-0.1165,2.6389,2.6914,-0.1175
304.310,map,2.6361,2.6933,-0.1165,2.6389,2.6914,-0.1175
304.410,map,2.6361,2.6933,-0.1165,2.6389,2.6914,-0.1175
304.510,map,2.6361,2.6933,-0.1165,2.6389,2.6914,-0.1175
304.610,map,2.6361,2.6933,-0.1165,2.6389,2.6914,-0.1175
304.710,map,2.6361,2.6933,-0.1165,2.6389,2.6914,-0.1175
304.810,map,2.6361,2.6933,-0.1165,2.6389,2.6914,-0.1175
304.910,map,2.6361,2.6933,-0.1165,2.6389,2.6914,-0.1175
305.010,map,2.6361,2.6933,-0.1165,2.6389,2.6914,-0.1175
305.110,map,2.6361,2.6933,-0.1165,2.6389,2.6914,-0.1175
305.210,map,2.6361,2.6933,-0.1165,2.6389,2.6914,-0.1175
305.310,map,2.6361,2.6933,-0.1165,2.6389,2.6914,-0.1175
305.410,map,2.6361,2.6933,-0.1165,2.6389,2.6914,-0.1175
305.510,map,2.6361,2.6933,-0.1165,2.6389,2.6914,-0.1175
305.610,map,2.6361,2.6933,-0.1165,2.6389,2.6914,-0.1175
305.710,map,2.6361,2.6933,-0.1165,2.6389,2.6914,-0.1175
305.810,map,2.6361,2.6933,-0.1165,2.6389,2.6914,-0.1175
305.910,map,2.6361,2.6933,-0.1165,2.6389,2.6914,-0.1175
306.010,map,2.6361,2.6933,-0.1165,2.6389,2.6914,-0.1175
306.110,map,2.6361,2.6933,-0.1165,2.6389,2.6914,-0.1175
306.210,map,2.6361,2.6933,-0.1165,2.6389,2.6914,-0.1175
306.310,map,2.6361,2.6933,-0.1165,2.6389,2.6914,-0.1175
306.410,map,2.6361,2.6933,-0.1165,2.6389,2.6914,-0.1175
306.510,map,2.6361,2.6933,-0.1165,2.6389,2.6914,-0.1175
306.610,map,2.6361,2.6933,-0.1165,2.6389,2.6914,-0.1175
306.710,map,2.6361,2.6933,-0.1165,2.6389,2.6914,-0.1175
306.810,map,2.6361,2.6933,-0.1165,2.6389,2.6914,-0.1175
306.910,map,2.6361,2.6933,-0.1165,2.6389,2.6914,-0.1175
307.010,map,2.6361,2.6933,-0.1165,2.6389,2.6914,-0.1175
307.110,map,2.6361,2.6933,-0.1165,2.6389,2.6914,-0.1175
307.210,map,2.6361,2.6933,-0.1165,2.6389,2.6914,-0.1175
307.310,map,2.6361,2.6933,-0.1165,2.6389,2.6914,-0.1175
307.410,map,2.6361,2.6933,-0.1165,2.6389,2.6914,-0.1175
307.510,map,2.6361,2.6933,-0.1165,2.6389,2.6914,-0.1175
307.610,map,2.6361,2.6933,-0.1165,2.6389,2.6914,-0.1175
307.710,map,2.6361,2.6933,-0.1165,2.6389,2.6914,-0.1175
307.810,map,2.6361,2.6933,-0.1165,2.6389,2.6914,-0.1175
307.910,map,2.6361,2.6933,-0.1165,2.6389,2.6914,-0.1175
308.010,map,2.6361,2.6933,-0.1165,2.6389,2.6914,-0.1175
308.110,map,2.6361,2.6933,-0.1165,2.6389,2.6914,-0.1175
308.210,map,2.6361,2.6933,-0.1165,2.6389,2.6914,-0.1175
308.310,map,2.6361,2.6933,-0.1165,2.6389,2.6914,-0.1175
308.410,map,2.6361,2.6933,-0.1165,2.6389,2.6914,-0.1175
308.510,map,2.6361,2.6933,-0.1165,2.6389,2.6914,-0.1175
308.610,map,2.6361,2.6933,-0.1165,2.6389,2.6914,-0.1175
308.710,map,2.6361,2.6933,-0.1165,2.6389,2.6914,-0.1175
308.810,map,2.6361,2.6933,-0.1165,2.6389,2.6914,-0.1175
308.910,map,2.6361,2.6933,-0.1165,2.6389,2.6914,-0.1175
309.010,map,2.6361,2.6933,-0.1165,2.6389,2.6914,-0.1175
309.110,map,2.6361,2.6933,-0.1165,2.6389,2.6914,-0.1175
309.210,map,2.6361,2.6933,-0.1165,2.6389,2.6914,-0.1175
309.310,map,2.6361,2.6933,-0.1165,2.6389,2.6914,-0.1175
309.410,map,2.6361,2.6933,-0.1165,2.6389,2.6914,-0.1175
309.510,map,2.6361,2.6933,-0.1165,2.6389,2.6914,-0.1175
309.610,map,2.6361,2.6933,-0.1165,2.6389,2.6914,-0.1175
309.710,map,2.6361,2.6933,-0.1165,2.6389,2.6914,-0.1175
309.810,map,2.6361,2.6933,-0.1165,2.6389,2.6914,-0.1175
309.910,map,2.6361,2.6933,-0.1165,2.6389,2.6914,-0.1175
310.010,map,2.6361,2.6933,-0.1165,2.6389,2.6914,-0.1175
310.110,map,2.6361,2.6933,-0.1165,2.6389,2.6914,-0.1175
310.210,map,2.6361,2.6933,-0.1165,2.6389,2.6914,-0.1175
310.310,map,2.6361,2.6933,-0.1165,2.6389,2.6914,-0.1175
310.410,map,2.6361,2.6933,-0.1165,2.6389,2.6914,-0.1175
310.510,map,2.6361,2.6933,-0.1165,2.6389,2.6914,-0.1175
310.610,map,2.6361,2.6933,-0.1165,2.6389,2.6914,-0.1175
310.710,map,2.6361,2.6933,-0.1165,2.6389,2.6914,-0.1175
310.810,map,2.6361,2.6933,-0.1165,2.6389,2.6914,-0.1175
310.910,map,2.6361,2.6933,-0.1165,2.6389,2.6914,-0.1175
311.010,map,2.6361,2.6933,-0.1165,2.6389,2.6914,-0.1175
311.110,map,2.6361,2.6933,-0.1165,2.6389,2.6914,-0.1175
311.210,map,2.6361,2.6933,-0.1165,2.6389,2.6914,-0.1175
311.310,map,2.6361,2.6933,-0.1165,2.6389,2.6914,-0.1175
311.410,map,2.6361,2.6933,-0.1165,2.6389,2.6914,-0.1175
311.510,map,2.6361,2.6933,-0.1165,2.6389,2.6914,-0.1175
311.610,map,2.6361,2.6933,-0.1165,2.6389,2.6914,-0.1175
311.710,map,2.6361,2.6933,-0.1165,2.6389,2.6914,-0.1175
311.810,map,2.6361,2.6933,-0.1165,2.6389,2.6914,-0.1175
311.910,map,2.6361,2.6933,-0.1165,2.6389,2.6914,-0.1175
312.010,map,2.6361,2.6933,-0.1165,2.6389,2.6914,-0.1175
312.110,map,2.6361,2.6933,-0.1165,2.6389,2.6914,-0.1175
312.210,map,2.6361,2.6933,-0.1165,2.6389,2.6914,-0.1175
312.310,map,2.6361,2.6933,-0.1165,2.6389,2.6914,-0.1175
312.410,map,2.6361,2.6933,-0.1165,2.6389,2.6914,-0.1175
312.510,map,2.6361,2.6933,-0.1165,2.6389,2.6914,-0.1175
312.610,map,2.6361,2.6933,-0.1165,2.6389,2.6914,-0.1175
312.710,map,2.6361,2.6933,-0.1165,2.6389,2.6914,-0.1175
312.810,map,2.6361,2.6933,-0.1165,2.6389,2.6914,-0.1175
312.910,map,2.6361,2.6933,-0.1165,2.6389,2.6914,-0.1175
313.010,map,2.6361,2.6933,-0.1165,2.6389,2.6914,-0.1175
313.110,map,2.6361,2.6933,-0.1165,2.6389,2.6914,-0.1175
313.210,map,2.6361,2.6933,-0.1165,2.6389,2.6914,-0.1175
313.310,map,2.6361,2.6933,-0.1165,2.6389,2.6914,-0.1175
313.410,map,2.6361,2.6933,-0.1165,2.6389,2.6914,-0.1175
313.510,map,2.6361,2.6933,-0.1165,2.6389,2.6914,-0.1175
313.610,map,2.6361,2.6933,-0.1165,2.6389,2.6914,-0.1175
313.710,map,2.6361,2.6933,-0.1165,2.6389,2.6914,-0.1175
313.810,map,2.6361,2.6933,-0.1165,2.6389,2.6914,-0.1175
313.910,map,2.6361,2.6933,-0.1165,2.6389,2.6914,-0.1175
314.010,map,2.6361,2.6933,-0.1165,2.6389,2.6914,-0.1175
314.110,map,2.6361,2.6933,-0.1165,2.6389,2.6914,-0.1175
314.210,map,2.6361,2.6933,-0.1165,2.6389,2.6914,-0.1175
314.310,map,2.6361,2.6933,-0.1165,2.6389,2.6914,-0.1175
314.410,map,2.6361,2.6933,-0.1165,2.6389,2.6914,-0.1175
314.510,map,2.6361,2.6933,-0.1165,2.6389,2.6914,-0.1175
314.610,map,2.6361,2.6933,-0.1165,2.6389,2.6914,-0.1175
314.710,map,2.6361,2.6933,-0.1165,2.6389,2.6914,-0.1175
314.810,map,2.6361,2.6933,-0.1165,2.6389,2.6914,-0.1175
314.910,map,2.6361,2.6933,-0.1165,2.6389,2.6914,-0.1175
315.010,map,2.6361,2.6933,-0.1165,2.6389,2.6914,-0.1175
315.110,map,2.6361,2.6933,-0.1165,2.6389,2.6914,-0.1175
315.210,map,2.6361,2.6933,-0.1165,2.6389,2.6914,-0.1175
315.310,map,2.6361,2.6933,-0.1165,2.6389,2.6914,-0.1175
315.410,map,2.6361,2.6933,-0.1165,2.6389,2.6914,-0.1175
315.510,map,2.6361,2.6933,-0.1165,2.6389,2.6914,-0.1175
315.610,map,2.6361,2.6933,-0.1165,2.6389,2.6914,-0.1175
315.710,map,2.6361,2.6933,-0.1165,2.6389,2.6914,-0.1175
315.810,map,2.6361,2.6933,-0.1165,2.6389,2.6914,-0.1175
315.910,map,2.6361,2.6933,-0.1165,2.6389,2.6914,-0.1175
316.010,map,2.6361,2.6933,-0.1165,2.6389,2.6914,-0.1175
316.110,map,2.6361,2.6933,-0.1165,2.6389,2.6914,-0.1175
316.210,map,2.6361,2.6933,-0.1165,2.6389,2.6914,-0.1175
316.310,map,2.6361,2.6933,-0.1165,2.6389,2.6914,-0.1175
316.410,map,2.6361,2.6933,-0.1165,2.6389,2.6914,-0.1175
316.510,map,2.6361,2.6933,-0.1165,2.6389,2.6914,-0.1175
316.610,map,2.6361,2.6933,-0.1165,2.6389,2.6914,-0.1175
316.710,map,2.6361,2.6933,-0.1165,2.6389,2.6914,-0.1175
316.810,map,2.6361,2.6933,-0.1165,2.6389,2.6914,-0.1175
316.910,map,2.6361,2.6933,-0.1165,2.6389,2.6914,-0.1175
317.010,map,2.6361,2.6933,-0.1165,2.6389,2.6914,-0.1175
317.110,map,2.6361,2.6933,-0.1165,2.6389,2.6914,-0.1175
317.210,map,2.6361,2.6933,-0.1165,2.6389,2.6914,-0.1175
317.310,map,2.6361,2.6933,-0.1165,2.6389,2.6914,-0.1175
317.410,map,2.6361,2.6933,-0.1165,2.6389,2.6914,-0.1175
317.510,map,2.6361,2.6933,-0.1165,2.6389,2.6914,-0.1175
317.610,map,2.6361,2.6933,-0.1165,2.6389,2.6914,-0.1175
317.710,map,2.6361,2.6933,-0.1165,2.6389,2.6914,-0.1175
317.810,map,2.6361,2.6933,-0.1165,2.6389,2.6914,-0.1175
317.910,map,2.6361,2.6933,-0.1165,2.6389,2.6914,-0.1175
318.010,map,2.6361,2.6933,-0.1165,2.6389,2.6914,-0.1175
318.110,map,2.6361,2.6933,-0.1165,2.6389,2.6914,-0.1175
318.210,map,2.6361,2.6933,-0.1165,2.6389,2.6914,-0.1175
318.310,map,2.6361,2.6933,-0.1165,2.6389,2.6914,-0.1175
318.410,map,2.6361,2.6933,-0.1165,2.6389,2.6914,-0.1175
318.510,map,2.6361,2.6933,-0.1165,2.6389,2.6914,-0.1175
318.610,map,2.6361,2.6933,-0.1165,2.6389,2.6914,-0.1175
318.710,map,2.6361,2.6933,-0.1165,2.6389,2.6914,-0.1175
318.810,map,2.6361,2.6933,-0.1165,2.6389,2.6914,-0.1175
318.910,map,2.6361,2.6933,-0.1165,2.6389,2.6914,-0.1175
319.010,map,2.6361,2.6933,-0.1165,2.6389,2.6914,-0.1175
319.110,map,2.6361,2.6933,-0.1165,2.6389,2.6914,-0.1175
319.210,map,2.6361,2.6933,-0.1165,2.6389,2.6914,-0.1175
319.310,map,2.6361,2.6933,-0.1165,2.6389,2.6914,-0.1175
319.410,map,2.6361,2.6933,-0.1165,2.6389,2.6914,-0.1175
319.510,map,2.6361,2.6933,-0.1165,2.6389,2.6914,-0.1175
319.610,map,2.6361,2.6933,-0.1165,2.6389,2.6914,-0.1175
319.710,map,2.6361,2.6933,-0.1165,2.6389,2.6914,-0.1175
319.810,map,2.6361,2.6933,-0.1165,2.6389,2.6914,-0.1175
319.910,map,2.6361,2.6933,-0.1165,2.6389,2.6914,-0.1175
320.010,map,2.6361,2.6933,-0.1165,2.6389,2.6914,-0.1175
320.110,map,2.6361,2.6933,-0.1165,2.6389,2.6914,-0.1175
320.210,map,2.6361,2.6933,-0.1165,2.6389,2.6914,-0.1175
320.310,map,2.6361,2.6933,-0.1165,2.6389,2.6914,-0.1175
320.410,map,2.6361,2.6933,-0.1165,2.6389,2.6914,-0.1175
320.510,map,2.6361,2.6933,-0.1165,2.6389,2.6914,-0.1175
320.610,map,2.6361,2.6933,-0.1165,2.6389,2.6914,-0.1175
320.710,map,2.6361,2.6933,-0.1165,2.6389,2.6914,-0.1175
320.810,map,2.6361,2.6933,-0.1165,2.6389,2.6914,-0.1175
320.910,map,2.6361,2.6933,-0.1165,2.6389,2.6914,-0.1175
321.010,map,2.6361,2.6933,-0.1165,2.6389,2.6914,-0.1175
321.110,map,2.6361,2.6933,-0.1165,2.6389,2.6914,-0.1175
321.210,map,2.6361,2.6933,-0.1165,2.6389,2.6914,-0.1175
321.310,map,2.6361,2.6933,-0.1165,2.6389,2.6914,-0.1175
321.410,map,2.6361,2.6933,-0.1165,2.6389,2.6914,-0.1175
321.510,map,2.6361,2.6933,-0.1165,2.6389,2.6914,-0.1175
321.610,map,2.6361,2.6933,-0.1165,2.6389,2.6914,-0.1175
321.710,map,2.6361,2.6933,-0.1165,2.6389,2.6914,-0.1175
321.810,map,2.6361,2.6933,-0.1165,2.6389,2.6914,-0.1175
321.910,map,2.6361,2.6933,-0.1165,2.6389,2.6914,-0.1175
322.010,map,2.6361,2.6933,-0.1165,2.6389,2.6914,-0.1175
322.110,map,2.6361,2.6933,-0.1165,2.6389,2.6914,-0.1175
322.210,map,2.6361,2.6933,-0.1165,2.6389,2.6914,-0.1175
322.310,map,2.6361,2.6933,-0.1165,2.6389,2.6914,-0.1175
322.410,map,2.6361,2.6933,-0.1165,2.6389,2.6914,-0.1175
322.510,map,2.6361,2.6933,-0.1165,2.6389,2.6914,-0.1175
322.610,map,2.6361,2.6933,-0.1165,2.6389,2.6914,-0.1175
322.710,map,2.6361,2.6933,-0.1165,2.6389,2.6914,-0.1175
322.810,map,2.6361,2.6933,-0.1165,2.6389,2.6914,-0.1175
322.910,map,2.6361,2.6933,-0.1165,2.6389,2.6914,-0.1175
323.010,map,2.6361,2.6933,-0.1165,2.6389,2.6914,-0.1175
323.110,map,2.6361,2.6933,-0.1165,2.6389,2.6914,-0.1175
323.210,map,2.6361,2.6933,-0.1165,2.6389,2.6914,-0.1175
323.310,map,2.6361,2.6933,-0.1165,2.6389,2.6914,-0.1175
323.410,map,2.6361,2.6933,-0.1165,2.6389,2.6914,-0.1175
323.510,map,2.6361,2.6933,-0.1165,2.6389,2.6914,-0.1175
323.610,map,2.6361,2.6933,-0.1165,2.6389,2.6914,-0.1175
323.710,map,2.6361,2.6933,-0.1165,2.6389,2.6914,-0.1175
323.810,map,2.6361,2.6933,-0.1165,2.6389,2.6914,-0.1175
323.910,map,2.6361,2.6933,-0.1165,2.6389,2.6914,-0.1175
324.010,map,2.6361,2.6933,-0.1165,2.6389,2.6914,-0.1175
324.110,map,2.6361,2.6933,-0.1165,2.6389,2.6914,-0.1175
324.210,map,2.6361,2.6933,-0.1165,2.6389,2.6914,-0.1175
324.310,map,2.6361,2.6933,-0.1165,2.6389,2.6914,-0.1175
324.410,map,2.6361,2.6933,-0.1165,2.6389,2.6914,-0.1175
324.510,map,2.6361,2.6933,-0.1165,2.6389,2.6914,-0.1175
324.610,map,2.6361,2.6933,-0.1165,2.6389,2.6914,-0.1175
324.710,map,2.6361,2.6933,-0.1165,2.6389,2.6914,-0.1175
324.810,map,2.6361,2.6933,-0.1165,2.6389,2.6914,-0.1175
324.910,map,2.6361,2.6933,-0.1165,2.6389,2.6914,-0.1175
325.010,map,2.6361,2.6933,-0.1165,2.6389,2.6914,-0.1175
325.110,map,2.6361,2.6933,-0.1165,2.6389,2.6914,-0.1175
325.210,map,2.6361,2.6933,-0.1165,2.6389,2.6914,-0.1175
325.310,map,2.6361,2.6933,-0.1165,2.6389,2.6914,-0.1175
325.410,map,2.6361,2.6933,-0.1165,2.6389,2.6914,-0.1175
325.510,map,2.6361,2.6933,-0.1165,2.6389,2.6914,-0.1175
325.610,map,2.6361,2.6933,-0.1165,2.6389,2.6914,-0.1175
325.710,map,2.6361,2.6933,-0.1165,2.6389,2.6914,-0.1175
325.810,map,2.6361,2.6933,-0.1165,2.6389,2.6914,-0.1175
325.910,map,2.6361,2.6933,-0.1165,2.6389,2.6914,-0.1175
326.010,map,2.6361,2.6933,-0.1165,2.6389,2.6914,-0.1175
326.110,map,2.6361,2.6933,-0.1165,2.6389,2.6914,-0.1175
326.210,map,2.6361,2.6933,-0.1165,2.6389,2.6914,-0.1175
326.310,map,2.6361,2.6933,-0.1165,2.6389,2.6914,-0.1175
326.410,map,2.6361,2.6933,-0.1165,2.6389,2.6914,-0.1175
326.510,map,2.6361,2.6933,-0.1165,2.6389,2.6914,-0.1175
326.610,map,2.6361,2.6933,-0.1165,2.6389,2.6914,-0.1175
326.710,map,2.6361,2.6933,-0.1165,2.6389,2.6914,-0.1175
326.810,map,2.6361,2.6933,-0.1165,2.6389,2.6914,-0.1175
326.910,map,2.6361,2.6933,-0.1165,2.6389,2.6914,-0.1175
327.010,map,2.6361,2.6933,-0.1165,2.6389,2.6914,-0.1175
327.110,map,2.6361,2.6933,-0.1165,2.6389,2.6914,-0.1175
327.210,map,2.6361,2.6933,-0.1165,2.6389,2.6914,-0.1175
327.310,map,2.6361,2.6933,-0.1165,2.6389,2.6914,-0.1175
327.410,map,2.6361,2.6933,-0.1165,2.6389,2.6914,-0.1175
327.510,map,2.6361,2.6933,-0.1165,2.6389,2.6914,-0.1175
327.610,map,2.6361,2.6933,-0.1165,2.6389,2.6914,-0.1175
327.710,map,2.6361,2.6933,-0.1165,2.6389,2.6914,-0.1175
327.810,map,2.6361,2.6933,-0.1165,2.6389,2.6914,-0.1175
327.910,map,2.6361,2.6933,-0.1165,2.6389,2.6914,-0.1175
328.010,map,2.6361,2.6933,-0.1165,2.6389,2.6914,-0.1175
328.110,map,2.6361,2.6933,-0.1165,2.6389,2.6914,-0.1175
328.210,map,2.6361,2.6933,-0.1165,2.6389,2.6914,-0.1175
328.310,map,2.6361,2.6933,-0.1165,2.6389,2.6914,-0.1175
328.410,map,2.6361,2.6933,-0.1165,2.6389,2.6914,-0.1175
328.510,map,2.6361,2.6933,-0.1165,2.6389,2.6914,-0.1175
328.610,map,2.6361,2.6933,-0.1165,2.6389,2.6914,-0.1175
328.710,map,2.6361,2.6933,-0.1165,2.6389,2.6914,-0.1175
328.810,map,2.6361,2.6933,-0.1165,2.6389,2.6914,-0.1175
328.910,map,2.6361,2.6933,-0.1165,2.6389,2.6914,-0.1175
329.010,map,2.6361,2.6933,-0.1165,2.6389,2.6914,-0.1175
329.110,map,2.6361,2.6933,-0.1165,2.6389,2.6914,-0.1175
329.210,map,2.6361,2.6933,-0.1165,2.6389,2.6914,-0.1175
329.310,map,2.6361,2.6933,-0.1165,2.6389,2.6914,-0.1175
329.410,map,2.6361,2.6933,-0.1165,2.6389,2.6914,-0.1175
329.510,map,2.6361,2.6933,-0.1165,2.6389,2.6914,-0.1175
329.610,map,2.6361,2.6933,-0.1165,2.6389,2.6914,-0.1175
329.710,map,2.6361,2.6933,-0.1165,2.6389,2.6914,-0.1175
329.810,map,2.6361,2.6933,-0.1165,2.6389,2.6914,-0.1175
329.910,map,2.6361,2.6933,-0.1165,2.6389,2.6914,-0.1175
330.010,map,2.6361,2.6933,-0.1165,2.6389,2.6914,-0.1175
330.110,map,2.6361,2.6933,-0.1165,2.6389,2.6914,-0.1175
330.210,map,2.6361,2.6933,-0.1165,2.6389,2.6914,-0.1175
330.310,map,2.6361,2.6933,-0.1165,2.6389,2.6914,-0.1175
330.410,map,2.6361,2.6933,-0.1165,2.6389,2.6914,-0.1175
330.510,map,2.6361,2.6933,-0.1165,2.6389,2.6914,-0.1175
330.610,map,2.6361,2.6933,-0.1165,2.6389,2.6914,-0.1175
330.710,map,2.6361,2.6933,-0.1165,2.6389,2.6914,-0.1175
330.810,map,2.6361,2.6933,-0.1165,2.6389,2.6914,-0.1175
330.910,map,2.6361,2.6933,-0.1165,2.6389,2.6914,-0.1175
331.010,map,2.6361,2.6933,-0.1165,2.6389,2.6914,-0.1175
331.110,map,2.6361,2.6933,-0.1165,2.6389,2.6914,-0.1175
331.210,map,2.6361,2.6933,-0.1165,2.6389,2.6914,-0.1175
331.310,map,2.6361,2.6933,-0.1165,2.6389,2.6914,-0.1175
331.410,map,2.6361,2.6933,-0.1165,2.6389,2.6914,-0.1175
331.510,map,2.6361,2.6933,-0.1165,2.6389,2.6914,-0.1175
331.610,map,2.6361,2.6933,-0.1165,2.6389,2.6914,-0.1175
331.710,map,2.6361,2.6933,-0.1165,2.6389,2.6914,-0.1175
331.810,map,2.6361,2.6933,-0.1165,2.6389,2.6914,-0.1175
331.910,map,2.6361,2.6933,-0.1165,2.6389,2.6914,-0.1175
332.010,map,2.6361,2.6933,-0.1165,2.6389,2.6914,-0.1175
332.110,map,2.6361,2.6933,-0.1165,2.6389,2.6914,-0.1175
332.210,map,2.6361,2.6933,-0.1165,2.6389,2.6914,-0.1175
332.310,map,2.6361,2.6933,-0.1165,2.6389,2.6914,-0.1175
332.410,map,2.6361,2.6933,-0.1165,2.6389,2.6914,-0.1175
332.510,map,2.6361,2.6933,-0.1165,2.6389,2.6914,-0.1175
332.610,map,2.6361,2.6933,-0.1165,2.6389,2.6914,-0.1175
332.710,map,2.6361,2.6933,-0.1165,2.6389,2.6914,-0.1175
332.810,map,2.6361,2.6933,-0.1165,2.6389,2.6914,-0.1175
332.910,map,2.6361,2.6933,-0.1165,2.6389,2.6914,-0.1175
333.010,map,2.6361,2.6933,-0.1165,2.6389,2.6914,-0.1175
333.110,map,2.6361,2.6933,-0.1165,2.6389,2.6914,-0.1175
333.210,map,2.6361,2.6933,-0.1165,2.6389,2.6914,-0.1175
333.310,map,2.6361,2.6933,-0.1165,2.6389,2.6914,-0.1175
333.410,map,2.6361,2.6933,-0.1165,2.6389,2.6914,-0.1175
333.510,map,2.6361,2.6933,-0.1165,2.6389,2.6914,-0.1175
333.610,map,2.6361,2.6933,-0.1165,2.6389,2.6914,-0.1175
333.710,map,2.6361,2.6933,-0.1165,2.6389,2.6914,-0.1175
333.810,map,2.6361,2.6933,-0.1165,2.6389,2.6914,-0.1175
333.910,map,2.6361,2.6933,-0.1165,2.6389,2.6914,-0.1175
334.010,map,2.6361,2.6933,-0.1165,2.6389,2.6914,-0.1175
334.110,map,2.6361,2.6933,-0.1165,2.6389,2.6914,-0.1175
334.210,map,2.6361,2.6933,-0.1165,2.6389,2.6914,-0.1175
334.310,map,2.6361,2.6933,-0.1165,2.6389,2.6914,-0.1175
334.410,map,2.6361,2.6933,-0.1165,2.6389,2.6914,-0.1175
334.510,map,2.6361,2.6933,-0.1165,2.6389,2.6914,-0.1175
334.610,map,2.6361,2.6933,-0.1165,2.6389,2.6914,-0.1175
334.710,map,2.6361,2.6933,-0.1165,2.6389,2.6914,-0.1175
334.810,map,2.6361,2.6933,-0.1165,2.6389,2.6914,-0.1175
334.910,map,2.6361,2.6933,-0.1165,2.6389,2.6914,-0.1175
335.010,map,2.6361,2.6933,-0.1165,2.6389,2.6914,-0.1175
335.110,map,2.6361,2.6933,-0.1165,2.6389,2.6914,-0.1175
335.210,map,2.6361,2.6933,-0.1165,2.6389,2.6914,-0.1175
335.310,map,2.6361,2.6933,-0.1165,2.6389,2.6914,-0.1175
335.410,map,2.6361,2.6933,-0.1165,2.6389,2.6914,-0.1175
335.510,map,2.6361,2.6933,-0.1165,2.6389,2.6914,-0.1175
335.610,map,2.6361,2.6933,-0.1165,2.6389,2.6914,-0.1175
335.710,map,2.6361,2.6933,-0.1165,2.6389,2.6914,-0.1175
335.810,map,2.6361,2.6933,-0.1165,2.6389,2.6914,-0.1175
335.910,map,2.6361,2.6933,-0.1165,2.6389,2.6914,-0.1175
336.010,map,2.6361,2.6933,-0.1165,2.6389,2.6914,-0.1175
336.110,map,2.6361,2.6933,-0.1165,2.6389,2.6914,-0.1175
336.210,map,2.6361,2.6933,-0.1165,2.6389,2.6914,-0.1175
336.310,map,2.6361,2.6933,-0.1165,2.6389,2.6914,-0.1175
336.410,map,2.6361,2.6933,-0.1165,2.6389,2.6914,-0.1175
336.510,map,2.6361,2.6933,-0.1165,2.6389,2.6914,-0.1175
336.610,map,2.6361,2.6933,-0.1165,2.6389,2.6914,-0.1175
336.710,map,2.6361,2.6933,-0.1165,2.6389,2.6914,-0.1175
336.810,map,2.6361,2.6933,-0.1165,2.6389,2.6914,-0.1175
336.910,map,2.6361,2.6933,-0.1165,2.6389,2.6914,-0.1175
337.010,map,2.6361,2.6933,-0.1165,2.6389,2.6914,-0.1175
337.110,map,2.6361,2.6933,-0.1165,2.6389,2.6914,-0.1175
337.210,map,2.6361,2.6933,-0.1165,2.6389,2.6914,-0.1175
337.310,map,2.6361,2.6933,-0.1165,2.6389,2.6914,-0.1175
337.410,map,2.6361,2.6933,-0.1165,2.6389,2.6914,-0.1175
337.510,map,2.6361,2.6933,-0.1165,2.6389,2.6914,-0.1175
337.610,map,2.6361,2.6933,-0.1165,2.6389,2.6914,-0.1175
337.710,map,2.6361,2.6933,-0.1165,2.6389,2.6914,-0.1175
337.810,map,2.6361,2.6933,-0.1165,2.6389,2.6914,-0.1175
337.910,map,2.6361,2.6933,-0.1165,2.6389,2.6914,-0.1175
338.010,map,2.6361,2.6933,-0.1165,2.6389,2.6914,-0.1175
338.110,map,2.6361,2.6933,-0.1165,2.6389,2.6914,-0.1175
338.210,map,2.6361,2.6933,-0.1165,2.6389,2.6914,-0.1175
338.310,map,2.6361,2.6933,-0.1165,2.6389,2.6914,-0.1175
338.410,map,2.6361,2.6933,-0.1165,2.6389,2.6914,-0.1175
338.510,map,2.6361,2.6933,-0.1165,2.6389,2.6914,-0.1175
338.610,map,2.6361,2.6933,-0.1165,2.6389,2.6914,-0.1175
338.710,map,2.6361,2.6933,-0.1165,2.6389,2.6914,-0.1175
338.810,map,2.6361,2.6933,-0.1165,2.6389,2.6914,-0.1175
338.910,map,2.6361,2.6933,-0.1165,2.6389,2.6914,-0.1175
339.010,map,2.6361,2.6933,-0.1165,2.6389,2.6914,-0.1175
339.110,map,2.6361,2.6933,-0.1165,2.6389,2.6914,-0.1175
339.210,map,2.6361,2.6933,-0.1165,2.6389,2.6914,-0.1175
339.310,map,2.6361,2.6933,-0.1165,2.6389,2.6914,-0.1175
339.410,map,2.6361,2.6933,-0.1165,2.6389,2.6914,-0.1175
339.510,map,2.6361,2.6933,-0.1165,2.6389,2.6914,-0.1175
339.610,map,2.6361,2.6933,-0.1165,2.6389,2.6914,-0.1175
339.710,map,2.6361,2.6933,-0.1165,2.6389,2.6914,-0.1175
339.810,map,2.6361,2.6933,-0.1165,2.6389,2.6914,-0.1175
339.910,map,2.6361,2.6933,-0.1165,2.6389,2.6914,-0.1175
340.010,map,2.6361,2.6933,-0.1165,2.6389,2.6914,-0.1175
340.110,map,2.6361,2.6933,-0.1165,2.6389,2.6914,-0.1175
340.210,map,2.6361,2.6933,-0.1165,2.6389,2.6914,-0.1175
340.310,map,2.6361,2.6933,-0.1165,2.6389,2.6914,-0.1175
340.410,map,2.6361,2.6933,-0.1165,2.6389,2.6914,-0.1175
340.510,map,2.6361,2.6933,-0.1165,2.6389,2.6914,-0.1175
340.610,map,2.6361,2.6933,-0.1165,2.6389,2.6914,-0.1175
340.710,map,2.6361,2.6933,-0.1165,2.6389,2.6914,-0.1175
340.810,map,2.6361,2.6933,-0.1165,2.6389,2.6914,-0.1175
340.910,map,2.6361,2.6933,-0.1165,2.6389,2.6914,-0.1175
341.010,map,2.6361,2.6933,-0.1165,2.6389,2.6914,-0.1175
341.110,map,2.6361,2.6933,-0.1165,2.6389,2.6914,-0.1175
341.210,map,2.6361,2.6933,-0.1165,2.6389,2.6914,-0.1175
341.310,map,2.6361,2.6933,-0.1165,2.6389,2.6914,-0.1175
341.410,map,2.6361,2.6933,-0.1165,2.6389,2.6914,-0.1175
341.510,map,2.6361,2.6933,-0.1165,2.6389,2.6914,-0.1175
341.610,map,2.6361,2.6933,-0.1165,2.6389,2.6914,-0.1175
341.710,map,2.6361,2.6933,-0.1165,2.6389,2.6914,-0.1175
341.810,map,2.6361,2.6933,-0.1165,2.6389,2.6914,-0.1175
341.910,map,2.6361,2.6933,-0.1165,2.6389,2.6914,-0.1175
342.010,map,2.6361,2.6933,-0.1165,2.6389,2.6914,-0.1175
342.110,map,2.6361,2.6933,-0.1165,2.6389,2.6914,-0.1175
342.210,map,2.6361,2.6933,-0.1165,2.6389,2.6914,-0.1175
342.310,map,2.6361,2.6933,-0.1165,2.6389,2.6914,-0.1175
342.410,map,2.6361,2.6933,-0.1165,2.6389,2.6914,-0.1175
342.510,map,2.6361,2.6933,-0.1165,2.6389,2.6914,-0.1175
342.610,map,2.6361,2.6933,-0.1165,2.6389,2.6914,-0.1175
342.710,map,2.6361,2.6933,-0.1165,2.6389,2.6914,-0.1175
342.810,map,2.6361,2.6933,-0.1165,2.6389,2.6914,-0.1175
342.910,map,2.6361,2.6933,-0.1165,2.6389,2.6914,-0.1175
343.010,map,2.6361,2.6933,-0.1165,2.6389,2.6914,-0.1175
343.110,map,2.6361,2.6933,-0.1165,2.6389,2.6914,-0.1175
343.210,map,2.6361,2.6933,-0.1165,2.6389,2.6914,-0.1175
343.310,map,2.6361,2.6933,-0.1165,2.6389,2.6914,-0.1175
343.410,map,2.6361,2.6933,-0.1165,2.6389,2.6914,-0.1175
343.510,map,2.6361,2.6933,-0.1165,2.6389,2.6914,-0.1175
343.610,map,2.6361,2.6933,-0.1165,2.6389,2.6914,-0.1175
343.710,map,2.6361,2.6933,-0.1165,2.6389,2.6914,-0.1175
343.810,map,2.6361,2.6933,-0.1165,2.6389,2.6914,-0.1175
343.910,map,2.6361,2.6933,-0.1165,2.6389,2.6914,-0.1175
344.010,map,2.6361,2.6933,-0.1165,2.6389,2.6914,-0.1175
344.110,map,2.6361,2.6933,-0.1165,2.6389,2.6914,-0.1175
344.210,map,2.6361,2.6933,-0.1165,2.6389,2.6914,-0.1175
344.310,map,2.6361,2.6933,-0.1165,2.6389,2.6914,-0.1175
344.410,map,2.6361,2.6933,-0.1165,2.6389,2.6914,-0.1175
344.510,map,2.6361,2.6933,-0.1165,2.6389,2.6914,-0.1175
344.610,map,2.6361,2.6933,-0.1165,2.6389,2.6914,-0.1175
344.710,map,2.6361,2.6933,-0.1165,2.6389,2.6914,-0.1175
344.810,map,2.6361,2.6933,-0.1165,2.6389,2.6914,-0.1175
344.910,map,2.6361,2.6933,-0.1165,2.6389,2.6914,-0.1175
345.010,map,2.6361,2.6933,-0.1165,2.6389,2.6914,-0.1175
345.110,map,2.6361,2.6933,-0.1165,2.6389,2.6914,-0.1175
345.210,map,2.6361,2.6933,-0.1165,2.6389,2.6914,-0.1175
345.310,map,2.6361,2.6933,-0.1165,2.6389,2.6914,-0.1175
345.410,map,2.6361,2.6933,-0.1165,2.6389,2.6914,-0.1175
345.510,map,2.6361,2.6933,-0.1165,2.6389,2.6914,-0.1175
345.610,map,2.6361,2.6933,-0.1165,2.6389,2.6914,-0.1175
345.710,map,2.6361,2.6933,-0.1165,2.6389,2.6914,-0.1175
345.810,map,2.6361,2.6933,-0.1165,2.6389,2.6914,-0.1175
345.910,map,2.6361,2.6933,-0.1165,2.6389,2.6914,-0.1175
346.010,map,2.6361,2.6933,-0.1165,2.6389,2.6914,-0.1175
346.110,map,2.6361,2.6933,-0.1165,2.6389,2.6914,-0.1175
346.210,map,2.6361,2.6933,-0.1165,2.6389,2.6914,-0.1175
346.310,map,2.6361,2.6933,-0.1165,2.6389,2.6914,-0.1175
346.410,map,2.6361,2.6933,-0.1165,2.6389,2.6914,-0.1175
346.510,map,2.6361,2.6933,-0.1165,2.6389,2.6914,-0.1175
346.610,map,2.6361,2.6933,-0.1165,2.6389,2.6914,-0.1175
346.710,map,2.6361,2.6933,-0.1165,2.6389,2.6914,-0.1175
346.810,map,2.6361,2.6933,-0.1165,2.6389,2.6914,-0.1175
346.910,map,2.6361,2.6933,-0.1165,2.6389,2.6914,-0.1175
347.010,map,2.6361,2.6933,-0.1165,2.6389,2.6914,-0.1175
347.110,map,2.6361,2.6933,-0.1165,2.6389,2.6914,-0.1175
347.210,map,2.6361,2.6933,-0.1165,2.6389,2.6914,-0.1175
347.310,map,2.6361,2.6933,-0.1165,2.6389,2.6914,-0.1175
347.410,map,2.6361,2.6933,-0.1165,2.6389,2.6914,-0.1175
347.510,map,2.6361,2.6933,-0.1165,2.6389,2.6914,-0.1175
347.610,map,2.6361,2.6933,-0.1165,2.6389,2.6914,-0.1175
347.710,map,2.6361,2.6933,-0.1165,2.6389,2.6914,-0.1175
347.810,map,2.6361,2.6933,-0.1165,2.6389,2.6914,-0.1175
347.910,map,2.6361,2.6933,-0.1165,2.6389,2.6914,-0.1175
348.010,map,2.6361,2.6933,-0.1165,2.6389,2.6914,-0.1175
348.110,map,2.6361,2.6933,-0.1165,2.6389,2.6914,-0.1175
348.210,map,2.6361,2.6933,-0.1165,2.6389,2.6914,-0.1175
348.310,map,2.6361,2.6933,-0.1165,2.6389,2.6914,-0.1175
348.410,map,2.6361,2.6933,-0.1165,2.6389,2.6914,-0.1175
348.510,map,2.6361,2.6933,-0.1165,2.6389,2.6914,-0.1175
348.610,map,2.6361,2.6933,-0.1165,2.6389,2.6914,-0.1175
348.710,map,2.6361,2.6933,-0.1165,2.6389,2.6914,-0.1175
348.810,map,2.6361,2.6933,-0.1165,2.6389,2.6914,-0.1175
348.910,map,2.6361,2.6933,-0.1165,2.6389,2.6914,-0.1175
349.010,map,2.6361,2.6933,-0.1165,2.6389,2.6914,-0.1175
349.110,map,2.6361,2.6933,-0.1165,2.6389,2.6914,-0.1175
349.210,map,2.6361,2.6933,-0.1165,2.6389,2.6914,-0.1175
349.310,map,2.6361,2.6933,-0.1165,2.6389,2.6914,-0.1175
349.410,map,2.6361,2.6933,-0.1165,2.6389,2.6914,-0.1175
349.510,map,2.6361,2.6933,-0.1165,2.6389,2.6914,-0.1175
349.610,map,2.6361,2.6933,-0.1165,2.6389,2.6914,-0.1175
349.710,map,2.6361,2.6933,-0.1165,2.6389,2.6914,-0.1175
349.810,map,2.6361,2.6933,-0.1165,2.6389,2.6914,-0.1175
349.910,map,2.6361,2.6933,-0.1165,2.6389,2.6914,-0.1175
350.010,map,2.6361,2.6933,-0.1165,2.6389,2.6914,-0.1175
350.110,map,2.6361,2.6933,-0.1165,2.6389,2.6914,-0.1175
350.210,map,2.6361,2.6933,-0.1165,2.6389,2.6914,-0.1175
350.310,map,2.6361,2.6933,-0.1165,2.6389,2.6914,-0.1175
350.410,map,2.6361,2.6933,-0.1165,2.6389,2.6914,-0.1175
350.510,map,2.6361,2.6933,-0.1165,2.6389,2.6914,-0.1175
350.610,map,2.6361,2.6933,-0.1165,2.6389,2.6914,-0.1175
350.710,map,2.6361,2.6933,-0.1165,2.6389,2.6914,-0.1175
350.810,map,2.6361,2.6933,-0.1165,2.6389,2.6914,-0.1175
350.910,map,2.6361,2.6933,-0.1165,2.6389,2.6914,-0.1175
351.010,map,2.6361,2.6933,-0.1165,2.6389,2.6914,-0.1175
351.110,map,2.6361,2.6933,-0.1165,2.6389,2.6914,-0.1175
351.210,map,2.6361,2.6933,-0.1165,2.6389,2.6914,-0.1175
351.310,map,2.6361,2.6933,-0.1165,2.6389,2.6914,-0.1175
351.410,map,2.6361,2.6933,-0.1165,2.6389,2.6914,-0.1175
351.510,map,2.6361,2.6933,-0.1165,2.6389,2.6914,-0.1175
351.610,map,2.6361,2.6933,-0.1165,2.6389,2.6914,-0.1175
351.710,map,2.6361,2.6933,-0.1165,2.6389,2.6914,-0.1175
351.810,map,2.6361,2.6933,-0.1165,2.6389,2.6914,-0.1175
351.910,map,2.6361,2.6933,-0.1165,2.6389,2.6914,-0.1175
352.010,map,2.6361,2.6933,-0.1165,2.6389,2.6914,-0.1175
352.110,map,2.6361,2.6933,-0.1165,2.6389,2.6914,-0.1175
352.210,map,2.6361,2.6933,-0.1165,2.6389,2.6914,-0.1175
352.310,map,2.6361,2.6933,-0.1165,2.6389,2.6914,-0.1175
352.410,map,2.6361,2.6933,-0.1165,2.6389,2.6914,-0.1175
352.510,map,2.6361,2.6933,-0.1165,2.6389,2.6914,-0.1175
352.610,map,2.6361,2.6933,-0.1165,2.6389,2.6914,-0.1175
352.710,map,2.6361,2.6933,-0.1165,2.6389,2.6914,-0.1175
352.810,map,2.6361,2.6933,-0.1165,2.6389,2.6914,-0.1175
352.910,map,2.6361,2.6933,-0.1165,2.6389,2.6914,-0.1175
353.010,map,2.6361,2.6933,-0.1165,2.6389,2.6914,-0.1175
353.110,map,2.6361,2.6933,-0.1165,2.6389,2.6914,-0.1175
353.210,map,2.6361,2.6933,-0.1165,2.6389,2.6914,-0.1175
353.310,map,2.6361,2.6933,-0.1165,2.6389,2.6914,-0.1175
353.410,map,2.6361,2.6933,-0.1165,2.6389,2.6914,-0.1175
353.510,map,2.6361,2.6933,-0.1165,2.6389,2.6914,-0.1175
353.610,map,2.6361,2.6933,-0.1165,2.6389,2.6914,-0.1175
353.710,map,2.6361,2.6933,-0.1165,2.6389,2.6914,-0.1175
353.810,map,2.6361,2.6933,-0.1165,2.6389,2.6914,-0.1175
353.910,map,2.6361,2.6933,-0.1165,2.6389,2.6914,-0.1175
354.010,map,2.6361,2.6933,-0.1165,2.6389,2.6914,-0.1175
354.110,map,2.6361,2.6933,-0.1165,2.6389,2.6914,-0.1175
354.210,map,2.6361,2.6933,-0.1165,2.6389,2.6914,-0.1175
354.310,map,2.6361,2.6933,-0.1165,2.6389,2.6914,-0.1175
354.410,map,2.6361,2.6933,-0.1165,2.6389,2.6914,-0.1175
354.510,map,2.6361,2.6933,-0.1165,2.6389,2.6914,-0.1175
354.610,map,2.6361,2.6933,-0.1165,2.6389,2.6914,-0.1175
354.710,map,2.6361,2.6933,-0.1165,2.6389,2.6914,-0.1175
354.810,map,2.6361,2.6933,-0.1165,2.6389,2.6914,-0.1175
354.910,map,2.6361,2.6933,-0.1165,2.6389,2.6914,-0.1175
355.010,map,2.6361,2.6933,-0.1165,2.6389,2.6914,-0.1175
355.110,map,2.6361,2.6933,-0.1165,2.6389,2.6914,-0.1175
355.210,map,2.6361,2.6933,-0.1165,2.6389,2.6914,-0.1175
355.310,map,2.6361,2.6933,-0.1165,2.6389,2.6914,-0.1175
355.410,map,2.6361,2.6933,-0.1165,2.6389,2.6914,-0.1175
355.510,map,2.6361,2.6933,-0.1165,2.6389,2.6914,-0.1175
355.610,map,2.6361,2.6933,-0.1165,2.6389,2.6914,-0.1175
355.710,map,2.6361,2.6933,-0.1165,2.6389,2.6914,-0.1175
355.810,map,2.6361,2.6933,-0.1165,2.6389,2.6914,-0.1175
355.910,map,2.6361,2.6933,-0.1165,2.6389,2.6914,-0.1175
356.010,map,2.6361,2.6933,-0.1165,2.6389,2.6914,-0.1175
356.110,map,2.6361,2.6933,-0.1165,2.6389,2.6914,-0.1175
356.210,map,2.6361,2.6933,-0.1165,2.6389,2.6914,-0.1175
356.310,map,2.6361,2.6933,-0.1165,2.6389,2.6914,-0.1175
356.410,map,2.6361,2.6933,-0.1165,2.6389,2.6914,-0.1175
356.510,map,2.6361,2.6933,-0.1165,2.6389,2.6914,-0.1175
356.610,map,2.6361,2.6933,-0.1165,2.6389,2.6914,-0.1175
356.710,map,2.6361,2.6933,-0.1165,2.6389,2.6914,-0.1175
356.810,map,2.6361,2.6933,-0.1165,2.6389,2.6914,-0.1175
356.910,map,2.6361,2.6933,-0.1165,2.6389,2.6914,-0.1175
357.010,map,2.6361,2.6933,-0.1165,2.6389,2.6914,-0.1175
357.110,map,2.6361,2.6933,-0.1165,2.6389,2.6914,-0.1175
357.210,map,2.6361,2.6933,-0.1165,2.6389,2.6914,-0.1175
357.310,map,2.6361,2.6933,-0.1165,2.6389,2.6914,-0.1175
357.410,map,2.6361,2.6933,-0.1165,2.6389,2.6914,-0.1175
357.510,map,2.6361,2.6933,-0.1165,2.6389,2.6914,-0.1175
357.610,map,2.6361,2.6933,-0.1165,2.6389,2.6914,-0.1175
357.710,map,2.6361,2.6933,-0.1165,2.6389,2.6914,-0.1175
357.810,map,2.6361,2.6933,-0.1165,2.6389,2.6914,-0.1175
357.910,map,2.6361,2.6933,-0.1165,2.6389,2.6914,-0.1175
358.010,map,2.6361,2.6933,-0.1165,2.6389,2.6914,-0.1175
358.110,map,2.6361,2.6933,-0.1165,2.6389,2.6914,-0.1175
358.210,map,2.6361,2.6933,-0.1165,2.6389,2.6914,-0.1175
358.310,map,2.6361,2.6933,-0.1165,2.6389,2.6914,-0.1175
358.410,map,2.6361,2.6933,-0.1165,2.6389,2.6914,-0.1175
358.510,map,2.6361,2.6933,-0.1165,2.6389,2.6914,-0.1175
358.610,map,2.6361,2.6933,-0.1165,2.6389,2.6914,-0.1175
358.710,map,2.6361,2.6933,-0.1165,2.6389,2.6914,-0.1175
358.810,map,2.6361,2.6933,-0.1165,2.6389,2.6914,-0.1175
358.910,map,2.6361,2.6933,-0.1165,2.6389,2.6914,-0.1175
359.010,map,2.6361,2.6933,-0.1165,2.6389,2.6914,-0.1175
359.110,map,2.6361,2.6933,-0.1165,2.6389,2.6914,-0.1175
